customer_id,Recency,Frequency,Monetary,R_Score,F_Score,M_Score,Segment
C00001,13,6,9924.75,5,5,4,Champions
C00002,167,2,1455.75,1,1,1,Hibernating
C00003,111,6,20321.5,2,5,5,At Risk
C00004,193,1,2219.2,1,1,1,Hibernating
C00005,19,3,5635.9,5,2,2,Potential Loyalists
C00006,102,2,7952.9,2,1,3,Hibernating
C00007,2,3,8828.5,5,2,3,Potential Loyalists
C00008,132,5,10222.05,2,4,4,At Risk
C00009,81,5,11093.75,3,4,4,Loyal Customers
C00010,150,2,2124.0,2,1,1,Hibernating
C00011,53,4,13415.0,4,3,4,Loyal Customers
C00013,7,3,3214.5,5,2,1,Potential Loyalists
C00014,350,1,1125.2,1,1,1,Hibernating
C00015,45,4,18493.8,4,3,5,Loyal Customers
C00016,43,2,3159.0,4,1,1,Potential Loyalists
C00017,91,2,8972.8,3,1,3,Hibernating
C00018,100,3,8268.55,2,2,3,Hibernating
C00019,245,2,2428.9,1,1,1,Hibernating
C00020,63,5,20534.899999999998,3,4,5,Loyal Customers
C00021,14,7,28349.7,5,5,5,Champions
C00022,182,4,6251.0,1,3,2,At Risk
C00023,71,5,10458.1,3,4,4,Loyal Customers
C00024,50,1,1860.95,4,1,1,Potential Loyalists
C00025,148,5,13390.05,2,4,4,At Risk
C00026,47,2,6112.3,4,1,2,Potential Loyalists
C00028,93,1,1550.4,3,1,1,Hibernating
C00029,166,3,7651.5,1,2,3,Hibernating
C00030,166,4,15083.15,1,3,5,At Risk
C00031,119,4,14367.699999999999,2,3,5,At Risk
C00032,160,1,1952.3,2,1,1,Hibernating
C00033,163,2,4158.3,1,1,2,Hibernating
C00034,30,5,19655.6,4,4,5,Champions
C00035,124,3,6986.05,2,2,3,Hibernating
C00036,5,5,7341.7,5,4,3,Loyal Customers
C00037,19,4,14390.25,5,3,5,Loyal Customers
C00038,11,4,13164.35,5,3,4,Loyal Customers
C00039,224,3,7541.549999999999,1,2,3,Hibernating
C00040,76,3,6903.7,3,2,3,Hibernating
C00041,114,1,1577.6,2,1,1,Hibernating
C00042,213,3,8088.25,1,2,3,Hibernating
C00043,112,5,16331.2,2,4,5,At Risk
C00044,14,1,1736.8,5,1,1,Potential Loyalists
C00045,77,4,10562.4,3,3,4,Loyal Customers
C00046,3,8,28482.45,5,5,5,Champions
C00047,100,4,7411.3,2,3,3,At Risk
C00048,50,6,16330.45,4,5,5,Champions
C00049,48,2,5274.05,4,1,2,Potential Loyalists
C00050,30,2,6936.799999999999,4,1,3,Potential Loyalists
C00051,80,4,4490.85,3,3,2,Loyal Customers
C00052,89,1,3432.8,3,1,1,Hibernating
C00053,102,2,10664.399999999998,2,1,4,Hibernating
C00054,105,5,21298.9,2,4,5,At Risk
C00055,84,4,20128.7,3,3,5,Loyal Customers
C00056,14,5,9183.800000000001,5,4,3,Loyal Customers
C00057,226,2,3112.7,1,1,1,Hibernating
C00058,211,5,6900.35,1,4,3,At Risk
C00059,2,4,18683.7,5,3,5,Loyal Customers
C00060,208,5,16199.600000000002,1,4,5,At Risk
C00061,10,4,13808.599999999999,5,3,4,Loyal Customers
C00062,117,4,7475.6,2,3,3,At Risk
C00063,109,4,9620.9,2,3,3,At Risk
C00064,70,3,5490.8,3,2,2,Hibernating
C00065,43,9,30189.3,4,5,5,Champions
C00066,212,1,5679.0,1,1,2,Hibernating
C00067,80,6,28956.1,3,5,5,Loyal Customers
C00068,117,1,625.8,2,1,1,Hibernating
C00069,46,5,12627.95,4,4,4,Champions
C00070,62,2,1100.1,3,1,1,Hibernating
C00071,86,2,2553.55,3,1,1,Hibernating
C00072,288,1,1632.75,1,1,1,Hibernating
C00073,44,4,19623.75,4,3,5,Loyal Customers
C00074,168,2,1820.05,1,1,1,Hibernating
C00075,31,7,13832.2,4,5,4,Champions
C00076,295,2,4262.4,1,1,2,Hibernating
C00077,4,2,1914.4,5,1,1,Potential Loyalists
C00078,41,3,6705.6,4,2,2,Potential Loyalists
C00079,299,1,485.1,1,1,1,Hibernating
C00080,9,6,14479.25,5,5,5,Champions
C00081,292,2,13638.5,1,1,4,Hibernating
C00082,57,4,10987.15,3,3,4,Loyal Customers
C00083,9,4,6972.85,5,3,3,Loyal Customers
C00084,12,3,9780.099999999999,5,2,3,Potential Loyalists
C00085,1,4,10558.0,5,3,4,Loyal Customers
C00086,8,7,14654.1,5,5,5,Champions
C00087,83,6,8699.25,3,5,3,Loyal Customers
C00088,15,5,11917.5,5,4,4,Champions
C00089,205,4,10585.5,1,3,4,At Risk
C00090,187,1,1473.0,1,1,1,Hibernating
C00091,132,5,9428.1,2,4,3,At Risk
C00092,45,3,8571.95,4,2,3,Potential Loyalists
C00093,22,5,13064.0,5,4,4,Champions
C00094,98,2,3793.6000000000004,2,1,1,Hibernating
C00095,47,4,8337.5,4,3,3,Loyal Customers
C00096,13,7,13732.95,5,5,4,Champions
C00097,65,3,7698.6,3,2,3,Hibernating
C00098,235,1,3135.75,1,1,1,Hibernating
C00099,31,5,20868.7,4,4,5,Champions
C00100,19,3,2027.15,5,2,1,Potential Loyalists
C00101,136,4,11995.150000000001,2,3,4,At Risk
C00102,7,2,3653.55,5,1,1,Potential Loyalists
C00104,45,3,11209.4,4,2,4,Potential Loyalists
C00105,53,5,13883.800000000001,4,4,4,Champions
C00106,292,3,3988.25,1,2,1,Hibernating
C00107,8,1,3350.25,5,1,1,Potential Loyalists
C00108,177,1,2246.5,1,1,1,Hibernating
C00109,30,1,2012.0,4,1,1,Potential Loyalists
C00110,213,3,5373.8,1,2,2,Hibernating
C00111,39,6,10945.7,4,5,4,Champions
C00112,22,5,11369.75,5,4,4,Champions
C00113,122,2,7238.6,2,1,3,Hibernating
C00114,33,3,5271.6,4,2,2,Potential Loyalists
C00115,227,1,757.2,1,1,1,Hibernating
C00116,66,3,8230.1,3,2,3,Hibernating
C00117,12,6,12112.25,5,5,4,Champions
C00118,49,2,5313.35,4,1,2,Potential Loyalists
C00119,359,1,1429.6,1,1,1,Hibernating
C00120,75,5,7549.3,3,4,3,Loyal Customers
C00121,305,1,2952.3,1,1,1,Hibernating
C00122,59,3,9798.9,3,2,3,Hibernating
C00123,29,4,6540.2,4,3,2,Loyal Customers
C00124,80,3,6572.95,3,2,2,Hibernating
C00125,181,4,12156.1,1,3,4,At Risk
C00126,93,3,7391.9,3,2,3,Hibernating
C00127,197,2,2285.35,1,1,1,Hibernating
C00128,16,4,23329.35,5,3,5,Loyal Customers
C00129,10,4,12089.3,5,3,4,Loyal Customers
C00130,200,2,3585.6,1,1,1,Hibernating
C00131,1,3,6779.799999999999,5,2,2,Potential Loyalists
C00133,55,4,3761.95,3,3,1,Loyal Customers
C00134,60,2,3819.9,3,1,1,Hibernating
C00135,96,4,16081.0,2,3,5,At Risk
C00136,112,4,7676.9,2,3,3,At Risk
C00137,37,4,4038.5,4,3,2,Loyal Customers
C00138,83,1,2382.0,3,1,1,Hibernating
C00139,28,4,12412.2,4,3,4,Loyal Customers
C00140,89,4,6183.75,3,3,2,Loyal Customers
C00141,93,2,3634.5,3,1,1,Hibernating
C00142,132,3,6231.299999999999,2,2,2,Hibernating
C00143,157,2,5224.6,2,1,2,Hibernating
C00144,60,5,13443.5,3,4,4,Loyal Customers
C00145,317,2,2968.35,1,1,1,Hibernating
C00146,72,5,10908.3,3,4,4,Loyal Customers
C00147,40,4,5341.3,4,3,2,Loyal Customers
C00149,69,2,3012.0,3,1,1,Hibernating
C00150,54,4,7808.199999999999,3,3,3,Loyal Customers
C00151,304,2,4739.9,1,1,2,Hibernating
C00152,24,12,32942.049999999996,4,5,5,Champions
C00153,70,5,8372.4,3,4,3,Loyal Customers
C00154,34,3,4927.8,4,2,2,Potential Loyalists
C00155,135,1,3355.1,2,1,1,Hibernating
C00156,40,3,9174.1,4,2,3,Potential Loyalists
C00157,2,5,14484.399999999998,5,4,5,Champions
C00158,79,3,6516.3,3,2,2,Hibernating
C00159,103,2,1873.85,2,1,1,Hibernating
C00160,129,2,4576.0,2,1,2,Hibernating
C00161,132,5,11668.9,2,4,4,At Risk
C00162,38,4,10035.6,4,3,4,Loyal Customers
C00163,184,7,18132.8,1,5,5,At Risk
C00164,220,3,7813.5,1,2,3,Hibernating
C00165,93,6,16115.8,3,5,5,Loyal Customers
C00166,143,6,17068.5,2,5,5,At Risk
C00167,176,4,15110.0,1,3,5,At Risk
C00168,50,4,6537.999999999999,4,3,2,Loyal Customers
C00169,65,3,8701.2,3,2,3,Hibernating
C00170,23,4,10782.4,5,3,4,Loyal Customers
C00171,42,2,3522.25,4,1,1,Potential Loyalists
C00172,26,5,26687.0,4,4,5,Champions
C00174,57,4,18911.75,3,3,5,Loyal Customers
C00175,100,3,8632.6,2,2,3,Hibernating
C00176,27,3,10705.6,4,2,4,Potential Loyalists
C00177,79,2,4364.55,3,1,2,Hibernating
C00178,94,2,5331.5,3,1,2,Hibernating
C00179,61,1,1342.5,3,1,1,Hibernating
C00180,48,3,13465.8,4,2,4,Potential Loyalists
C00181,105,2,4414.75,2,1,2,Hibernating
C00182,161,5,15568.0,1,4,5,At Risk
C00183,19,3,12942.0,5,2,4,Potential Loyalists
C00184,182,2,5393.75,1,1,2,Hibernating
C00185,141,3,9976.25,2,2,4,Hibernating
C00186,105,4,10618.7,2,3,4,At Risk
C00187,1,2,5472.75,5,1,2,Potential Loyalists
C00188,13,5,18025.95,5,4,5,Champions
C00189,9,3,7650.1,5,2,3,Potential Loyalists
C00190,223,5,12482.6,1,4,4,At Risk
C00191,80,3,9143.6,3,2,3,Hibernating
C00192,234,3,15230.5,1,2,5,Hibernating
C00193,93,3,6172.6,3,2,2,Hibernating
C00194,121,3,20764.95,2,2,5,Hibernating
C00195,137,4,7170.55,2,3,3,At Risk
C00196,87,3,13220.7,3,2,4,Hibernating
C00197,185,2,1677.0,1,1,1,Hibernating
C00198,73,4,4642.0,3,3,2,Loyal Customers
C00199,21,3,7918.6,5,2,3,Potential Loyalists
C00200,181,2,2721.3999999999996,1,1,1,Hibernating
C00201,51,5,8589.55,4,4,3,Loyal Customers
C00202,309,1,991.6,1,1,1,Hibernating
C00203,86,2,5573.4,3,1,2,Hibernating
C00204,248,2,3519.6,1,1,1,Hibernating
C00206,204,1,3581.6,1,1,1,Hibernating
C00207,79,4,12536.7,3,3,4,Loyal Customers
C00208,81,5,11808.45,3,4,4,Loyal Customers
C00209,87,2,3740.8,3,1,1,Hibernating
C00210,42,8,14007.25,4,5,4,Champions
C00211,113,3,7271.4,2,2,3,Hibernating
C00212,17,8,25954.5,5,5,5,Champions
C00213,93,3,5876.55,3,2,2,Hibernating
C00214,183,5,6045.8,1,4,2,At Risk
C00215,137,3,3486.65,2,2,1,Hibernating
C00216,95,4,5189.049999999999,2,3,2,At Risk
C00217,15,6,21409.5,5,5,5,Champions
C00218,79,3,8498.9,3,2,3,Hibernating
C00219,78,2,4887.8,3,1,2,Hibernating
C00220,76,5,9859.6,3,4,4,Loyal Customers
C00221,39,5,7312.1,4,4,3,Loyal Customers
C00222,98,6,17068.8,2,5,5,At Risk
C00224,134,3,15967.4,2,2,5,Hibernating
C00225,59,8,21360.1,3,5,5,Loyal Customers
C00226,100,2,4530.15,2,1,2,Hibernating
C00227,47,6,10395.95,4,5,4,Champions
C00228,102,4,6205.15,2,3,2,At Risk
C00229,360,1,2230.15,1,1,1,Hibernating
C00230,16,2,4060.65,5,1,2,Potential Loyalists
C00231,23,6,13040.3,5,5,4,Champions
C00232,34,4,9536.35,4,3,3,Loyal Customers
C00233,88,3,2207.7,3,2,1,Hibernating
C00234,66,4,15831.949999999999,3,3,5,Loyal Customers
C00235,49,2,13016.4,4,1,4,Potential Loyalists
C00236,36,2,2879.35,4,1,1,Potential Loyalists
C00237,9,2,3818.55,5,1,1,Potential Loyalists
C00238,11,8,21167.45,5,5,5,Champions
C00239,109,2,5442.9,2,1,2,Hibernating
C00240,227,3,3922.7,1,2,1,Hibernating
C00241,60,5,15143.15,3,4,5,Loyal Customers
C00242,29,3,4689.9,4,2,2,Potential Loyalists
C00243,11,4,15396.7,5,3,5,Loyal Customers
C00244,89,5,11581.8,3,4,4,Loyal Customers
C00245,279,2,3648.0,1,1,1,Hibernating
C00246,20,6,23290.449999999997,5,5,5,Champions
C00247,73,4,8968.45,3,3,3,Loyal Customers
C00248,102,3,5039.2,2,2,2,Hibernating
C00249,127,4,11724.45,2,3,4,At Risk
C00250,43,2,3357.8,4,1,1,Potential Loyalists
C00251,232,3,10568.800000000001,1,2,4,Hibernating
C00252,17,5,15052.2,5,4,5,Champions
C00253,26,8,14654.199999999999,4,5,5,Champions
C00254,127,2,8560.2,2,1,3,Hibernating
C00255,130,2,4541.85,2,1,2,Hibernating
C00256,119,1,1824.9,2,1,1,Hibernating
C00257,145,3,12042.6,2,2,4,Hibernating
C00258,118,1,1900.5,2,1,1,Hibernating
C00259,12,4,8828.2,5,3,3,Loyal Customers
C00260,28,5,10698.25,4,4,4,Champions
C00261,170,2,8069.7,1,1,3,Hibernating
C00262,179,2,3315.7,1,1,1,Hibernating
C00263,176,4,18089.9,1,3,5,At Risk
C00264,97,2,3670.1000000000004,2,1,1,Hibernating
C00265,95,2,4393.7,2,1,2,Hibernating
C00266,104,5,12300.05,2,4,4,At Risk
C00267,7,4,10122.2,5,3,4,Loyal Customers
C00268,37,4,13238.2,4,3,4,Loyal Customers
C00269,1,1,1126.0,5,1,1,Potential Loyalists
C00271,10,4,17122.2,5,3,5,Loyal Customers
C00272,250,1,1377.6,1,1,1,Hibernating
C00273,5,3,5628.0,5,2,2,Potential Loyalists
C00274,13,6,14008.1,5,5,4,Champions
C00275,226,2,5335.95,1,1,2,Hibernating
C00276,41,5,16684.8,4,4,5,Champions
C00277,39,3,9415.95,4,2,3,Potential Loyalists
C00279,23,4,12482.2,5,3,4,Loyal Customers
C00280,54,3,7208.6,3,2,3,Hibernating
C00281,266,1,2033.1,1,1,1,Hibernating
C00282,200,2,9976.2,1,1,4,Hibernating
C00283,2,3,7373.15,5,2,3,Potential Loyalists
C00285,136,2,11947.800000000001,2,1,4,Hibernating
C00286,89,4,12497.45,3,3,4,Loyal Customers
C00288,169,6,12404.35,1,5,4,At Risk
C00289,351,1,3221.1,1,1,1,Hibernating
C00290,4,1,3519.2,5,1,1,Potential Loyalists
C00291,21,3,5455.2,5,2,2,Potential Loyalists
C00292,31,4,6126.2,4,3,2,Loyal Customers
C00293,43,4,6925.1,4,3,3,Loyal Customers
C00294,1,4,4603.6,5,3,2,Loyal Customers
C00295,53,2,7372.6,4,1,3,Potential Loyalists
C00296,96,3,1082.6999999999998,2,2,1,Hibernating
C00297,66,1,1170.45,3,1,1,Hibernating
C00298,138,1,3682.5,2,1,1,Hibernating
C00299,75,3,4854.4,3,2,2,Hibernating
C00300,71,3,3943.9,3,2,1,Hibernating
C00301,26,3,14819.0,4,2,5,Potential Loyalists
C00302,206,2,6008.799999999999,1,1,2,Hibernating
C00303,149,3,4208.4,2,2,2,Hibernating
C00304,38,4,6428.5,4,3,2,Loyal Customers
C00305,194,2,4686.65,1,1,2,Hibernating
C00306,36,1,3473.6,4,1,1,Potential Loyalists
C00307,36,4,20737.05,4,3,5,Loyal Customers
C00308,166,1,3076.0,1,1,1,Hibernating
C00309,109,8,37921.65,2,5,5,At Risk
C00310,52,2,3174.5,4,1,1,Potential Loyalists
C00311,158,1,1377.5,2,1,1,Hibernating
C00312,127,4,7912.75,2,3,3,At Risk
C00313,53,2,8547.150000000001,4,1,3,Potential Loyalists
C00314,193,5,21507.15,1,4,5,At Risk
C00315,37,4,7732.1,4,3,3,Loyal Customers
C00316,154,3,8205.15,2,2,3,Hibernating
C00317,164,5,9705.55,1,4,3,At Risk
C00318,10,5,16732.5,5,4,5,Champions
C00319,53,3,9075.1,4,2,3,Potential Loyalists
C00320,155,2,6959.3,2,1,3,Hibernating
C00321,18,4,6733.7,5,3,2,Loyal Customers
C00322,87,2,7101.2,3,1,3,Hibernating
C00323,73,3,4824.6,3,2,2,Hibernating
C00324,199,2,5426.700000000001,1,1,2,Hibernating
C00325,13,5,11676.05,5,4,4,Champions
C00326,41,4,15893.899999999998,4,3,5,Loyal Customers
C00327,108,1,4103.4,2,1,2,Hibernating
C00328,23,5,7762.1,5,4,3,Loyal Customers
C00329,38,3,9233.25,4,2,3,Potential Loyalists
C00330,48,6,18606.85,4,5,5,Champions
C00331,99,3,10536.4,2,2,4,Hibernating
C00332,12,3,4780.4,5,2,2,Potential Loyalists
C00333,229,3,4535.35,1,2,2,Hibernating
C00334,114,3,4653.5,2,2,2,Hibernating
C00335,4,3,3765.3500000000004,5,2,1,Potential Loyalists
C00336,8,4,9230.8,5,3,3,Loyal Customers
C00337,13,4,7140.65,5,3,3,Loyal Customers
C00338,110,3,7710.9,2,2,3,Hibernating
C00339,40,3,6031.0,4,2,2,Potential Loyalists
C00340,11,8,16368.75,5,5,5,Champions
C00341,58,3,6600.95,3,2,2,Hibernating
C00342,4,4,16022.900000000001,5,3,5,Loyal Customers
C00343,128,6,25946.25,2,5,5,At Risk
C00344,115,6,9328.6,2,5,3,At Risk
C00345,11,4,10479.2,5,3,4,Loyal Customers
C00346,218,3,6296.85,1,2,2,Hibernating
C00347,109,4,7586.1,2,3,3,At Risk
C00348,77,5,8209.65,3,4,3,Loyal Customers
C00349,30,5,6239.6,4,4,2,Loyal Customers
C00350,29,6,17896.7,4,5,5,Champions
C00351,16,7,19103.75,5,5,5,Champions
C00352,124,3,9877.5,2,2,4,Hibernating
C00353,186,4,6301.55,1,3,2,At Risk
C00354,175,3,9215.9,1,2,3,Hibernating
C00355,8,5,16596.0,5,4,5,Champions
C00356,36,6,19585.3,4,5,5,Champions
C00357,140,5,11416.3,2,4,4,At Risk
C00358,2,4,13935.65,5,3,4,Loyal Customers
C00359,40,4,13237.7,4,3,4,Loyal Customers
C00360,95,4,10324.0,2,3,4,At Risk
C00361,59,3,8297.2,3,2,3,Hibernating
C00362,4,3,9709.300000000001,5,2,3,Potential Loyalists
C00363,110,3,3581.05,2,2,1,Hibernating
C00364,53,6,10094.65,4,5,4,Champions
C00365,55,2,5458.4,3,1,2,Hibernating
C00366,78,3,7594.3,3,2,3,Hibernating
C00367,69,4,11049.15,3,3,4,Loyal Customers
C00368,34,5,9762.15,4,4,3,Loyal Customers
C00369,35,3,5426.900000000001,4,2,2,Potential Loyalists
C00370,216,2,2569.45,1,1,1,Hibernating
C00371,246,3,8158.7,1,2,3,Hibernating
C00372,29,5,12023.3,4,4,4,Champions
C00373,51,4,9683.35,4,3,3,Loyal Customers
C00374,32,5,11094.2,4,4,4,Champions
C00375,330,1,3222.4,1,1,1,Hibernating
C00376,79,6,9334.45,3,5,3,Loyal Customers
C00377,177,1,268.1,1,1,1,Hibernating
C00378,72,6,14055.400000000001,3,5,4,Loyal Customers
C00379,24,3,9317.9,4,2,3,Potential Loyalists
C00380,88,1,477.0,3,1,1,Hibernating
C00381,98,3,8396.2,2,2,3,Hibernating
C00382,218,2,1953.6,1,1,1,Hibernating
C00383,50,2,4123.4,4,1,2,Potential Loyalists
C00384,51,8,13381.900000000001,4,5,4,Champions
C00385,60,3,5267.0,3,2,2,Hibernating
C00386,29,6,20096.1,4,5,5,Champions
C00387,50,4,13696.900000000001,4,3,4,Loyal Customers
C00388,13,5,11748.6,5,4,4,Champions
C00389,245,2,2796.8,1,1,1,Hibernating
C00390,109,1,1900.8,2,1,1,Hibernating
C00391,86,5,14306.8,3,4,5,Loyal Customers
C00392,47,3,4034.8,4,2,2,Potential Loyalists
C00393,143,3,13135.7,2,2,4,Hibernating
C00394,10,4,8406.45,5,3,3,Loyal Customers
C00395,201,2,3793.25,1,1,1,Hibernating
C00396,84,2,3471.3,3,1,1,Hibernating
C00397,264,1,3032.3999999999996,1,1,1,Hibernating
C00398,213,3,3935.7000000000003,1,2,1,Hibernating
C00399,30,5,13962.9,4,4,4,Champions
C00400,350,1,11923.2,1,1,4,Hibernating
C00401,56,2,5796.4,3,1,2,Hibernating
C00402,66,5,16985.6,3,4,5,Loyal Customers
C00403,59,7,24466.7,3,5,5,Loyal Customers
C00404,117,4,3990.25,2,3,1,At Risk
C00405,20,7,11411.6,5,5,4,Champions
C00406,103,4,9553.05,2,3,3,At Risk
C00407,61,5,13099.65,3,4,4,Loyal Customers
C00408,9,6,15144.7,5,5,5,Champions
C00409,95,4,11051.25,2,3,4,At Risk
C00410,151,4,6723.35,2,3,2,At Risk
C00411,171,3,4778.25,1,2,2,Hibernating
C00412,37,2,8531.650000000001,4,1,3,Potential Loyalists
C00414,320,2,1139.5,1,1,1,Hibernating
C00415,128,2,14320.8,2,1,5,Hibernating
C00416,354,1,7866.0,1,1,3,Hibernating
C00417,119,3,13155.25,2,2,4,Hibernating
C00418,9,5,10053.3,5,4,4,Champions
C00419,163,1,2734.5,1,1,1,Hibernating
C00420,23,5,20926.65,5,4,5,Champions
C00421,88,3,11151.25,3,2,4,Hibernating
C00422,261,2,2986.0,1,1,1,Hibernating
C00423,13,4,9515.9,5,3,3,Loyal Customers
C00424,110,3,7216.0,2,2,3,Hibernating
C00425,2,4,5390.85,5,3,2,Loyal Customers
C00426,121,1,392.6,2,1,1,Hibernating
C00427,98,1,2115.75,2,1,1,Hibernating
C00429,112,3,14068.0,2,2,4,Hibernating
C00430,188,2,2742.75,1,1,1,Hibernating
C00431,234,3,7591.8,1,2,3,Hibernating
C00432,9,5,14360.199999999999,5,4,5,Champions
C00433,77,5,6550.05,3,4,2,Loyal Customers
C00434,79,2,4376.8,3,1,2,Hibernating
C00435,7,5,18383.25,5,4,5,Champions
C00436,102,2,3062.25,2,1,1,Hibernating
C00437,20,3,20483.2,5,2,5,Potential Loyalists
C00438,56,7,16481.4,3,5,5,Loyal Customers
C00439,28,7,15944.85,4,5,5,Champions
C00440,65,2,5129.85,3,1,2,Hibernating
C00441,308,1,1287.65,1,1,1,Hibernating
C00442,60,5,6139.4,3,4,2,Loyal Customers
C00443,196,1,2543.2,1,1,1,Hibernating
C00444,252,1,2259.3,1,1,1,Hibernating
C00445,22,4,18735.7,5,3,5,Loyal Customers
C00446,58,2,6133.75,3,1,2,Hibernating
C00447,3,7,29753.000000000004,5,5,5,Champions
C00448,7,7,10705.45,5,5,4,Champions
C00449,329,1,1505.0,1,1,1,Hibernating
C00450,14,7,18056.0,5,5,5,Champions
C00451,80,4,7128.200000000001,3,3,3,Loyal Customers
C00452,45,4,12977.85,4,3,4,Loyal Customers
C00453,63,6,9109.8,3,5,3,Loyal Customers
C00454,8,2,5747.95,5,1,2,Potential Loyalists
C00455,86,2,3989.2,3,1,1,Hibernating
C00456,44,4,6969.7,4,3,3,Loyal Customers
C00457,36,1,3747.2,4,1,1,Potential Loyalists
C00458,30,3,6073.5,4,2,2,Potential Loyalists
C00459,24,2,15535.05,4,1,5,Potential Loyalists
C00460,17,3,7786.5,5,2,3,Potential Loyalists
C00461,334,1,1882.5,1,1,1,Hibernating
C00462,26,2,3689.0,4,1,1,Potential Loyalists
C00463,83,4,8953.5,3,3,3,Loyal Customers
C00464,34,7,12811.85,4,5,4,Champions
C00465,257,3,10894.8,1,2,4,Hibernating
C00466,166,5,14714.0,1,4,5,At Risk
C00467,74,3,16394.6,3,2,5,Hibernating
C00468,17,4,7393.45,5,3,3,Loyal Customers
C00469,243,2,6493.5,1,1,2,Hibernating
C00470,5,6,13055.550000000001,5,5,4,Champions
C00471,48,3,12156.25,4,2,4,Potential Loyalists
C00472,90,2,9302.849999999999,3,1,3,Hibernating
C00473,20,3,15054.2,5,2,5,Potential Loyalists
C00474,69,6,15040.45,3,5,5,Loyal Customers
C00475,199,4,11208.6,1,3,4,At Risk
C00476,20,7,17314.6,5,5,5,Champions
C00477,142,8,17509.45,2,5,5,At Risk
C00478,136,2,2308.85,2,1,1,Hibernating
C00479,184,4,8065.6,1,3,3,At Risk
C00480,7,3,6950.95,5,2,3,Potential Loyalists
C00481,37,4,14715.7,4,3,5,Loyal Customers
C00482,249,2,5859.200000000001,1,1,2,Hibernating
C00483,34,6,10217.7,4,5,4,Champions
C00484,10,2,15446.699999999999,5,1,5,Potential Loyalists
C00485,55,5,9153.55,3,4,3,Loyal Customers
C00486,28,3,8361.0,4,2,3,Potential Loyalists
C00487,35,2,5279.6,4,1,2,Potential Loyalists
C00488,190,4,11980.349999999999,1,3,4,At Risk
C00489,319,1,2489.2,1,1,1,Hibernating
C00490,321,1,2646.0,1,1,1,Hibernating
C00491,224,1,2508.0,1,1,1,Hibernating
C00492,13,4,4411.5,5,3,2,Loyal Customers
C00493,35,2,2501.2,4,1,1,Potential Loyalists
C00494,12,5,16767.35,5,4,5,Champions
C00495,95,2,5165.2,2,1,2,Hibernating
C00496,133,3,4330.75,2,2,2,Hibernating
C00497,330,2,4685.45,1,1,2,Hibernating
C00498,95,4,14626.599999999999,2,3,5,At Risk
C00499,86,3,17609.15,3,2,5,Hibernating
C00500,31,4,13663.8,4,3,4,Loyal Customers
C00501,35,3,18686.2,4,2,5,Potential Loyalists
C00502,32,4,13028.45,4,3,4,Loyal Customers
C00503,184,4,9577.65,1,3,3,At Risk
C00504,128,1,2656.8,2,1,1,Hibernating
C00505,285,1,1273.3,1,1,1,Hibernating
C00506,249,2,14001.150000000001,1,1,4,Hibernating
C00507,83,1,2899.0,3,1,1,Hibernating
C00508,193,1,931.95,1,1,1,Hibernating
C00509,53,4,19354.0,4,3,5,Loyal Customers
C00510,50,4,18254.25,4,3,5,Loyal Customers
C00511,161,4,17979.15,1,3,5,At Risk
C00512,84,5,15451.7,3,4,5,Loyal Customers
C00513,8,6,27096.0,5,5,5,Champions
C00514,140,2,4398.0,2,1,2,Hibernating
C00515,34,7,19126.45,4,5,5,Champions
C00516,142,3,6422.55,2,2,2,Hibernating
C00517,8,2,3245.65,5,1,1,Potential Loyalists
C00518,86,4,10130.55,3,3,4,Loyal Customers
C00519,64,1,2352.0,3,1,1,Hibernating
C00520,10,5,19681.4,5,4,5,Champions
C00521,56,3,6692.9,3,2,2,Hibernating
C00522,84,5,14466.2,3,4,5,Loyal Customers
C00523,68,5,8525.55,3,4,3,Loyal Customers
C00524,220,4,5701.4,1,3,2,At Risk
C00525,8,4,8080.0,5,3,3,Loyal Customers
C00526,98,1,7624.5,2,1,3,Hibernating
C00527,61,7,24970.95,3,5,5,Loyal Customers
C00528,58,9,25617.35,3,5,5,Loyal Customers
C00529,357,1,1406.4,1,1,1,Hibernating
C00530,17,6,10106.25,5,5,4,Champions
C00531,30,4,6369.4,4,3,2,Loyal Customers
C00532,58,7,11903.9,3,5,4,Loyal Customers
C00533,61,4,8033.85,3,3,3,Loyal Customers
C00534,3,4,24383.7,5,3,5,Loyal Customers
C00535,89,3,14196.6,3,2,4,Hibernating
C00536,43,2,12509.8,4,1,4,Potential Loyalists
C00537,115,6,39239.5,2,5,5,At Risk
C00538,63,3,5630.85,3,2,2,Hibernating
C00539,100,2,2106.0,2,1,1,Hibernating
C00540,33,7,22026.0,4,5,5,Champions
C00541,12,7,14915.55,5,5,5,Champions
C00542,62,5,10489.75,3,4,4,Loyal Customers
C00543,13,7,14237.15,5,5,4,Champions
C00544,7,5,12839.7,5,4,4,Champions
C00545,28,2,6073.799999999999,4,1,2,Potential Loyalists
C00546,237,2,4727.549999999999,1,1,2,Hibernating
C00547,23,4,11073.55,5,3,4,Loyal Customers
C00548,41,3,10940.6,4,2,4,Potential Loyalists
C00549,26,6,10500.45,4,5,4,Champions
C00550,109,4,3711.5,2,3,1,At Risk
C00551,115,3,4721.4,2,2,2,Hibernating
C00552,185,2,2118.75,1,1,1,Hibernating
C00553,145,3,6827.200000000001,2,2,3,Hibernating
C00554,142,2,6948.75,2,1,3,Hibernating
C00555,11,3,8979.2,5,2,3,Potential Loyalists
C00556,287,5,12946.6,1,4,4,At Risk
C00557,220,3,5216.7,1,2,2,Hibernating
C00558,30,10,28319.7,4,5,5,Champions
C00559,6,5,11446.6,5,4,4,Champions
C00560,5,7,17108.95,5,5,5,Champions
C00561,224,3,4043.95,1,2,2,Hibernating
C00562,57,4,10628.0,3,3,4,Loyal Customers
C00563,13,2,3963.6,5,1,1,Potential Loyalists
C00564,17,3,7580.85,5,2,3,Potential Loyalists
C00565,201,3,11419.3,1,2,4,Hibernating
C00566,80,3,4809.15,3,2,2,Hibernating
C00567,34,4,4666.65,4,3,2,Loyal Customers
C00569,239,1,12423.6,1,1,4,Hibernating
C00570,40,3,7143.2,4,2,3,Potential Loyalists
C00571,52,1,2681.75,4,1,1,Potential Loyalists
C00572,8,2,4132.65,5,1,2,Potential Loyalists
C00573,183,5,15506.85,1,4,5,At Risk
C00574,45,7,16813.75,4,5,5,Champions
C00575,85,4,10469.2,3,3,4,Loyal Customers
C00576,129,2,5439.700000000001,2,1,2,Hibernating
C00577,91,2,14977.3,3,1,5,Hibernating
C00578,131,4,11440.2,2,3,4,At Risk
C00579,157,3,7643.3,2,2,3,Hibernating
C00580,27,5,11468.55,4,4,4,Champions
C00581,110,4,19326.0,2,3,5,At Risk
C00582,162,3,7328.25,1,2,3,Hibernating
C00583,309,1,2230.4,1,1,1,Hibernating
C00584,58,5,9981.85,3,4,4,Loyal Customers
C00585,3,6,15560.05,5,5,5,Champions
C00586,13,3,5425.85,5,2,2,Potential Loyalists
C00587,23,8,24133.3,5,5,5,Champions
C00588,74,3,11260.55,3,2,4,Hibernating
C00589,125,5,12703.650000000001,2,4,4,At Risk
C00590,46,2,4566.25,4,1,2,Potential Loyalists
C00591,33,4,14183.35,4,3,4,Loyal Customers
C00593,142,2,6336.1,2,1,2,Hibernating
C00594,219,1,2415.0,1,1,1,Hibernating
C00595,24,6,23714.199999999997,4,5,5,Champions
C00596,33,4,6984.05,4,3,3,Loyal Customers
C00597,237,3,7617.25,1,2,3,Hibernating
C00598,96,2,8623.5,2,1,3,Hibernating
C00599,10,2,5503.8,5,1,2,Potential Loyalists
C00600,116,4,10512.2,2,3,4,At Risk
C00601,9,4,6236.6,5,3,2,Loyal Customers
C00602,68,2,5974.35,3,1,2,Hibernating
C00603,16,3,2999.2,5,2,1,Potential Loyalists
C00604,6,3,4868.6,5,2,2,Potential Loyalists
C00605,36,3,2015.95,4,2,1,Potential Loyalists
C00606,73,4,13741.75,3,3,4,Loyal Customers
C00607,24,6,16508.1,4,5,5,Champions
C00608,157,2,4695.6,2,1,2,Hibernating
C00609,327,2,6705.700000000001,1,1,2,Hibernating
C00610,79,5,8877.5,3,4,3,Loyal Customers
C00611,105,4,11628.45,2,3,4,At Risk
C00612,69,5,11202.6,3,4,4,Loyal Customers
C00613,55,4,14256.85,3,3,4,Loyal Customers
C00614,59,3,6821.75,3,2,3,Hibernating
C00615,101,4,26507.15,2,3,5,At Risk
C00616,200,4,14620.150000000001,1,3,5,At Risk
C00617,33,6,13054.800000000001,4,5,4,Champions
C00618,48,3,4352.6,4,2,2,Potential Loyalists
C00619,96,4,11882.35,2,3,4,At Risk
C00621,87,3,5143.55,3,2,2,Hibernating
C00622,27,4,12477.0,4,3,4,Loyal Customers
C00623,94,2,2878.8,3,1,1,Hibernating
C00625,40,3,4018.3,4,2,2,Potential Loyalists
C00626,281,1,1483.6,1,1,1,Hibernating
C00627,33,3,9836.2,4,2,3,Potential Loyalists
C00628,263,1,782.25,1,1,1,Hibernating
C00629,15,1,3429.5,5,1,1,Potential Loyalists
C00630,74,3,4472.0,3,2,2,Hibernating
C00631,86,7,15310.15,3,5,5,Loyal Customers
C00632,125,3,10531.4,2,2,4,Hibernating
C00633,110,6,15722.35,2,5,5,At Risk
C00635,219,1,2299.2,1,1,1,Hibernating
C00636,65,4,12784.95,3,3,4,Loyal Customers
C00637,16,3,5148.700000000001,5,2,2,Potential Loyalists
C00638,40,4,7221.75,4,3,3,Loyal Customers
C00639,78,7,13983.9,3,5,4,Loyal Customers
C00640,41,3,6503.95,4,2,2,Potential Loyalists
C00641,16,2,1394.0,5,1,1,Potential Loyalists
C00642,37,2,4427.4,4,1,2,Potential Loyalists
C00643,167,1,699.3,1,1,1,Hibernating
C00644,84,2,11732.0,3,1,4,Hibernating
C00645,50,3,5655.9,4,2,2,Potential Loyalists
C00646,36,4,16519.0,4,3,5,Loyal Customers
C00647,168,5,24349.0,1,4,5,At Risk
C00648,165,6,15123.150000000001,1,5,5,At Risk
C00649,54,3,7240.700000000001,3,2,3,Hibernating
C00650,110,4,8128.4,2,3,3,At Risk
C00651,114,2,7974.5,2,1,3,Hibernating
C00652,150,3,5662.8,2,2,2,Hibernating
C00653,54,4,6286.8,3,3,2,Loyal Customers
C00654,36,3,3572.85,4,2,1,Potential Loyalists
C00655,59,3,7269.5,3,2,3,Hibernating
C00656,126,4,28248.5,2,3,5,At Risk
C00657,248,2,5427.9,1,1,2,Hibernating
C00658,125,5,11212.0,2,4,4,At Risk
C00659,71,4,4745.05,3,3,2,Loyal Customers
C00660,46,7,14810.0,4,5,5,Champions
C00661,149,2,6164.3,2,1,2,Hibernating
C00662,338,1,8047.8,1,1,3,Hibernating
C00663,40,4,13927.15,4,3,4,Loyal Customers
C00664,45,3,7566.45,4,2,3,Potential Loyalists
C00665,139,2,5592.15,2,1,2,Hibernating
C00666,66,4,17602.7,3,3,5,Loyal Customers
C00667,153,2,4931.7,2,1,2,Hibernating
C00668,21,4,10883.6,5,3,4,Loyal Customers
C00669,97,2,3790.65,2,1,1,Hibernating
C00670,3,4,16642.4,5,3,5,Loyal Customers
C00671,355,2,1834.8000000000002,1,1,1,Hibernating
C00672,69,4,9717.3,3,3,3,Loyal Customers
C00673,17,4,7241.15,5,3,3,Loyal Customers
C00674,127,2,6877.6,2,1,3,Hibernating
C00675,94,7,15742.05,3,5,5,Loyal Customers
C00676,23,5,16972.550000000003,5,4,5,Champions
C00677,17,2,9126.1,5,1,3,Potential Loyalists
C00678,31,2,6090.0,4,1,2,Potential Loyalists
C00679,80,5,12182.6,3,4,4,Loyal Customers
C00680,50,1,3671.25,4,1,1,Potential Loyalists
C00681,145,1,1754.0,2,1,1,Hibernating
C00682,73,5,19453.35,3,4,5,Loyal Customers
C00683,33,1,3572.0,4,1,1,Potential Loyalists
C00684,18,7,20569.25,5,5,5,Champions
C00685,10,3,12642.3,5,2,4,Potential Loyalists
C00687,13,3,10267.6,5,2,4,Potential Loyalists
C00688,26,5,13236.95,4,4,4,Champions
C00689,9,4,12568.5,5,3,4,Loyal Customers
C00690,1,5,9357.55,5,4,3,Loyal Customers
C00691,285,2,3538.6,1,1,1,Hibernating
C00693,261,1,7388.0,1,1,3,Hibernating
C00694,34,2,1092.85,4,1,1,Potential Loyalists
C00695,21,5,10096.35,5,4,4,Champions
C00697,62,3,10727.55,3,2,4,Hibernating
C00698,115,2,6320.400000000001,2,1,2,Hibernating
C00699,21,6,10313.349999999999,5,5,4,Champions
C00700,5,7,18096.05,5,5,5,Champions
C00701,10,4,17742.3,5,3,5,Loyal Customers
C00702,85,3,10439.0,3,2,4,Hibernating
C00703,212,3,11240.2,1,2,4,Hibernating
C00704,26,1,2136.0,4,1,1,Potential Loyalists
C00705,45,6,18797.9,4,5,5,Champions
C00707,50,8,18823.3,4,5,5,Champions
C00708,57,3,7829.45,3,2,3,Hibernating
C00709,75,5,12601.75,3,4,4,Loyal Customers
C00710,85,4,24608.75,3,3,5,Loyal Customers
C00711,17,8,13783.45,5,5,4,Champions
C00712,54,1,2970.6,3,1,1,Hibernating
C00713,59,3,6320.5,3,2,2,Hibernating
C00714,20,3,3275.75,5,2,1,Potential Loyalists
C00715,304,3,5905.95,1,2,2,Hibernating
C00716,24,1,1807.5,4,1,1,Potential Loyalists
C00717,146,2,3365.6,2,1,1,Hibernating
C00718,8,5,13942.4,5,4,4,Champions
C00719,222,4,10133.9,1,3,4,At Risk
C00720,275,1,1494.0,1,1,1,Hibernating
C00722,98,2,7160.65,2,1,3,Hibernating
C00723,308,2,4505.2,1,1,2,Hibernating
C00724,301,1,2090.2,1,1,1,Hibernating
C00725,30,2,13281.25,4,1,4,Potential Loyalists
C00726,61,3,6591.4,3,2,2,Hibernating
C00728,103,1,3012.0,2,1,1,Hibernating
C00729,82,3,9175.65,3,2,3,Hibernating
C00730,220,3,6906.9,1,2,3,Hibernating
C00731,14,3,6112.25,5,2,2,Potential Loyalists
C00732,355,1,246.35,1,1,1,Hibernating
C00733,116,1,2417.75,2,1,1,Hibernating
C00734,21,2,2064.0,5,1,1,Potential Loyalists
C00735,94,6,16025.199999999999,3,5,5,Loyal Customers
C00736,266,1,649.5,1,1,1,Hibernating
C00737,58,8,16824.0,3,5,5,Loyal Customers
C00738,20,5,5801.8,5,4,2,Loyal Customers
C00739,347,1,3244.8,1,1,1,Hibernating
C00740,319,1,1979.0,1,1,1,Hibernating
C00741,33,1,5663.0,4,1,2,Potential Loyalists
C00742,116,2,1369.1999999999998,2,1,1,Hibernating
C00743,81,3,5062.85,3,2,2,Hibernating
C00744,58,3,7464.2,3,2,3,Hibernating
C00745,94,2,4975.6,3,1,2,Hibernating
C00746,90,5,18394.7,3,4,5,Loyal Customers
C00747,171,3,4513.3,1,2,2,Hibernating
C00748,196,2,13413.5,1,1,4,Hibernating
C00749,82,3,7019.05,3,2,3,Hibernating
C00750,79,3,1136.6,3,2,1,Hibernating
C00751,29,4,34001.799999999996,4,3,5,Loyal Customers
C00752,11,3,6079.35,5,2,2,Potential Loyalists
C00753,72,4,7517.4,3,3,3,Loyal Customers
C00754,52,1,6466.5,4,1,2,Potential Loyalists
C00755,122,1,3008.25,2,1,1,Hibernating
C00756,30,4,10149.35,4,3,4,Loyal Customers
C00757,93,2,6844.1,3,1,3,Hibernating
C00758,187,3,7068.950000000001,1,2,3,Hibernating
C00759,22,8,21609.7,5,5,5,Champions
C00760,306,2,3335.4,1,1,1,Hibernating
C00761,103,2,6974.2,2,1,3,Hibernating
C00762,23,4,4011.3,5,3,2,Loyal Customers
C00763,101,3,10587.4,2,2,4,Hibernating
C00764,270,2,9119.4,1,1,3,Hibernating
C00765,23,5,16806.5,5,4,5,Champions
C00766,235,3,9151.3,1,2,3,Hibernating
C00768,124,4,7409.2,2,3,3,At Risk
C00769,25,3,4946.6,4,2,2,Potential Loyalists
C00770,157,3,5094.75,2,2,2,Hibernating
C00771,198,1,6518.4,1,1,2,Hibernating
C00772,136,3,3666.8,2,2,1,Hibernating
C00773,149,2,1522.95,2,1,1,Hibernating
C00774,32,6,21817.55,4,5,5,Champions
C00775,118,3,8948.35,2,2,3,Hibernating
C00776,107,3,6836.75,2,2,3,Hibernating
C00777,84,7,16106.5,3,5,5,Loyal Customers
C00778,23,3,10023.5,5,2,4,Potential Loyalists
C00779,4,5,23035.45,5,4,5,Champions
C00780,39,3,13622.75,4,2,4,Potential Loyalists
C00781,157,2,3109.9,2,1,1,Hibernating
C00782,54,3,6546.0,3,2,2,Hibernating
C00783,58,3,3916.35,3,2,1,Hibernating
C00784,279,2,4923.7,1,1,2,Hibernating
C00785,305,1,512.8,1,1,1,Hibernating
C00786,64,7,17986.15,3,5,5,Loyal Customers
C00787,174,2,3367.8999999999996,1,1,1,Hibernating
C00788,207,3,9999.199999999999,1,2,4,Hibernating
C00789,146,3,9496.2,2,2,3,Hibernating
C00790,219,2,2945.2,1,1,1,Hibernating
C00791,36,3,9368.55,4,2,3,Potential Loyalists
C00792,38,3,11654.7,4,2,4,Potential Loyalists
C00793,37,3,3997.1000000000004,4,2,1,Potential Loyalists
C00794,82,4,7133.4,3,3,3,Loyal Customers
C00795,75,3,11861.8,3,2,4,Hibernating
C00796,54,3,2686.3,3,2,1,Hibernating
C00797,148,2,7851.85,2,1,3,Hibernating
C00798,47,5,14340.25,4,4,5,Champions
C00799,46,3,3816.65,4,2,1,Potential Loyalists
C00800,38,6,14372.15,4,5,5,Champions
C00801,20,5,10093.050000000001,5,4,4,Champions
C00802,22,3,5368.4,5,2,2,Potential Loyalists
C00803,37,2,5812.599999999999,4,1,2,Potential Loyalists
C00804,289,1,4180.5,1,1,2,Hibernating
C00805,119,2,4996.55,2,1,2,Hibernating
C00806,3,3,11892.45,5,2,4,Potential Loyalists
C00807,303,2,4048.9,1,1,2,Hibernating
C00808,12,4,5055.5,5,3,2,Loyal Customers
C00809,106,5,25842.6,2,4,5,At Risk
C00810,84,3,5587.4,3,2,2,Hibernating
C00811,65,4,14903.55,3,3,5,Loyal Customers
C00812,88,5,15469.7,3,4,5,Loyal Customers
C00813,163,3,4220.849999999999,1,2,2,Hibernating
C00814,54,2,6814.5,3,1,3,Hibernating
C00815,12,5,8495.25,5,4,3,Loyal Customers
C00816,60,3,3539.3999999999996,3,2,1,Hibernating
C00817,112,5,13096.150000000001,2,4,4,At Risk
C00818,22,6,16750.7,5,5,5,Champions
C00819,85,2,2111.0,3,1,1,Hibernating
C00820,273,1,2681.7,1,1,1,Hibernating
C00821,53,6,7652.0,4,5,3,Loyal Customers
C00822,10,5,10835.95,5,4,4,Champions
C00823,10,3,3688.3,5,2,1,Potential Loyalists
C00824,59,3,10656.2,3,2,4,Hibernating
C00825,74,3,7557.2,3,2,3,Hibernating
C00826,19,2,13870.95,5,1,4,Potential Loyalists
C00827,122,3,11142.0,2,2,4,Hibernating
C00828,71,7,22291.149999999998,3,5,5,Loyal Customers
C00829,10,8,15126.55,5,5,5,Champions
C00830,16,3,10738.65,5,2,4,Potential Loyalists
C00831,88,4,16776.15,3,3,5,Loyal Customers
C00832,6,5,14504.2,5,4,5,Champions
C00833,44,7,19704.6,4,5,5,Champions
C00834,40,7,25933.4,4,5,5,Champions
C00835,112,2,4157.1,2,1,2,Hibernating
C00837,123,1,1394.4,2,1,1,Hibernating
C00838,95,6,9527.6,2,5,3,At Risk
C00839,122,6,15094.8,2,5,5,At Risk
C00840,190,3,6784.049999999999,1,2,3,Hibernating
C00841,9,3,6274.299999999999,5,2,2,Potential Loyalists
C00842,84,4,5647.9,3,3,2,Loyal Customers
C00843,268,2,1533.35,1,1,1,Hibernating
C00844,112,4,8737.6,2,3,3,At Risk
C00845,116,3,3170.95,2,2,1,Hibernating
C00846,193,2,2558.7,1,1,1,Hibernating
C00848,153,2,3594.8,2,1,1,Hibernating
C00849,10,6,14457.0,5,5,5,Champions
C00850,13,5,18348.7,5,4,5,Champions
C00851,104,2,1277.55,2,1,1,Hibernating
C00852,257,2,2233.3,1,1,1,Hibernating
C00853,8,3,7418.9,5,2,3,Potential Loyalists
C00854,144,3,7206.1,2,2,3,Hibernating
C00855,37,3,7682.85,4,2,3,Potential Loyalists
C00856,80,2,5437.1,3,1,2,Hibernating
C00857,76,2,2560.05,3,1,1,Hibernating
C00858,234,2,3908.5,1,1,1,Hibernating
C00859,192,1,3450.0,1,1,1,Hibernating
C00860,27,6,14286.95,4,5,5,Champions
C00861,17,5,13747.15,5,4,4,Champions
C00862,211,3,10499.7,1,2,4,Hibernating
C00863,91,4,18147.2,3,3,5,Loyal Customers
C00864,26,6,11701.1,4,5,4,Champions
C00865,153,6,12364.25,2,5,4,At Risk
C00866,115,2,5597.15,2,1,2,Hibernating
C00867,34,2,6631.2,4,1,2,Potential Loyalists
C00868,34,3,5109.4,4,2,2,Potential Loyalists
C00870,72,4,8963.300000000001,3,3,3,Loyal Customers
C00871,130,4,7054.6,2,3,3,At Risk
C00872,38,2,9730.8,4,1,3,Potential Loyalists
C00873,33,6,21328.2,4,5,5,Champions
C00874,47,4,7336.95,4,3,3,Loyal Customers
C00875,202,3,13252.5,1,2,4,Hibernating
C00876,210,1,1168.75,1,1,1,Hibernating
C00877,6,8,26766.300000000003,5,5,5,Champions
C00878,237,1,2949.0,1,1,1,Hibernating
C00879,9,6,9004.2,5,5,3,Loyal Customers
C00880,68,3,7955.7,3,2,3,Hibernating
C00881,41,3,4761.75,4,2,2,Potential Loyalists
C00882,52,3,6315.0,4,2,2,Potential Loyalists
C00883,174,2,7970.7,1,1,3,Hibernating
C00884,131,3,25991.399999999998,2,2,5,Hibernating
C00885,289,1,1096.0,1,1,1,Hibernating
C00886,210,3,7223.2,1,2,3,Hibernating
C00887,140,4,16664.899999999998,2,3,5,At Risk
C00888,64,4,14336.05,3,3,5,Loyal Customers
C00889,77,2,8749.7,3,1,3,Hibernating
C00890,80,1,3430.7,3,1,1,Hibernating
C00891,134,3,10585.5,2,2,4,Hibernating
C00892,102,4,9618.0,2,3,3,At Risk
C00893,12,6,12810.95,5,5,4,Champions
C00894,14,8,22939.850000000002,5,5,5,Champions
C00895,131,2,5415.7,2,1,2,Hibernating
C00896,9,4,13726.6,5,3,4,Loyal Customers
C00897,50,2,2719.8,4,1,1,Potential Loyalists
C00898,3,10,26660.55,5,5,5,Champions
C00899,26,3,12283.95,4,2,4,Potential Loyalists
C00900,29,6,20781.850000000002,4,5,5,Champions
C00901,349,1,1856.0,1,1,1,Hibernating
C00902,70,3,11472.3,3,2,4,Hibernating
C00904,73,4,11675.4,3,3,4,Loyal Customers
C00905,91,2,2525.3,3,1,1,Hibernating
C00906,34,1,1304.35,4,1,1,Potential Loyalists
C00907,24,7,18417.95,4,5,5,Champions
C00908,14,5,24868.85,5,4,5,Champions
C00909,39,6,15622.5,4,5,5,Champions
C00910,16,6,14891.1,5,5,5,Champions
C00911,26,7,28610.7,4,5,5,Champions
C00912,3,3,9414.55,5,2,3,Potential Loyalists
C00913,95,6,10082.3,2,5,4,At Risk
C00914,222,1,2841.0,1,1,1,Hibernating
C00915,167,3,8339.0,1,2,3,Hibernating
C00917,54,3,8362.15,3,2,3,Hibernating
C00918,359,1,2405.2,1,1,1,Hibernating
C00919,133,4,9921.55,2,3,4,At Risk
C00920,11,3,4359.75,5,2,2,Potential Loyalists
C00921,92,4,11963.3,3,3,4,Loyal Customers
C00922,4,3,7053.9,5,2,3,Potential Loyalists
C00923,32,4,11760.6,4,3,4,Loyal Customers
C00924,11,2,5074.05,5,1,2,Potential Loyalists
C00925,65,3,27938.7,3,2,5,Hibernating
C00926,189,3,22898.75,1,2,5,Hibernating
C00927,109,4,9761.65,2,3,3,At Risk
C00928,35,7,18584.5,4,5,5,Champions
C00929,159,1,452.9,2,1,1,Hibernating
C00930,208,2,4840.35,1,1,2,Hibernating
C00931,74,7,12395.7,3,5,4,Loyal Customers
C00932,109,2,1719.0,2,1,1,Hibernating
C00933,216,1,408.5,1,1,1,Hibernating
C00935,109,2,5655.0,2,1,2,Hibernating
C00937,37,3,4715.65,4,2,2,Potential Loyalists
C00938,134,3,12796.1,2,2,4,Hibernating
C00939,155,3,7307.55,2,2,3,Hibernating
C00940,172,2,1633.4,1,1,1,Hibernating
C00941,85,3,8417.8,3,2,3,Hibernating
C00942,55,4,7176.599999999999,3,3,3,Loyal Customers
C00943,275,1,2917.8,1,1,1,Hibernating
C00944,57,7,23679.5,3,5,5,Loyal Customers
C00945,252,1,1095.5,1,1,1,Hibernating
C00946,299,2,4068.3,1,1,2,Hibernating
C00947,178,3,16851.75,1,2,5,Hibernating
C00948,51,1,1303.2,4,1,1,Potential Loyalists
C00949,155,5,11505.85,2,4,4,At Risk
C00950,256,5,13524.349999999999,1,4,4,At Risk
C00951,75,2,3506.85,3,1,1,Hibernating
C00952,37,3,7941.0,4,2,3,Potential Loyalists
C00953,60,3,8835.1,3,2,3,Hibernating
C00954,219,2,4465.05,1,1,2,Hibernating
C00955,19,6,18762.6,5,5,5,Champions
C00956,112,5,10684.7,2,4,4,At Risk
C00957,6,9,17333.55,5,5,5,Champions
C00958,61,3,9757.949999999999,3,2,3,Hibernating
C00959,175,2,2306.4,1,1,1,Hibernating
C00960,22,3,7822.4,5,2,3,Potential Loyalists
C00961,101,3,9556.2,2,2,3,Hibernating
C00962,333,1,1884.0,1,1,1,Hibernating
C00963,132,1,1075.1,2,1,1,Hibernating
C00964,50,3,8542.15,4,2,3,Potential Loyalists
C00966,39,6,14999.05,4,5,5,Champions
C00967,321,2,4453.5,1,1,2,Hibernating
C00968,213,5,12865.55,1,4,4,At Risk
C00969,28,3,2395.35,4,2,1,Potential Loyalists
C00970,115,2,1184.1,2,1,1,Hibernating
C00971,264,1,3549.75,1,1,1,Hibernating
C00972,60,4,13018.699999999999,3,3,4,Loyal Customers
C00973,170,4,6757.6,1,3,2,At Risk
C00974,76,1,402.35,3,1,1,Hibernating
C00975,26,5,26535.899999999998,4,4,5,Champions
C00976,21,3,9003.35,5,2,3,Potential Loyalists
C00977,244,3,5594.4,1,2,2,Hibernating
C00978,18,3,7775.75,5,2,3,Potential Loyalists
C00979,11,3,12758.65,5,2,4,Potential Loyalists
C00980,353,1,1237.6,1,1,1,Hibernating
C00981,65,2,17846.45,3,1,5,Hibernating
C00982,253,1,581.6,1,1,1,Hibernating
C00983,23,5,14430.45,5,4,5,Champions
C00985,316,1,184.2,1,1,1,Hibernating
C00986,198,3,4268.9,1,2,2,Hibernating
C00987,88,1,3128.35,3,1,1,Hibernating
C00988,63,3,13297.0,3,2,4,Hibernating
C00989,102,4,11971.75,2,3,4,At Risk
C00990,107,4,8666.55,2,3,3,At Risk
C00991,11,10,29926.85,5,5,5,Champions
C00992,4,4,8366.25,5,3,3,Loyal Customers
C00993,93,3,4149.1,3,2,2,Hibernating
C00994,133,5,15819.65,2,4,5,At Risk
C00995,16,6,12316.5,5,5,4,Champions
C00996,68,5,19311.8,3,4,5,Loyal Customers
C00998,212,2,7869.6,1,1,3,Hibernating
C00999,67,4,10611.6,3,3,4,Loyal Customers
C01000,206,3,5570.950000000001,1,2,2,Hibernating
C01001,131,3,4630.3,2,2,2,Hibernating
C01002,77,3,5154.25,3,2,2,Hibernating
C01003,15,3,16558.3,5,2,5,Potential Loyalists
C01005,132,4,12955.0,2,3,4,At Risk
C01006,265,2,5553.4,1,1,2,Hibernating
C01007,51,3,9535.0,4,2,3,Potential Loyalists
C01008,72,7,13394.300000000001,3,5,4,Loyal Customers
C01009,219,1,1237.5,1,1,1,Hibernating
C01010,12,5,10920.199999999999,5,4,4,Champions
C01011,86,4,18333.25,3,3,5,Loyal Customers
C01012,167,3,9153.0,1,2,3,Hibernating
C01013,43,4,6643.05,4,3,2,Loyal Customers
C01014,47,4,7044.599999999999,4,3,3,Loyal Customers
C01015,15,7,15557.099999999999,5,5,5,Champions
C01016,104,1,584.0,2,1,1,Hibernating
C01017,63,2,1542.6,3,1,1,Hibernating
C01018,104,3,7161.7,2,2,3,Hibernating
C01019,79,4,9068.15,3,3,3,Loyal Customers
C01021,3,5,10117.35,5,4,4,Champions
C01022,142,3,8823.8,2,2,3,Hibernating
C01023,151,1,3278.4,2,1,1,Hibernating
C01024,25,6,15276.55,4,5,5,Champions
C01025,350,1,2846.2,1,1,1,Hibernating
C01026,47,5,14675.8,4,4,5,Champions
C01027,74,6,15698.2,3,5,5,Loyal Customers
C01028,25,5,19143.6,4,4,5,Champions
C01029,109,4,3735.45,2,3,1,At Risk
C01030,73,2,2380.15,3,1,1,Hibernating
C01031,66,3,15142.800000000001,3,2,5,Hibernating
C01032,114,5,13408.55,2,4,4,At Risk
C01033,168,1,2842.2,1,1,1,Hibernating
C01034,204,2,6738.6,1,1,2,Hibernating
C01035,41,4,7273.650000000001,4,3,3,Loyal Customers
C01036,60,2,6692.5,3,1,2,Hibernating
C01037,36,3,8555.25,4,2,3,Potential Loyalists
C01038,78,5,16531.65,3,4,5,Loyal Customers
C01039,55,5,26186.35,3,4,5,Loyal Customers
C01040,26,4,13667.3,4,3,4,Loyal Customers
C01041,10,2,3992.8,5,1,1,Potential Loyalists
C01042,63,5,13860.300000000001,3,4,4,Loyal Customers
C01043,44,3,8699.15,4,2,3,Potential Loyalists
C01044,34,4,7567.95,4,3,3,Loyal Customers
C01045,82,5,9539.65,3,4,3,Loyal Customers
C01046,141,3,11884.8,2,2,4,Hibernating
C01047,347,1,6101.3,1,1,2,Hibernating
C01048,10,7,16825.1,5,5,5,Champions
C01049,43,3,8377.1,4,2,3,Potential Loyalists
C01050,114,6,13425.15,2,5,4,At Risk
C01051,120,4,18485.85,2,3,5,At Risk
C01052,6,2,2638.55,5,1,1,Potential Loyalists
C01053,99,2,4812.0,2,1,2,Hibernating
C01054,140,3,21959.3,2,2,5,Hibernating
C01055,58,3,13004.800000000003,3,2,4,Hibernating
C01057,14,2,9639.25,5,1,3,Potential Loyalists
C01058,147,5,13449.95,2,4,4,At Risk
C01059,65,3,5623.950000000001,3,2,2,Hibernating
C01060,115,4,12830.0,2,3,4,At Risk
C01061,4,5,11237.3,5,4,4,Champions
C01062,15,4,11500.3,5,3,4,Loyal Customers
C01063,127,5,14131.25,2,4,4,At Risk
C01064,232,3,13253.4,1,2,4,Hibernating
C01065,143,4,8244.7,2,3,3,At Risk
C01066,2,5,11282.25,5,4,4,Champions
C01067,284,1,324.7,1,1,1,Hibernating
C01068,89,2,5952.0,3,1,2,Hibernating
C01069,156,3,3602.2,2,2,1,Hibernating
C01070,63,4,7244.549999999999,3,3,3,Loyal Customers
C01071,9,1,10739.25,5,1,4,Potential Loyalists
C01072,8,1,2979.2,5,1,1,Potential Loyalists
C01073,171,3,4945.2,1,2,2,Hibernating
C01074,107,4,5982.4,2,3,2,At Risk
C01075,130,3,7655.700000000001,2,2,3,Hibernating
C01076,345,2,3595.9,1,1,1,Hibernating
C01077,171,2,5860.7,1,1,2,Hibernating
C01078,63,6,9967.15,3,5,4,Loyal Customers
C01079,3,2,4903.0,5,1,2,Potential Loyalists
C01080,18,3,5428.35,5,2,2,Potential Loyalists
C01081,98,4,7165.6,2,3,3,At Risk
C01082,157,1,2459.1,2,1,1,Hibernating
C01083,2,4,7901.95,5,3,3,Loyal Customers
C01085,51,2,12176.65,4,1,4,Potential Loyalists
C01086,74,3,8222.45,3,2,3,Hibernating
C01087,53,2,8250.6,4,1,3,Potential Loyalists
C01088,5,1,4633.5,5,1,2,Potential Loyalists
C01089,22,3,11955.599999999999,5,2,4,Potential Loyalists
C01090,54,3,4057.35,3,2,2,Hibernating
C01091,77,3,7114.200000000001,3,2,3,Hibernating
C01092,73,3,10431.0,3,2,4,Hibernating
C01093,104,3,7508.45,2,2,3,Hibernating
C01095,105,2,11088.0,2,1,4,Hibernating
C01096,106,4,8171.0,2,3,3,At Risk
C01097,161,3,21441.65,1,2,5,Hibernating
C01098,166,7,18590.45,1,5,5,At Risk
C01099,189,5,11037.45,1,4,4,At Risk
C01100,123,4,12735.2,2,3,4,At Risk
C01101,17,3,18502.5,5,2,5,Potential Loyalists
C01102,138,4,8268.85,2,3,3,At Risk
C01103,178,3,12956.8,1,2,4,Hibernating
C01104,115,3,10014.35,2,2,4,Hibernating
C01105,69,3,6928.8,3,2,3,Hibernating
C01106,93,7,17557.05,3,5,5,Loyal Customers
C01107,141,3,6647.049999999999,2,2,2,Hibernating
C01108,119,4,6917.1,2,3,3,At Risk
C01109,233,2,884.3,1,1,1,Hibernating
C01110,122,4,9776.15,2,3,3,At Risk
C01111,22,7,17411.4,5,5,5,Champions
C01112,47,4,13908.5,4,3,4,Loyal Customers
C01113,127,4,6017.25,2,3,2,At Risk
C01114,125,2,6168.0,2,1,2,Hibernating
C01115,16,5,14767.65,5,4,5,Champions
C01116,185,2,2706.65,1,1,1,Hibernating
C01117,86,2,10220.550000000001,3,1,4,Hibernating
C01118,220,1,299.2,1,1,1,Hibernating
C01119,83,2,2972.65,3,1,1,Hibernating
C01120,19,6,18675.7,5,5,5,Champions
C01121,88,3,15143.199999999999,3,2,5,Hibernating
C01122,21,5,8742.75,5,4,3,Loyal Customers
C01123,35,3,5641.35,4,2,2,Potential Loyalists
C01124,119,5,12052.75,2,4,4,At Risk
C01125,17,3,14525.8,5,2,5,Potential Loyalists
C01126,121,3,2896.7,2,2,1,Hibernating
C01127,187,4,5801.3,1,3,2,At Risk
C01128,74,4,7160.3,3,3,3,Loyal Customers
C01129,315,1,1953.75,1,1,1,Hibernating
C01130,36,5,14422.699999999999,4,4,5,Champions
C01132,8,5,25173.55,5,4,5,Champions
C01133,298,1,3331.2,1,1,1,Hibernating
C01134,5,2,2710.05,5,1,1,Potential Loyalists
C01135,134,4,10284.2,2,3,4,At Risk
C01136,13,4,5171.2,5,3,2,Loyal Customers
C01137,160,1,817.5,2,1,1,Hibernating
C01138,65,5,11212.3,3,4,4,Loyal Customers
C01139,27,6,22480.7,4,5,5,Champions
C01140,18,2,7946.449999999999,5,1,3,Potential Loyalists
C01141,131,3,7027.0,2,2,3,Hibernating
C01142,97,4,12127.2,2,3,4,At Risk
C01143,136,1,2639.7,2,1,1,Hibernating
C01144,342,1,2358.4,1,1,1,Hibernating
C01145,121,4,8366.45,2,3,3,At Risk
C01146,43,3,6717.4,4,2,2,Potential Loyalists
C01147,148,3,4467.65,2,2,2,Hibernating
C01148,42,4,8712.3,4,3,3,Loyal Customers
C01149,17,3,4956.95,5,2,2,Potential Loyalists
C01150,74,5,16527.0,3,4,5,Loyal Customers
C01151,220,3,9167.55,1,2,3,Hibernating
C01152,98,6,19698.55,2,5,5,At Risk
C01154,1,5,12615.650000000001,5,4,4,Champions
C01155,32,4,13008.6,4,3,4,Loyal Customers
C01156,36,2,4221.4,4,1,2,Potential Loyalists
C01157,21,6,14122.35,5,5,4,Champions
C01158,77,1,1098.75,3,1,1,Hibernating
C01159,36,3,5430.75,4,2,2,Potential Loyalists
C01160,104,1,546.55,2,1,1,Hibernating
C01161,19,4,4928.25,5,3,2,Loyal Customers
C01162,22,7,20537.4,5,5,5,Champions
C01163,252,2,2296.8,1,1,1,Hibernating
C01164,68,1,11664.8,3,1,4,Hibernating
C01165,63,2,5171.7,3,1,2,Hibernating
C01166,187,2,6225.75,1,1,2,Hibernating
C01167,12,5,8854.5,5,4,3,Loyal Customers
C01168,59,3,6859.9,3,2,3,Hibernating
C01170,116,3,5267.35,2,2,2,Hibernating
C01171,29,2,3254.8,4,1,1,Potential Loyalists
C01172,204,6,13574.8,1,5,4,At Risk
C01173,73,6,12591.45,3,5,4,Loyal Customers
C01174,268,1,4965.7,1,1,2,Hibernating
C01175,221,1,1672.5,1,1,1,Hibernating
C01176,6,3,4804.0,5,2,2,Potential Loyalists
C01178,66,1,3749.6,3,1,1,Hibernating
C01179,8,5,5291.05,5,4,2,Loyal Customers
C01180,80,4,5444.6,3,3,2,Loyal Customers
C01181,203,1,1676.2,1,1,1,Hibernating
C01182,1,3,4389.8,5,2,2,Potential Loyalists
C01183,1,4,6075.45,5,3,2,Loyal Customers
C01184,14,5,8882.75,5,4,3,Loyal Customers
C01185,29,2,5870.2,4,1,2,Potential Loyalists
C01186,84,4,4931.05,3,3,2,Loyal Customers
C01187,57,6,14327.75,3,5,5,Loyal Customers
C01188,34,5,15815.099999999999,4,4,5,Champions
C01189,152,3,8724.25,2,2,3,Hibernating
C01190,12,4,12990.95,5,3,4,Loyal Customers
C01191,146,1,259.5,2,1,1,Hibernating
C01192,33,4,5534.15,4,3,2,Loyal Customers
C01193,3,3,10920.349999999999,5,2,4,Potential Loyalists
C01194,299,1,567.5,1,1,1,Hibernating
C01195,117,4,13970.75,2,3,4,At Risk
C01196,23,4,9123.7,5,3,3,Loyal Customers
C01197,107,2,4208.1,2,1,2,Hibernating
C01198,16,2,2766.0,5,1,1,Potential Loyalists
C01199,45,4,11777.45,4,3,4,Loyal Customers
C01200,196,3,4287.8,1,2,2,Hibernating
C01201,94,6,19708.55,3,5,5,Loyal Customers
C01202,120,2,6145.0,2,1,2,Hibernating
C01203,345,2,3828.9,1,1,1,Hibernating
C01204,321,2,3058.8,1,1,1,Hibernating
C01205,169,4,12195.4,1,3,4,At Risk
C01206,79,6,14618.35,3,5,5,Loyal Customers
C01207,347,1,1971.45,1,1,1,Hibernating
C01208,34,4,8079.05,4,3,3,Loyal Customers
C01209,43,6,7674.55,4,5,3,Loyal Customers
C01210,241,1,2080.5,1,1,1,Hibernating
C01211,105,4,7745.5,2,3,3,At Risk
C01212,220,5,15644.35,1,4,5,At Risk
C01213,101,5,18397.0,2,4,5,At Risk
C01214,314,2,6083.1,1,1,2,Hibernating
C01215,2,4,16099.95,5,3,5,Loyal Customers
C01216,157,4,21892.45,2,3,5,At Risk
C01217,15,3,9818.8,5,2,3,Potential Loyalists
C01218,19,3,21468.15,5,2,5,Potential Loyalists
C01219,189,3,7450.45,1,2,3,Hibernating
C01220,50,4,6490.7,4,3,2,Loyal Customers
C01222,162,2,3819.75,1,1,1,Hibernating
C01223,95,1,2196.8,2,1,1,Hibernating
C01224,7,8,23820.65,5,5,5,Champions
C01225,70,7,18456.15,3,5,5,Loyal Customers
C01226,21,4,16148.4,5,3,5,Loyal Customers
C01227,78,3,10390.5,3,2,4,Hibernating
C01228,190,4,4617.9,1,3,2,At Risk
C01229,66,2,9074.6,3,1,3,Hibernating
C01230,102,5,9943.75,2,4,4,At Risk
C01231,53,3,6120.549999999999,4,2,2,Potential Loyalists
C01232,17,2,7513.4,5,1,3,Potential Loyalists
C01233,75,1,4520.1,3,1,2,Hibernating
C01234,192,2,4509.4,1,1,2,Hibernating
C01235,47,4,5563.25,4,3,2,Loyal Customers
C01236,73,3,7019.3,3,2,3,Hibernating
C01237,66,7,36610.5,3,5,5,Loyal Customers
C01238,24,3,4488.4,4,2,2,Potential Loyalists
C01239,92,3,4007.0,3,2,1,Hibernating
C01240,84,6,7366.349999999999,3,5,3,Loyal Customers
C01241,67,6,16854.75,3,5,5,Loyal Customers
C01242,353,1,4790.0,1,1,2,Hibernating
C01243,117,5,19320.0,2,4,5,At Risk
C01244,24,8,31885.15,4,5,5,Champions
C01245,64,3,4386.2,3,2,2,Hibernating
C01246,347,1,3921.0,1,1,1,Hibernating
C01247,104,7,20365.75,2,5,5,At Risk
C01248,36,3,7223.95,4,2,3,Potential Loyalists
C01249,7,5,13042.0,5,4,4,Champions
C01250,141,5,7543.0,2,4,3,At Risk
C01251,143,3,9109.0,2,2,3,Hibernating
C01253,258,3,6096.95,1,2,2,Hibernating
C01254,237,4,12753.5,1,3,4,At Risk
C01255,37,1,932.0,4,1,1,Potential Loyalists
C01256,43,1,3989.6,4,1,1,Potential Loyalists
C01257,53,3,12869.3,4,2,4,Potential Loyalists
C01258,92,6,15495.75,3,5,5,Loyal Customers
C01259,53,6,22040.4,4,5,5,Champions
C01260,8,1,7473.6,5,1,3,Potential Loyalists
C01261,116,2,4812.0,2,1,2,Hibernating
C01262,97,2,2275.7,2,1,1,Hibernating
C01263,78,3,7277.5,3,2,3,Hibernating
C01265,160,4,8504.95,2,3,3,At Risk
C01266,103,3,6203.1,2,2,2,Hibernating
C01267,161,2,7833.0,1,1,3,Hibernating
C01268,45,3,10516.45,4,2,4,Potential Loyalists
C01269,192,2,4716.7,1,1,2,Hibernating
C01270,155,6,15359.3,2,5,5,At Risk
C01271,37,5,11017.5,4,4,4,Champions
C01272,142,2,3329.95,2,1,1,Hibernating
C01273,121,5,16330.599999999999,2,4,5,At Risk
C01274,66,5,7807.35,3,4,3,Loyal Customers
C01275,121,2,5683.15,2,1,2,Hibernating
C01276,198,6,20364.3,1,5,5,At Risk
C01278,110,3,9467.7,2,2,3,Hibernating
C01279,164,4,17005.3,1,3,5,At Risk
C01280,7,4,4924.65,5,3,2,Loyal Customers
C01282,197,1,2079.7,1,1,1,Hibernating
C01284,293,2,638.8,1,1,1,Hibernating
C01285,148,5,13767.65,2,4,4,At Risk
C01286,93,2,1759.3000000000002,3,1,1,Hibernating
C01287,6,7,11759.0,5,5,4,Champions
C01288,227,1,3134.95,1,1,1,Hibernating
C01289,11,6,15759.45,5,5,5,Champions
C01290,107,4,16212.399999999998,2,3,5,At Risk
C01291,22,2,11430.3,5,1,4,Potential Loyalists
C01292,6,4,12089.4,5,3,4,Loyal Customers
C01293,106,4,13742.65,2,3,4,At Risk
C01294,120,2,12661.45,2,1,4,Hibernating
C01295,45,3,9445.8,4,2,3,Potential Loyalists
C01296,135,3,7787.4,2,2,3,Hibernating
C01297,7,5,12966.95,5,4,4,Champions
C01298,84,5,21682.3,3,4,5,Loyal Customers
C01299,8,1,1494.0,5,1,1,Potential Loyalists
C01300,65,3,7264.7,3,2,3,Hibernating
C01301,211,3,5869.0,1,2,2,Hibernating
C01302,31,4,10029.5,4,3,4,Loyal Customers
C01303,138,7,26540.75,2,5,5,At Risk
C01304,104,2,4329.7,2,1,2,Hibernating
C01305,103,2,2810.6000000000004,2,1,1,Hibernating
C01306,105,4,8376.75,2,3,3,At Risk
C01307,47,2,5369.2,4,1,2,Potential Loyalists
C01308,189,2,3081.6,1,1,1,Hibernating
C01309,20,4,18154.899999999998,5,3,5,Loyal Customers
C01310,245,1,6528.0,1,1,2,Hibernating
C01311,5,5,8137.6,5,4,3,Loyal Customers
C01312,64,4,15035.4,3,3,5,Loyal Customers
C01313,176,1,2233.5,1,1,1,Hibernating
C01314,23,5,6449.9,5,4,2,Loyal Customers
C01315,7,5,17522.65,5,4,5,Champions
C01316,109,4,11851.65,2,3,4,At Risk
C01317,65,4,8395.400000000001,3,3,3,Loyal Customers
C01318,221,4,6826.2,1,3,3,At Risk
C01319,183,2,4287.75,1,1,2,Hibernating
C01320,126,2,15716.250000000002,2,1,5,Hibernating
C01321,20,2,3524.2999999999997,5,1,1,Potential Loyalists
C01322,313,1,10738.05,1,1,4,Hibernating
C01323,37,4,12192.650000000001,4,3,4,Loyal Customers
C01324,85,1,4067.1,3,1,2,Hibernating
C01325,13,4,20407.1,5,3,5,Loyal Customers
C01326,62,7,12006.3,3,5,4,Loyal Customers
C01327,8,6,9897.3,5,5,4,Champions
C01328,35,4,11178.9,4,3,4,Loyal Customers
C01329,148,4,8998.1,2,3,3,At Risk
C01330,22,5,9464.8,5,4,3,Loyal Customers
C01331,119,1,696.0,2,1,1,Hibernating
C01332,74,3,8462.0,3,2,3,Hibernating
C01333,116,3,4464.15,2,2,2,Hibernating
C01334,51,7,30531.449999999997,4,5,5,Champions
C01335,253,1,3779.1,1,1,1,Hibernating
C01336,8,5,9013.65,5,4,3,Loyal Customers
C01337,90,5,14843.650000000001,3,4,5,Loyal Customers
C01338,290,2,9601.2,1,1,3,Hibernating
C01339,5,5,17175.65,5,4,5,Champions
C01340,26,5,9626.15,4,4,3,Loyal Customers
C01341,19,5,8477.25,5,4,3,Loyal Customers
C01342,141,3,8380.25,2,2,3,Hibernating
C01343,12,5,12681.55,5,4,4,Champions
C01344,149,3,15341.65,2,2,5,Hibernating
C01345,10,3,7906.0,5,2,3,Potential Loyalists
C01346,7,4,16390.4,5,3,5,Loyal Customers
C01347,70,3,4869.95,3,2,2,Hibernating
C01348,15,3,7384.95,5,2,3,Potential Loyalists
C01349,119,2,4314.7,2,1,2,Hibernating
C01351,105,4,5650.0,2,3,2,At Risk
C01352,220,3,6079.75,1,2,2,Hibernating
C01353,145,6,14399.4,2,5,5,At Risk
C01354,180,2,5264.45,1,1,2,Hibernating
C01355,7,8,19492.55,5,5,5,Champions
C01356,10,5,8342.95,5,4,3,Loyal Customers
C01357,5,5,7215.25,5,4,3,Loyal Customers
C01358,177,2,4679.6,1,1,2,Hibernating
C01359,31,5,10039.65,4,4,4,Champions
C01360,196,2,4881.6,1,1,2,Hibernating
C01361,36,4,8500.65,4,3,3,Loyal Customers
C01362,309,1,741.0,1,1,1,Hibernating
C01363,59,2,5359.05,3,1,2,Hibernating
C01364,154,1,2808.65,2,1,1,Hibernating
C01365,112,2,1934.3,2,1,1,Hibernating
C01366,14,3,14062.599999999999,5,2,4,Potential Loyalists
C01367,65,1,2561.3,3,1,1,Hibernating
C01368,56,5,12419.25,3,4,4,Loyal Customers
C01369,102,5,6192.45,2,4,2,At Risk
C01370,243,1,3352.3,1,1,1,Hibernating
C01371,13,2,7738.1,5,1,3,Potential Loyalists
C01372,91,2,3794.3,3,1,1,Hibernating
C01373,81,2,9060.099999999999,3,1,3,Hibernating
C01374,13,4,14438.9,5,3,5,Loyal Customers
C01375,286,1,3964.4,1,1,1,Hibernating
C01376,24,5,12955.900000000001,4,4,4,Champions
C01377,200,2,4787.1,1,1,2,Hibernating
C01378,6,6,8917.45,5,5,3,Loyal Customers
C01379,39,2,6244.6,4,1,2,Potential Loyalists
C01380,316,1,2367.0,1,1,1,Hibernating
C01381,167,1,1079.2,1,1,1,Hibernating
C01382,313,2,4775.5,1,1,2,Hibernating
C01383,20,3,16450.2,5,2,5,Potential Loyalists
C01384,142,2,14259.599999999999,2,1,4,Hibernating
C01385,193,2,18393.15,1,1,5,Hibernating
C01386,121,3,14418.45,2,2,5,Hibernating
C01387,86,1,1471.0,3,1,1,Hibernating
C01388,6,4,10731.75,5,3,4,Loyal Customers
C01389,167,3,8682.05,1,2,3,Hibernating
C01390,3,4,5732.9,5,3,2,Loyal Customers
C01391,41,2,5607.75,4,1,2,Potential Loyalists
C01392,161,6,9861.35,1,5,4,At Risk
C01393,96,1,3105.7,2,1,1,Hibernating
C01394,99,2,4834.0,2,1,2,Hibernating
C01395,31,1,1638.0,4,1,1,Potential Loyalists
C01397,35,5,12223.6,4,4,4,Champions
C01398,20,3,7005.549999999999,5,2,3,Potential Loyalists
C01399,186,2,5283.15,1,1,2,Hibernating
C01400,37,5,15183.35,4,4,5,Champions
C01401,12,2,5804.7,5,1,2,Potential Loyalists
C01402,338,1,2448.0,1,1,1,Hibernating
C01403,99,2,4705.05,2,1,2,Hibernating
C01404,64,4,7515.150000000001,3,3,3,Loyal Customers
C01405,89,4,8916.6,3,3,3,Loyal Customers
C01406,68,3,10995.3,3,2,4,Hibernating
C01407,68,4,8006.900000000001,3,3,3,Loyal Customers
C01408,56,2,7299.4,3,1,3,Hibernating
C01409,3,2,4197.9,5,1,2,Potential Loyalists
C01410,116,4,10600.25,2,3,4,At Risk
C01411,32,4,12023.25,4,3,4,Loyal Customers
C01412,41,4,11877.15,4,3,4,Loyal Customers
C01413,52,5,5734.6,4,4,2,Loyal Customers
C01414,11,2,7823.0,5,1,3,Potential Loyalists
C01415,365,1,3819.2,1,1,1,Hibernating
C01416,130,2,6504.8,2,1,2,Hibernating
C01417,6,2,568.4,5,1,1,Potential Loyalists
C01418,66,4,9059.55,3,3,3,Loyal Customers
C01419,51,3,9268.9,4,2,3,Potential Loyalists
C01420,38,4,6862.3,4,3,3,Loyal Customers
C01421,166,3,5894.25,1,2,2,Hibernating
C01422,7,3,11242.15,5,2,4,Potential Loyalists
C01423,8,4,12494.7,5,3,4,Loyal Customers
C01424,55,5,7649.6,3,4,3,Loyal Customers
C01425,220,3,3035.65,1,2,1,Hibernating
C01426,10,8,22143.95,5,5,5,Champions
C01427,250,3,5967.9,1,2,2,Hibernating
C01428,74,4,14142.5,3,3,4,Loyal Customers
C01429,71,6,16067.75,3,5,5,Loyal Customers
C01430,119,4,10204.35,2,3,4,At Risk
C01431,211,4,6560.65,1,3,2,At Risk
C01433,104,5,6750.5,2,4,2,At Risk
C01434,311,2,3263.1,1,1,1,Hibernating
C01435,13,5,8196.55,5,4,3,Loyal Customers
C01436,31,5,7942.3,4,4,3,Loyal Customers
C01437,88,4,9925.3,3,3,4,Loyal Customers
C01438,21,6,15442.05,5,5,5,Champions
C01439,112,3,7514.85,2,2,3,Hibernating
C01440,32,6,14221.8,4,5,4,Champions
C01441,66,3,8304.75,3,2,3,Hibernating
C01442,34,4,14184.3,4,3,4,Loyal Customers
C01443,56,3,9994.8,3,2,4,Hibernating
C01444,17,3,11356.25,5,2,4,Potential Loyalists
C01445,98,1,7588.799999999999,2,1,3,Hibernating
C01446,233,4,12729.349999999999,1,3,4,At Risk
C01447,73,2,4252.5,3,1,2,Hibernating
C01448,70,6,15147.1,3,5,5,Loyal Customers
C01449,75,4,4355.25,3,3,2,Loyal Customers
C01450,217,2,6701.700000000001,1,1,2,Hibernating
C01451,149,3,11067.5,2,2,4,Hibernating
C01452,17,2,1459.3,5,1,1,Potential Loyalists
C01453,12,1,1491.0,5,1,1,Potential Loyalists
C01454,83,3,5328.8,3,2,2,Hibernating
C01455,40,5,11464.0,4,4,4,Champions
C01456,6,4,9120.8,5,3,3,Loyal Customers
C01457,100,2,4307.2,2,1,2,Hibernating
C01458,111,2,2278.2,2,1,1,Hibernating
C01459,43,4,11017.55,4,3,4,Loyal Customers
C01460,78,2,3833.3,3,1,1,Hibernating
C01461,162,2,4006.8,1,1,1,Hibernating
C01462,1,1,376.0,5,1,1,Potential Loyalists
C01463,7,7,23891.75,5,5,5,Champions
C01464,122,2,4319.1,2,1,2,Hibernating
C01465,20,3,5447.55,5,2,2,Potential Loyalists
C01466,133,4,10774.9,2,3,4,At Risk
C01467,53,5,14073.350000000002,4,4,4,Champions
C01468,72,1,450.3,3,1,1,Hibernating
C01469,39,3,3042.15,4,2,1,Potential Loyalists
C01470,11,4,7883.85,5,3,3,Loyal Customers
C01471,160,3,9753.1,2,2,3,Hibernating
C01472,180,3,6506.6,1,2,2,Hibernating
C01473,43,3,4284.3,4,2,2,Potential Loyalists
C01474,168,3,6493.2,1,2,2,Hibernating
C01475,10,7,26189.1,5,5,5,Champions
C01476,181,3,13753.5,1,2,4,Hibernating
C01477,6,7,23077.199999999997,5,5,5,Champions
C01478,133,1,744.0,2,1,1,Hibernating
C01479,277,2,5463.0,1,1,2,Hibernating
C01480,29,3,5317.2,4,2,2,Potential Loyalists
C01481,12,1,2610.4,5,1,1,Potential Loyalists
C01482,197,2,3999.6,1,1,1,Hibernating
C01483,113,2,10378.15,2,1,4,Hibernating
C01484,28,3,12283.35,4,2,4,Potential Loyalists
C01485,49,3,7113.05,4,2,3,Potential Loyalists
C01486,278,3,9211.3,1,2,3,Hibernating
C01487,56,3,7507.099999999999,3,2,3,Hibernating
C01488,24,3,7604.799999999999,4,2,3,Potential Loyalists
C01489,120,1,2209.15,2,1,1,Hibernating
C01490,35,4,6545.7,4,3,2,Loyal Customers
C01491,80,3,12484.2,3,2,4,Hibernating
C01492,177,4,20572.8,1,3,5,At Risk
C01493,53,3,7496.1,4,2,3,Potential Loyalists
C01495,130,5,8832.3,2,4,3,At Risk
C01496,302,1,629.4,1,1,1,Hibernating
C01497,137,5,8174.95,2,4,3,At Risk
C01498,178,3,7462.4,1,2,3,Hibernating
C01499,21,3,7656.15,5,2,3,Potential Loyalists
C01500,7,5,15346.6,5,4,5,Champions
C01501,112,3,8283.8,2,2,3,Hibernating
C01502,34,5,15072.0,4,4,5,Champions
C01503,271,2,15119.9,1,1,5,Hibernating
C01504,278,1,2577.35,1,1,1,Hibernating
C01505,142,2,3160.8,2,1,1,Hibernating
C01506,62,2,7553.599999999999,3,1,3,Hibernating
C01507,56,4,8498.300000000001,3,3,3,Loyal Customers
C01508,89,4,5380.05,3,3,2,Loyal Customers
C01510,33,3,6674.75,4,2,2,Potential Loyalists
C01511,35,6,14194.4,4,5,4,Champions
C01512,15,6,18739.65,5,5,5,Champions
C01513,47,5,19629.949999999997,4,4,5,Champions
C01514,11,3,5486.85,5,2,2,Potential Loyalists
C01515,78,2,2808.15,3,1,1,Hibernating
C01516,143,4,8455.6,2,3,3,At Risk
C01517,295,2,5109.4,1,1,2,Hibernating
C01518,23,6,7577.65,5,5,3,Loyal Customers
C01519,49,4,3957.3,4,3,1,Loyal Customers
C01520,177,3,3359.85,1,2,1,Hibernating
C01521,88,3,3887.1499999999996,3,2,1,Hibernating
C01522,24,6,21092.55,4,5,5,Champions
C01523,7,3,22244.85,5,2,5,Potential Loyalists
C01524,40,4,19310.949999999997,4,3,5,Loyal Customers
C01525,21,6,12387.1,5,5,4,Champions
C01526,20,4,11384.55,5,3,4,Loyal Customers
C01527,12,7,23420.6,5,5,5,Champions
C01528,51,3,6827.25,4,2,3,Potential Loyalists
C01529,26,5,22271.1,4,4,5,Champions
C01530,306,2,1946.8000000000002,1,1,1,Hibernating
C01531,14,5,8047.65,5,4,3,Loyal Customers
C01532,27,3,1925.4499999999998,4,2,1,Potential Loyalists
C01533,198,3,1569.0,1,2,1,Hibernating
C01534,48,3,2502.3,4,2,1,Potential Loyalists
C01535,274,1,1398.15,1,1,1,Hibernating
C01536,22,7,19354.65,5,5,5,Champions
C01537,12,5,15908.6,5,4,5,Champions
C01538,96,4,7496.85,2,3,3,At Risk
C01539,4,4,13770.7,5,3,4,Loyal Customers
C01540,201,2,4924.75,1,1,2,Hibernating
C01541,82,1,2726.25,3,1,1,Hibernating
C01542,189,2,5028.450000000001,1,1,2,Hibernating
C01543,74,5,14134.099999999999,3,4,4,Loyal Customers
C01544,46,6,20658.15,4,5,5,Champions
C01545,52,2,4417.2,4,1,2,Potential Loyalists
C01546,32,8,14993.4,4,5,5,Champions
C01547,194,3,3040.7,1,2,1,Hibernating
C01548,186,3,4333.95,1,2,2,Hibernating
C01550,66,5,13609.3,3,4,4,Loyal Customers
C01551,17,3,8854.95,5,2,3,Potential Loyalists
C01552,254,3,9076.9,1,2,3,Hibernating
C01553,11,4,23545.85,5,3,5,Loyal Customers
C01555,152,1,6791.4,2,1,3,Hibernating
C01556,36,4,20765.55,4,3,5,Loyal Customers
C01557,141,2,5045.2,2,1,2,Hibernating
C01558,12,7,10249.5,5,5,4,Champions
C01559,161,4,5306.4,1,3,2,At Risk
C01560,42,3,7868.0,4,2,3,Potential Loyalists
C01561,106,2,5852.5,2,1,2,Hibernating
C01562,95,5,19297.95,2,4,5,At Risk
C01563,24,6,18100.199999999997,4,5,5,Champions
C01564,86,3,6833.1,3,2,3,Hibernating
C01565,120,4,12962.9,2,3,4,At Risk
C01566,208,1,3950.8,1,1,1,Hibernating
C01568,152,5,19910.6,2,4,5,At Risk
C01569,232,2,7491.6,1,1,3,Hibernating
C01570,181,7,14686.55,1,5,5,At Risk
C01571,364,1,1312.8,1,1,1,Hibernating
C01572,56,3,5044.2,3,2,2,Hibernating
C01573,123,3,5589.35,2,2,2,Hibernating
C01574,264,1,413.0,1,1,1,Hibernating
C01575,3,3,4314.6,5,2,2,Potential Loyalists
C01576,11,3,5328.95,5,2,2,Potential Loyalists
C01577,192,1,2317.9,1,1,1,Hibernating
C01578,61,3,9257.85,3,2,3,Hibernating
C01579,15,3,7008.1,5,2,3,Potential Loyalists
C01580,11,6,15760.75,5,5,5,Champions
C01581,10,2,3875.85,5,1,1,Potential Loyalists
C01583,79,5,10048.55,3,4,4,Loyal Customers
C01584,29,8,30514.75,4,5,5,Champions
C01585,25,5,10121.0,4,4,4,Champions
C01586,45,2,6555.4,4,1,2,Potential Loyalists
C01587,5,6,11946.2,5,5,4,Champions
C01588,148,6,8273.6,2,5,3,At Risk
C01589,138,3,12333.6,2,2,4,Hibernating
C01590,45,5,11331.55,4,4,4,Champions
C01591,54,4,11607.05,3,3,4,Loyal Customers
C01592,44,3,5612.4,4,2,2,Potential Loyalists
C01593,187,3,9236.0,1,2,3,Hibernating
C01594,12,4,12006.900000000001,5,3,4,Loyal Customers
C01595,158,2,7575.200000000001,2,1,3,Hibernating
C01596,10,3,5170.45,5,2,2,Potential Loyalists
C01597,148,1,1925.25,2,1,1,Hibernating
C01598,3,5,13820.7,5,4,4,Champions
C01599,101,3,15119.199999999999,2,2,5,Hibernating
C01600,47,5,12431.1,4,4,4,Champions
C01601,89,5,9340.9,3,4,3,Loyal Customers
C01602,54,5,11462.8,3,4,4,Loyal Customers
C01603,61,1,2488.5,3,1,1,Hibernating
C01604,262,1,5476.8,1,1,2,Hibernating
C01605,213,3,12553.5,1,2,4,Hibernating
C01606,27,4,9384.0,4,3,3,Loyal Customers
C01607,40,5,7800.4,4,4,3,Loyal Customers
C01608,325,1,867.6,1,1,1,Hibernating
C01609,17,3,8221.15,5,2,3,Potential Loyalists
C01610,70,7,20795.1,3,5,5,Loyal Customers
C01611,67,7,27611.4,3,5,5,Loyal Customers
C01613,143,3,6001.2,2,2,2,Hibernating
C01614,120,4,13705.65,2,3,4,At Risk
C01615,118,2,4394.7,2,1,2,Hibernating
C01616,286,2,4887.6,1,1,2,Hibernating
C01617,5,6,36079.95,5,5,5,Champions
C01618,86,5,17813.05,3,4,5,Loyal Customers
C01619,17,6,17631.65,5,5,5,Champions
C01620,45,5,16281.05,4,4,5,Champions
C01621,115,2,3502.9500000000003,2,1,1,Hibernating
C01622,28,4,15737.300000000003,4,3,5,Loyal Customers
C01623,9,5,18713.8,5,4,5,Champions
C01624,58,5,19599.4,3,4,5,Loyal Customers
C01625,87,3,7173.8,3,2,3,Hibernating
C01626,299,2,2884.0,1,1,1,Hibernating
C01627,98,2,5511.1,2,1,2,Hibernating
C01628,2,3,6750.1,5,2,2,Potential Loyalists
C01629,2,6,19546.899999999998,5,5,5,Champions
C01630,50,5,10456.6,4,4,4,Champions
C01631,110,7,15450.949999999999,2,5,5,At Risk
C01632,3,3,4852.15,5,2,2,Potential Loyalists
C01633,179,4,12268.45,1,3,4,At Risk
C01634,50,4,5774.9,4,3,2,Loyal Customers
C01635,201,1,2561.25,1,1,1,Hibernating
C01636,86,6,10113.4,3,5,4,Loyal Customers
C01637,266,3,10644.6,1,2,4,Hibernating
C01638,34,5,14667.5,4,4,5,Champions
C01639,46,6,29613.7,4,5,5,Champions
C01640,21,6,16027.75,5,5,5,Champions
C01641,12,5,12939.199999999999,5,4,4,Champions
C01642,278,1,1735.2,1,1,1,Hibernating
C01643,46,5,17487.449999999997,4,4,5,Champions
C01644,212,3,7220.1,1,2,3,Hibernating
C01645,90,8,27809.15,3,5,5,Loyal Customers
C01646,175,4,15136.349999999999,1,3,5,At Risk
C01647,75,3,11446.300000000001,3,2,4,Hibernating
C01648,86,2,4971.45,3,1,2,Hibernating
C01649,321,1,2171.2,1,1,1,Hibernating
C01651,173,3,9664.3,1,2,3,Hibernating
C01652,16,2,4048.1000000000004,5,1,2,Potential Loyalists
C01653,22,5,13130.4,5,4,4,Champions
C01654,148,4,14557.85,2,3,5,At Risk
C01655,117,1,537.5,2,1,1,Hibernating
C01656,68,6,24874.7,3,5,5,Loyal Customers
C01657,113,3,11870.900000000001,2,2,4,Hibernating
C01658,37,3,8360.55,4,2,3,Potential Loyalists
C01659,5,2,4544.099999999999,5,1,2,Potential Loyalists
C01660,159,3,12120.0,2,2,4,Hibernating
C01661,119,9,24697.4,2,5,5,At Risk
C01662,135,4,10371.85,2,3,4,At Risk
C01663,4,2,11821.1,5,1,4,Potential Loyalists
C01664,54,6,24582.8,3,5,5,Loyal Customers
C01665,133,2,4141.15,2,1,2,Hibernating
C01666,89,2,5872.2,3,1,2,Hibernating
C01667,36,6,15370.85,4,5,5,Champions
C01668,133,6,18327.35,2,5,5,At Risk
C01669,253,3,7080.950000000001,1,2,3,Hibernating
C01670,4,3,5573.75,5,2,2,Potential Loyalists
C01671,79,6,12145.4,3,5,4,Loyal Customers
C01672,31,7,17628.65,4,5,5,Champions
C01673,31,6,18930.1,4,5,5,Champions
C01674,92,3,6103.7,3,2,2,Hibernating
C01675,33,3,9713.5,4,2,3,Potential Loyalists
C01676,119,2,6731.7,2,1,2,Hibernating
C01677,3,5,11458.3,5,4,4,Champions
C01678,343,1,2358.0,1,1,1,Hibernating
C01679,126,1,3952.0,2,1,1,Hibernating
C01680,214,2,2896.75,1,1,1,Hibernating
C01681,61,5,7909.25,3,4,3,Loyal Customers
C01682,31,7,27756.2,4,5,5,Champions
C01683,3,10,30883.3,5,5,5,Champions
C01684,57,4,17323.5,3,3,5,Loyal Customers
C01685,268,1,3278.6,1,1,1,Hibernating
C01686,14,4,7486.6,5,3,3,Loyal Customers
C01687,145,3,5909.45,2,2,2,Hibernating
C01688,25,4,8239.85,4,3,3,Loyal Customers
C01690,27,2,6645.6,4,1,2,Potential Loyalists
C01691,29,4,16789.649999999998,4,3,5,Loyal Customers
C01692,9,3,3822.2,5,2,1,Potential Loyalists
C01693,153,4,9353.650000000001,2,3,3,At Risk
C01694,99,1,3923.2,2,1,1,Hibernating
C01695,114,3,5069.8,2,2,2,Hibernating
C01696,92,5,11660.0,3,4,4,Loyal Customers
C01697,84,5,16799.9,3,4,5,Loyal Customers
C01698,46,7,51777.35,4,5,5,Champions
C01699,202,1,2848.1,1,1,1,Hibernating
C01700,50,7,20258.35,4,5,5,Champions
C01701,253,2,3266.5,1,1,1,Hibernating
C01702,113,3,6725.2,2,2,2,Hibernating
C01703,253,6,12970.3,1,5,4,At Risk
C01704,54,2,2198.2,3,1,1,Hibernating
C01705,12,4,4146.5,5,3,2,Loyal Customers
C01706,87,5,12530.35,3,4,4,Loyal Customers
C01707,35,3,7018.6,4,2,3,Potential Loyalists
C01708,31,1,326.2,4,1,1,Potential Loyalists
C01709,72,3,7981.6,3,2,3,Hibernating
C01710,45,5,14895.75,4,4,5,Champions
C01711,146,4,15188.4,2,3,5,At Risk
C01712,4,3,11958.900000000001,5,2,4,Potential Loyalists
C01713,41,7,25609.0,4,5,5,Champions
C01714,77,3,9999.5,3,2,4,Hibernating
C01715,201,1,1881.0,1,1,1,Hibernating
C01716,210,2,2274.95,1,1,1,Hibernating
C01717,5,6,15538.7,5,5,5,Champions
C01718,223,1,1648.0,1,1,1,Hibernating
C01719,161,3,10670.900000000001,1,2,4,Hibernating
C01720,102,5,21896.4,2,4,5,At Risk
C01721,117,2,5174.5,2,1,2,Hibernating
C01722,279,1,471.2,1,1,1,Hibernating
C01723,100,2,12332.25,2,1,4,Hibernating
C01724,174,2,6335.9,1,1,2,Hibernating
C01726,139,2,3373.25,2,1,1,Hibernating
C01727,100,4,6654.85,2,3,2,At Risk
C01728,17,6,8864.7,5,5,3,Loyal Customers
C01729,236,1,780.3,1,1,1,Hibernating
C01730,36,4,17997.8,4,3,5,Loyal Customers
C01731,175,2,11921.4,1,1,4,Hibernating
C01732,87,2,6495.5,3,1,2,Hibernating
C01733,4,3,5591.3,5,2,2,Potential Loyalists
C01734,120,1,3962.0,2,1,1,Hibernating
C01735,290,2,6473.950000000001,1,1,2,Hibernating
C01736,34,6,23176.25,4,5,5,Champions
C01737,13,3,9427.05,5,2,3,Potential Loyalists
C01738,178,1,1975.4,1,1,1,Hibernating
C01739,102,4,10915.25,2,3,4,At Risk
C01740,91,2,5458.5,3,1,2,Hibernating
C01741,143,4,10710.3,2,3,4,At Risk
C01742,252,1,1872.0,1,1,1,Hibernating
C01743,74,2,5658.0,3,1,2,Hibernating
C01744,347,2,5546.6,1,1,2,Hibernating
C01745,87,3,5223.25,3,2,2,Hibernating
C01746,12,2,5826.900000000001,5,1,2,Potential Loyalists
C01747,24,4,14998.8,4,3,5,Loyal Customers
C01748,43,4,7444.8,4,3,3,Loyal Customers
C01749,132,2,3500.1,2,1,1,Hibernating
C01750,48,4,8704.7,4,3,3,Loyal Customers
C01751,65,6,20884.3,3,5,5,Loyal Customers
C01752,151,3,3426.4,2,2,1,Hibernating
C01753,23,4,11586.8,5,3,4,Loyal Customers
C01754,302,1,1591.2,1,1,1,Hibernating
C01755,98,3,7339.4,2,2,3,Hibernating
C01756,17,6,14775.2,5,5,5,Champions
C01757,92,3,6666.05,3,2,2,Hibernating
C01758,19,3,6201.3,5,2,2,Potential Loyalists
C01759,338,1,6099.0,1,1,2,Hibernating
C01760,54,5,12111.6,3,4,4,Loyal Customers
C01761,174,4,10457.3,1,3,4,At Risk
C01762,35,4,4644.2,4,3,2,Loyal Customers
C01763,72,5,10720.8,3,4,4,Loyal Customers
C01764,73,1,3299.8,3,1,1,Hibernating
C01765,47,5,8747.0,4,4,3,Loyal Customers
C01766,6,2,6040.65,5,1,2,Potential Loyalists
C01767,13,3,4957.35,5,2,2,Potential Loyalists
C01768,117,5,16382.7,2,4,5,At Risk
C01769,1,2,5571.5,5,1,2,Potential Loyalists
C01770,1,4,6518.0,5,3,2,Loyal Customers
C01771,227,2,4608.2,1,1,2,Hibernating
C01772,5,4,25355.15,5,3,5,Loyal Customers
C01773,29,6,22709.95,4,5,5,Champions
C01774,31,2,1125.0,4,1,1,Potential Loyalists
C01775,31,8,16374.900000000001,4,5,5,Champions
C01776,41,2,12251.2,4,1,4,Potential Loyalists
C01777,24,4,12839.9,4,3,4,Loyal Customers
C01778,62,6,37670.2,3,5,5,Loyal Customers
C01779,42,4,9541.8,4,3,3,Loyal Customers
C01780,6,6,21917.0,5,5,5,Champions
C01781,72,3,5272.15,3,2,2,Hibernating
C01782,24,3,6526.75,4,2,2,Potential Loyalists
C01783,80,4,9375.3,3,3,3,Loyal Customers
C01784,34,9,28072.25,4,5,5,Champions
C01785,18,4,9007.55,5,3,3,Loyal Customers
C01786,9,4,12047.65,5,3,4,Loyal Customers
C01787,65,2,7489.35,3,1,3,Hibernating
C01788,53,5,15326.95,4,4,5,Champions
C01789,90,2,4629.55,3,1,2,Hibernating
C01790,163,2,8127.6,1,1,3,Hibernating
C01791,23,6,15917.2,5,5,5,Champions
C01792,15,5,14062.25,5,4,4,Champions
C01793,116,2,1849.5,2,1,1,Hibernating
C01794,132,3,6278.3,2,2,2,Hibernating
C01795,50,3,8607.4,4,2,3,Potential Loyalists
C01796,88,2,3454.85,3,1,1,Hibernating
C01797,247,2,4950.6,1,1,2,Hibernating
C01798,239,1,561.6,1,1,1,Hibernating
C01799,41,2,6778.3,4,1,2,Potential Loyalists
C01800,14,7,15729.550000000001,5,5,5,Champions
C01802,3,3,5697.15,5,2,2,Potential Loyalists
C01803,24,5,6769.3,4,4,2,Loyal Customers
C01804,106,3,9592.0,2,2,3,Hibernating
C01805,22,3,7179.2,5,2,3,Potential Loyalists
C01806,128,3,6493.5,2,2,2,Hibernating
C01807,38,7,22024.55,4,5,5,Champions
C01808,67,3,14969.000000000002,3,2,5,Hibernating
C01809,37,3,14798.5,4,2,5,Potential Loyalists
C01810,328,1,1215.05,1,1,1,Hibernating
C01811,171,1,1635.2,1,1,1,Hibernating
C01812,54,2,19106.100000000002,3,1,5,Hibernating
C01813,99,4,6224.3,2,3,2,At Risk
C01814,23,3,6516.2,5,2,2,Potential Loyalists
C01815,222,3,13293.65,1,2,4,Hibernating
C01816,288,1,3387.3,1,1,1,Hibernating
C01817,34,6,21324.1,4,5,5,Champions
C01818,40,5,8805.1,4,4,3,Loyal Customers
C01819,55,2,5443.049999999999,3,1,2,Hibernating
C01820,211,3,15329.9,1,2,5,Hibernating
C01821,54,3,5257.25,3,2,2,Hibernating
C01822,204,1,3900.0,1,1,1,Hibernating
C01823,243,1,1712.1,1,1,1,Hibernating
C01824,186,1,7713.0,1,1,3,Hibernating
C01825,111,2,9256.35,2,1,3,Hibernating
C01826,171,4,9519.85,1,3,3,At Risk
C01827,68,3,4814.0,3,2,2,Hibernating
C01828,77,3,4830.85,3,2,2,Hibernating
C01829,85,4,7550.6,3,3,3,Loyal Customers
C01830,114,7,12855.6,2,5,4,At Risk
C01831,81,5,9290.05,3,4,3,Loyal Customers
C01832,55,2,6663.95,3,1,2,Hibernating
C01834,120,1,5664.0,2,1,2,Hibernating
C01835,170,2,8431.15,1,1,3,Hibernating
C01836,49,2,8464.65,4,1,3,Potential Loyalists
C01837,31,2,7193.599999999999,4,1,3,Potential Loyalists
C01838,102,5,17200.85,2,4,5,At Risk
C01839,177,1,562.4,1,1,1,Hibernating
C01840,46,2,6678.3,4,1,2,Potential Loyalists
C01841,191,3,5418.4,1,2,2,Hibernating
C01842,3,3,5263.2,5,2,2,Potential Loyalists
C01843,252,3,4364.35,1,2,2,Hibernating
C01844,152,2,1890.3999999999999,2,1,1,Hibernating
C01845,23,3,3921.45,5,2,1,Potential Loyalists
C01846,146,1,3280.5,2,1,1,Hibernating
C01847,13,2,3896.8,5,1,1,Potential Loyalists
C01848,55,3,10107.7,3,2,4,Hibernating
C01849,36,3,3448.85,4,2,1,Potential Loyalists
C01850,60,2,6160.2,3,1,2,Hibernating
C01851,274,2,7299.200000000001,1,1,3,Hibernating
C01852,177,2,3141.8,1,1,1,Hibernating
C01853,109,3,9072.400000000001,2,2,3,Hibernating
C01854,148,8,18233.8,2,5,5,At Risk
C01855,105,2,6859.5,2,1,3,Hibernating
C01856,105,2,3746.0,2,1,1,Hibernating
C01857,13,5,17884.15,5,4,5,Champions
C01858,119,4,7354.2,2,3,3,At Risk
C01859,91,9,27792.85,3,5,5,Loyal Customers
C01860,86,3,8679.05,3,2,3,Hibernating
C01861,89,4,9660.25,3,3,3,Loyal Customers
C01862,33,9,20705.3,4,5,5,Champions
C01863,17,6,9689.1,5,5,3,Loyal Customers
C01864,348,1,577.8,1,1,1,Hibernating
C01865,181,2,5881.6,1,1,2,Hibernating
C01866,48,3,13565.45,4,2,4,Potential Loyalists
C01867,3,5,8356.35,5,4,3,Loyal Customers
C01868,6,5,18481.4,5,4,5,Champions
C01870,98,4,7941.05,2,3,3,At Risk
C01871,70,1,1735.0,3,1,1,Hibernating
C01872,1,1,6465.2,5,1,2,Potential Loyalists
C01873,318,3,7640.2,1,2,3,Hibernating
C01874,80,6,13420.7,3,5,4,Loyal Customers
C01875,85,2,8933.5,3,1,3,Hibernating
C01876,268,1,3226.6,1,1,1,Hibernating
C01877,272,4,9983.4,1,3,4,At Risk
C01878,83,4,9848.3,3,3,4,Loyal Customers
C01880,81,3,10911.599999999999,3,2,4,Hibernating
C01881,8,4,8179.8,5,3,3,Loyal Customers
C01882,230,1,1096.3,1,1,1,Hibernating
C01883,64,5,20111.5,3,4,5,Loyal Customers
C01884,2,2,4772.6,5,1,2,Potential Loyalists
C01885,1,4,9536.9,5,3,3,Loyal Customers
C01886,111,3,6847.2,2,2,3,Hibernating
C01887,63,4,11245.15,3,3,4,Loyal Customers
C01888,25,4,8245.7,4,3,3,Loyal Customers
C01889,20,7,24030.55,5,5,5,Champions
C01890,89,3,9041.4,3,2,3,Hibernating
C01891,13,8,20663.0,5,5,5,Champions
C01892,3,1,3621.6,5,1,1,Potential Loyalists
C01893,4,3,5655.75,5,2,2,Potential Loyalists
C01894,362,2,6099.5,1,1,2,Hibernating
C01895,128,2,1051.6,2,1,1,Hibernating
C01897,9,3,12017.0,5,2,4,Potential Loyalists
C01898,328,2,3340.0,1,1,1,Hibernating
C01899,43,5,9730.8,4,4,3,Loyal Customers
C01900,67,5,9455.8,3,4,3,Loyal Customers
C01902,132,5,6884.25,2,4,3,At Risk
C01903,40,4,7137.3,4,3,3,Loyal Customers
C01904,152,7,12997.2,2,5,4,At Risk
C01905,139,4,6147.15,2,3,2,At Risk
C01906,125,2,1931.55,2,1,1,Hibernating
C01907,125,4,3496.0,2,3,1,At Risk
C01908,67,7,13572.5,3,5,4,Loyal Customers
C01909,31,4,13327.95,4,3,4,Loyal Customers
C01910,31,3,4893.05,4,2,2,Potential Loyalists
C01911,5,6,10386.85,5,5,4,Champions
C01912,123,4,11030.35,2,3,4,At Risk
C01913,30,4,8725.6,4,3,3,Loyal Customers
C01914,70,6,15104.95,3,5,5,Loyal Customers
C01915,111,3,11072.25,2,2,4,Hibernating
C01916,26,4,5700.45,4,3,2,Loyal Customers
C01917,55,3,6818.2,3,2,3,Hibernating
C01918,53,4,20800.3,4,3,5,Loyal Customers
C01919,82,4,15729.35,3,3,5,Loyal Customers
C01920,116,5,18036.2,2,4,5,At Risk
C01921,296,1,6758.4,1,1,2,Hibernating
C01922,170,2,4614.75,1,1,2,Hibernating
C01923,21,7,15633.7,5,5,5,Champions
C01924,206,3,7834.75,1,2,3,Hibernating
C01925,6,9,21310.25,5,5,5,Champions
C01926,28,7,13601.3,4,5,4,Champions
C01927,326,1,1810.4,1,1,1,Hibernating
C01928,223,1,3398.5,1,1,1,Hibernating
C01929,60,6,17571.25,3,5,5,Loyal Customers
C01930,101,4,8734.9,2,3,3,At Risk
C01931,28,5,17104.4,4,4,5,Champions
C01932,103,3,3339.1000000000004,2,2,1,Hibernating
C01933,174,3,8332.2,1,2,3,Hibernating
C01934,215,3,5595.15,1,2,2,Hibernating
C01935,181,2,4087.7,1,1,2,Hibernating
C01936,149,5,10237.45,2,4,4,At Risk
C01937,102,3,9670.3,2,2,3,Hibernating
C01938,93,7,18832.35,3,5,5,Loyal Customers
C01939,81,5,12138.650000000001,3,4,4,Loyal Customers
C01940,92,2,7209.75,3,1,3,Hibernating
C01941,14,4,18261.9,5,3,5,Loyal Customers
C01942,92,4,13610.95,3,3,4,Loyal Customers
C01943,236,2,2515.1499999999996,1,1,1,Hibernating
C01944,16,6,14310.65,5,5,5,Champions
C01945,105,3,6727.25,2,2,2,Hibernating
C01946,5,2,4078.5,5,1,2,Potential Loyalists
C01947,39,5,15799.3,4,4,5,Champions
C01948,14,4,10497.300000000001,5,3,4,Loyal Customers
C01949,5,3,6116.85,5,2,2,Potential Loyalists
C01950,206,2,8648.9,1,1,3,Hibernating
C01951,72,4,20199.899999999998,3,3,5,Loyal Customers
C01952,90,4,15735.15,3,3,5,Loyal Customers
C01953,196,2,1324.3999999999999,1,1,1,Hibernating
C01954,106,1,3401.3,2,1,1,Hibernating
C01956,121,1,327.6,2,1,1,Hibernating
C01957,149,3,13276.0,2,2,4,Hibernating
C01958,72,1,2900.1,3,1,1,Hibernating
C01959,242,2,4507.5,1,1,2,Hibernating
C01960,86,3,8071.1,3,2,3,Hibernating
C01961,154,4,7606.1,2,3,3,At Risk
C01962,128,3,7676.8,2,2,3,Hibernating
C01963,16,8,37209.6,5,5,5,Champions
C01964,43,4,8560.85,4,3,3,Loyal Customers
C01965,184,1,840.6,1,1,1,Hibernating
C01966,80,5,16182.05,3,4,5,Loyal Customers
C01967,74,4,10191.2,3,3,4,Loyal Customers
C01968,18,5,6715.25,5,4,2,Loyal Customers
C01969,90,4,8030.549999999999,3,3,3,Loyal Customers
C01970,34,3,6525.0,4,2,2,Potential Loyalists
C01972,39,3,7233.75,4,2,3,Potential Loyalists
C01973,98,2,4844.65,2,1,2,Hibernating
C01975,63,2,2967.1,3,1,1,Hibernating
C01976,92,2,6696.0,3,1,2,Hibernating
C01977,326,1,772.65,1,1,1,Hibernating
C01978,209,2,9225.5,1,1,3,Hibernating
C01979,337,1,2626.65,1,1,1,Hibernating
C01980,296,2,4162.95,1,1,2,Hibernating
C01981,46,5,12929.05,4,4,4,Champions
C01982,21,2,1792.95,5,1,1,Potential Loyalists
C01983,89,4,4993.65,3,3,2,Loyal Customers
C01984,140,3,5480.25,2,2,2,Hibernating
C01985,50,5,12084.6,4,4,4,Champions
C01986,164,6,9681.9,1,5,3,At Risk
C01987,83,5,9851.45,3,4,4,Loyal Customers
C01988,15,1,4321.2,5,1,2,Potential Loyalists
C01989,48,3,8657.0,4,2,3,Potential Loyalists
C01990,24,5,7035.95,4,4,3,Loyal Customers
C01991,17,5,9398.349999999999,5,4,3,Loyal Customers
C01992,163,3,4455.3,1,2,2,Hibernating
C01994,205,3,7508.1,1,2,3,Hibernating
C01995,19,3,1976.75,5,2,1,Potential Loyalists
C01996,40,2,2079.2,4,1,1,Potential Loyalists
C01997,42,3,6402.85,4,2,2,Potential Loyalists
C01998,27,5,10012.65,4,4,4,Champions
C01999,198,2,2145.65,1,1,1,Hibernating
C02000,6,2,3847.7,5,1,1,Potential Loyalists
C02001,182,4,7783.6,1,3,3,At Risk
C02002,30,5,15043.05,4,4,5,Champions
C02003,5,5,8567.9,5,4,3,Loyal Customers
C02004,339,1,1176.5,1,1,1,Hibernating
C02005,183,2,3319.2,1,1,1,Hibernating
C02006,49,4,8554.2,4,3,3,Loyal Customers
C02007,39,5,22046.7,4,4,5,Champions
C02008,96,2,5559.5,2,1,2,Hibernating
C02009,77,4,17827.649999999998,3,3,5,Loyal Customers
C02010,118,3,4148.4,2,2,2,Hibernating
C02011,135,1,2094.4,2,1,1,Hibernating
C02012,157,5,15566.75,2,4,5,At Risk
C02013,39,3,4246.4,4,2,2,Potential Loyalists
C02014,29,2,10081.3,4,1,4,Potential Loyalists
C02015,34,3,12006.099999999999,4,2,4,Potential Loyalists
C02016,89,5,21473.100000000002,3,4,5,Loyal Customers
C02017,162,2,4469.1,1,1,2,Hibernating
C02018,15,5,9572.4,5,4,3,Loyal Customers
C02019,39,6,14217.75,4,5,4,Champions
C02020,28,3,7253.25,4,2,3,Potential Loyalists
C02021,51,5,17016.95,4,4,5,Champions
C02023,8,7,10116.9,5,5,4,Champions
C02024,184,4,12275.95,1,3,4,At Risk
C02025,117,2,4347.0,2,1,2,Hibernating
C02026,104,3,4895.4,2,2,2,Hibernating
C02027,74,4,8155.700000000001,3,3,3,Loyal Customers
C02028,69,4,11792.75,3,3,4,Loyal Customers
C02029,28,3,9359.0,4,2,3,Potential Loyalists
C02030,17,3,2383.7,5,2,1,Potential Loyalists
C02031,150,3,2678.75,2,2,1,Hibernating
C02032,118,2,2974.05,2,1,1,Hibernating
C02033,330,1,1922.4,1,1,1,Hibernating
C02034,184,2,18575.8,1,1,5,Hibernating
C02035,9,4,7640.700000000001,5,3,3,Loyal Customers
C02036,38,1,3645.0,4,1,1,Potential Loyalists
C02037,158,4,13002.0,2,3,4,At Risk
C02038,97,1,17928.4,2,1,5,Hibernating
C02039,64,2,12575.75,3,1,4,Hibernating
C02040,32,1,1658.25,4,1,1,Potential Loyalists
C02041,220,2,3523.65,1,1,1,Hibernating
C02042,51,1,3007.9,4,1,1,Potential Loyalists
C02043,93,4,14212.8,3,3,4,Loyal Customers
C02044,18,3,4674.8,5,2,2,Potential Loyalists
C02046,2,5,20510.1,5,4,5,Champions
C02047,33,6,11838.45,4,5,4,Champions
C02048,143,6,14543.15,2,5,5,At Risk
C02049,75,3,10406.5,3,2,4,Hibernating
C02050,10,5,18954.75,5,4,5,Champions
C02051,90,3,5765.4,3,2,2,Hibernating
C02053,30,6,21754.0,4,5,5,Champions
C02054,20,3,6249.95,5,2,2,Potential Loyalists
C02055,1,4,12343.0,5,3,4,Loyal Customers
C02056,48,4,8841.5,4,3,3,Loyal Customers
C02057,96,3,8735.0,2,2,3,Hibernating
C02058,8,7,20143.15,5,5,5,Champions
C02059,6,6,17831.6,5,5,5,Champions
C02060,28,4,12600.45,4,3,4,Loyal Customers
C02062,148,5,14618.400000000001,2,4,5,At Risk
C02063,101,2,3596.1,2,1,1,Hibernating
C02064,35,5,14952.8,4,4,5,Champions
C02065,124,3,5786.5,2,2,2,Hibernating
C02066,24,2,6113.95,4,1,2,Potential Loyalists
C02067,112,2,3319.45,2,1,1,Hibernating
C02068,173,2,4997.55,1,1,2,Hibernating
C02069,47,3,6099.7,4,2,2,Potential Loyalists
C02070,30,3,3277.7,4,2,1,Potential Loyalists
C02071,226,1,949.5,1,1,1,Hibernating
C02072,76,4,12944.9,3,3,4,Loyal Customers
C02073,47,4,7937.650000000001,4,3,3,Loyal Customers
C02074,122,2,4689.35,2,1,2,Hibernating
C02075,58,3,7601.6,3,2,3,Hibernating
C02076,104,5,14243.45,2,4,4,At Risk
C02077,8,5,12599.65,5,4,4,Champions
C02078,215,4,4405.85,1,3,2,At Risk
C02079,111,3,4740.4,2,2,2,Hibernating
C02080,63,2,3522.85,3,1,1,Hibernating
C02081,33,5,19846.0,4,4,5,Champions
C02082,51,5,9804.8,4,4,3,Loyal Customers
C02083,25,4,6266.8,4,3,2,Loyal Customers
C02084,84,3,8657.7,3,2,3,Hibernating
C02085,133,4,7349.8,2,3,3,At Risk
C02086,93,3,12184.6,3,2,4,Hibernating
C02087,258,2,4818.4,1,1,2,Hibernating
C02088,266,2,2433.8,1,1,1,Hibernating
C02089,145,1,666.75,2,1,1,Hibernating
C02090,89,4,6586.05,3,3,2,Loyal Customers
C02091,2,4,9661.099999999999,5,3,3,Loyal Customers
C02092,50,6,18113.9,4,5,5,Champions
C02093,55,3,10206.3,3,2,4,Hibernating
C02094,41,3,8030.45,4,2,3,Potential Loyalists
C02095,340,2,3697.2,1,1,1,Hibernating
C02096,113,8,19653.3,2,5,5,At Risk
C02097,28,6,12359.7,4,5,4,Champions
C02098,38,4,6399.4,4,3,2,Loyal Customers
C02099,52,4,17646.3,4,3,5,Loyal Customers
C02100,37,2,5716.0,4,1,2,Potential Loyalists
C02101,28,4,14365.349999999999,4,3,5,Loyal Customers
C02102,23,4,12071.85,5,3,4,Loyal Customers
C02103,33,4,15736.2,4,3,5,Loyal Customers
C02104,99,7,18699.65,2,5,5,At Risk
C02105,204,3,7777.6,1,2,3,Hibernating
C02106,320,2,4674.3,1,1,2,Hibernating
C02107,32,4,7739.2,4,3,3,Loyal Customers
C02108,34,2,4221.9,4,1,2,Potential Loyalists
C02109,88,3,6020.799999999999,3,2,2,Hibernating
C02111,34,4,6976.05,4,3,3,Loyal Customers
C02112,101,3,7465.4,2,2,3,Hibernating
C02113,336,1,2674.8,1,1,1,Hibernating
C02114,34,4,6057.35,4,3,2,Loyal Customers
C02115,71,4,8643.0,3,3,3,Loyal Customers
C02116,145,4,5594.65,2,3,2,At Risk
C02117,72,7,25182.5,3,5,5,Loyal Customers
C02118,38,5,15112.349999999999,4,4,5,Champions
C02119,12,7,23193.9,5,5,5,Champions
C02120,8,1,2150.5,5,1,1,Potential Loyalists
C02121,118,5,14261.6,2,4,4,At Risk
C02122,339,1,1269.0,1,1,1,Hibernating
C02123,27,7,22487.85,4,5,5,Champions
C02124,156,2,1870.2,2,1,1,Hibernating
C02125,82,5,10917.6,3,4,4,Loyal Customers
C02127,42,5,11146.4,4,4,4,Champions
C02128,246,1,849.6,1,1,1,Hibernating
C02129,249,2,16480.800000000003,1,1,5,Hibernating
C02130,149,2,5990.049999999999,2,1,2,Hibernating
C02131,145,4,11622.349999999999,2,3,4,At Risk
C02132,2,5,14776.3,5,4,5,Champions
C02133,122,4,10257.95,2,3,4,At Risk
C02134,82,4,8318.2,3,3,3,Loyal Customers
C02135,124,5,15230.599999999999,2,4,5,At Risk
C02136,26,2,8573.55,4,1,3,Potential Loyalists
C02137,62,4,5823.95,3,3,2,Loyal Customers
C02138,38,2,6440.85,4,1,2,Potential Loyalists
C02139,89,3,7831.5,3,2,3,Hibernating
C02141,177,2,4900.8,1,1,2,Hibernating
C02142,190,3,5826.9,1,2,2,Hibernating
C02143,192,2,3274.0,1,1,1,Hibernating
C02144,110,4,14630.900000000001,2,3,5,At Risk
C02145,51,4,12124.25,4,3,4,Loyal Customers
C02146,165,5,9033.8,1,4,3,At Risk
C02147,98,6,19917.05,2,5,5,At Risk
C02148,36,6,20663.55,4,5,5,Champions
C02149,56,6,14683.25,3,5,5,Loyal Customers
C02150,54,5,13974.65,3,4,4,Loyal Customers
C02151,5,6,16083.55,5,5,5,Champions
C02152,60,3,17780.1,3,2,5,Hibernating
C02153,91,3,6969.35,3,2,3,Hibernating
C02154,9,4,4220.4,5,3,2,Loyal Customers
C02155,59,3,7172.3,3,2,3,Hibernating
C02156,52,4,9654.8,4,3,3,Loyal Customers
C02157,19,7,25315.25,5,5,5,Champions
C02158,116,2,4247.0,2,1,2,Hibernating
C02159,52,7,11088.6,4,5,4,Champions
C02160,193,1,3879.9,1,1,1,Hibernating
C02161,46,4,11467.65,4,3,4,Loyal Customers
C02163,12,6,24751.6,5,5,5,Champions
C02164,160,1,4102.0,2,1,2,Hibernating
C02165,252,2,2830.05,1,1,1,Hibernating
C02166,174,1,1992.8,1,1,1,Hibernating
C02167,4,5,7836.1,5,4,3,Loyal Customers
C02168,116,3,6429.45,2,2,2,Hibernating
C02169,51,1,773.1,4,1,1,Potential Loyalists
C02170,12,3,6215.9,5,2,2,Potential Loyalists
C02171,46,2,3462.1,4,1,1,Potential Loyalists
C02172,149,1,4651.0,2,1,2,Hibernating
C02173,72,4,11548.5,3,3,4,Loyal Customers
C02174,74,4,15110.4,3,3,5,Loyal Customers
C02175,8,2,2421.2,5,1,1,Potential Loyalists
C02176,99,2,3332.5,2,1,1,Hibernating
C02177,57,5,10134.4,3,4,4,Loyal Customers
C02178,43,1,219.8,4,1,1,Potential Loyalists
C02179,75,3,8554.8,3,2,3,Hibernating
C02180,74,5,28229.25,3,4,5,Loyal Customers
C02181,20,6,11974.1,5,5,4,Champions
C02182,39,2,2935.6,4,1,1,Potential Loyalists
C02184,47,4,8446.25,4,3,3,Loyal Customers
C02185,127,2,3202.2,2,1,1,Hibernating
C02186,338,1,2547.6,1,1,1,Hibernating
C02187,16,9,35962.0,5,5,5,Champions
C02188,10,7,24018.45,5,5,5,Champions
C02189,57,2,2431.8,3,1,1,Hibernating
C02190,173,2,2133.4,1,1,1,Hibernating
C02191,21,8,13963.599999999999,5,5,4,Champions
C02192,14,12,28916.899999999998,5,5,5,Champions
C02193,1,3,14724.0,5,2,5,Potential Loyalists
C02194,8,3,1940.1999999999998,5,2,1,Potential Loyalists
C02195,16,4,5813.55,5,3,2,Loyal Customers
C02196,319,1,6016.0,1,1,2,Hibernating
C02198,87,4,13754.0,3,3,4,Loyal Customers
C02199,51,6,15631.85,4,5,5,Champions
C02200,22,3,13234.4,5,2,4,Potential Loyalists
C02201,107,5,5502.0,2,4,2,At Risk
C02202,187,5,10806.0,1,4,4,At Risk
C02203,97,3,9206.35,2,2,3,Hibernating
C02204,103,4,10230.5,2,3,4,At Risk
C02205,70,4,7816.1,3,3,3,Loyal Customers
C02206,148,2,7754.3,2,1,3,Hibernating
C02207,81,3,8060.95,3,2,3,Hibernating
C02208,38,6,26687.4,4,5,5,Champions
C02209,11,4,12634.5,5,3,4,Loyal Customers
C02210,54,3,21328.399999999998,3,2,5,Hibernating
C02211,75,4,11700.1,3,3,4,Loyal Customers
C02212,14,3,10303.45,5,2,4,Potential Loyalists
C02213,55,1,2280.0,3,1,1,Hibernating
C02214,83,3,7787.8,3,2,3,Hibernating
C02215,143,1,3367.7,2,1,1,Hibernating
C02216,122,4,20122.8,2,3,5,At Risk
C02217,131,6,17754.45,2,5,5,At Risk
C02218,16,2,2101.3,5,1,1,Potential Loyalists
C02219,21,4,5901.3,5,3,2,Loyal Customers
C02220,40,8,13478.55,4,5,4,Champions
C02221,137,1,3058.3,2,1,1,Hibernating
C02222,46,4,16850.5,4,3,5,Loyal Customers
C02223,147,2,3823.3999999999996,2,1,1,Hibernating
C02224,181,2,6361.200000000001,1,1,2,Hibernating
C02225,143,3,7599.8,2,2,3,Hibernating
C02226,174,1,3502.0,1,1,1,Hibernating
C02227,228,5,14403.45,1,4,5,At Risk
C02228,4,4,10015.15,5,3,4,Loyal Customers
C02229,109,3,7398.95,2,2,3,Hibernating
C02230,92,4,9932.900000000001,3,3,4,Loyal Customers
C02231,38,3,8855.0,4,2,3,Potential Loyalists
C02232,9,1,2213.6,5,1,1,Potential Loyalists
C02233,6,1,999.6,5,1,1,Potential Loyalists
C02234,204,2,6929.25,1,1,3,Hibernating
C02235,62,4,6679.4,3,3,2,Loyal Customers
C02236,124,2,3738.6,2,1,1,Hibernating
C02237,21,3,4744.0,5,2,2,Potential Loyalists
C02238,29,3,5230.450000000001,4,2,2,Potential Loyalists
C02239,99,6,12138.85,2,5,4,At Risk
C02240,21,3,4600.849999999999,5,2,2,Potential Loyalists
C02241,54,4,11024.05,3,3,4,Loyal Customers
C02242,16,2,6258.95,5,1,2,Potential Loyalists
C02243,41,5,8183.400000000001,4,4,3,Loyal Customers
C02244,22,4,9017.2,5,3,3,Loyal Customers
C02246,116,5,10103.1,2,4,4,At Risk
C02247,19,7,21172.25,5,5,5,Champions
C02248,140,3,13192.25,2,2,4,Hibernating
C02249,80,3,6327.55,3,2,2,Hibernating
C02250,107,4,8288.55,2,3,3,At Risk
C02251,60,4,10330.15,3,3,4,Loyal Customers
C02252,36,1,4446.0,4,1,2,Potential Loyalists
C02253,169,2,3419.2,1,1,1,Hibernating
C02254,153,5,16763.85,2,4,5,At Risk
C02256,4,1,410.4,5,1,1,Potential Loyalists
C02257,5,5,11916.65,5,4,4,Champions
C02258,197,1,8626.95,1,1,3,Hibernating
C02259,136,3,3142.75,2,2,1,Hibernating
C02260,90,3,7498.4,3,2,3,Hibernating
C02261,50,2,4207.6,4,1,2,Potential Loyalists
C02262,148,2,5721.6,2,1,2,Hibernating
C02263,158,1,3269.1,2,1,1,Hibernating
C02264,237,2,4281.0,1,1,2,Hibernating
C02265,99,2,6575.8,2,1,2,Hibernating
C02266,12,6,7575.35,5,5,3,Loyal Customers
C02267,164,1,1629.45,1,1,1,Hibernating
C02268,174,2,6004.7,1,1,2,Hibernating
C02269,10,6,21975.2,5,5,5,Champions
C02270,45,3,4067.85,4,2,2,Potential Loyalists
C02271,198,3,11719.3,1,2,4,Hibernating
C02272,128,3,8643.6,2,2,3,Hibernating
C02273,84,2,2305.6,3,1,1,Hibernating
C02274,17,4,11121.6,5,3,4,Loyal Customers
C02275,202,1,742.2,1,1,1,Hibernating
C02276,194,2,2946.1000000000004,1,1,1,Hibernating
C02277,4,9,19243.35,5,5,5,Champions
C02278,35,4,18724.25,4,3,5,Loyal Customers
C02279,162,1,349.5,1,1,1,Hibernating
C02280,21,4,5651.8,5,3,2,Loyal Customers
C02281,38,3,5913.2,4,2,2,Potential Loyalists
C02282,210,1,3255.0,1,1,1,Hibernating
C02283,127,2,6370.65,2,1,2,Hibernating
C02284,23,5,19393.9,5,4,5,Champions
C02285,45,7,13636.45,4,5,4,Champions
C02286,3,4,10079.9,5,3,4,Loyal Customers
C02287,35,4,12923.9,4,3,4,Loyal Customers
C02288,219,1,2560.6,1,1,1,Hibernating
C02289,220,5,12145.1,1,4,4,At Risk
C02290,20,4,11685.45,5,3,4,Loyal Customers
C02291,10,6,9065.2,5,5,3,Loyal Customers
C02292,1,3,4147.1,5,2,2,Potential Loyalists
C02293,26,4,21041.600000000002,4,3,5,Loyal Customers
C02294,132,8,13963.650000000001,2,5,4,At Risk
C02295,73,7,22355.75,3,5,5,Loyal Customers
C02296,123,3,16690.35,2,2,5,Hibernating
C02297,9,5,28153.35,5,4,5,Champions
C02298,61,7,22418.3,3,5,5,Loyal Customers
C02299,44,5,17500.15,4,4,5,Champions
C02300,200,1,3660.0,1,1,1,Hibernating
C02301,37,3,3624.3,4,2,1,Potential Loyalists
C02302,158,4,13191.45,2,3,4,At Risk
C02303,36,8,14638.1,4,5,5,Champions
C02304,90,6,12805.85,3,5,4,Loyal Customers
C02305,53,5,17702.7,4,4,5,Champions
C02306,204,2,14798.4,1,1,5,Hibernating
C02307,63,3,10374.7,3,2,4,Hibernating
C02308,272,1,3304.8,1,1,1,Hibernating
C02309,293,1,5298.0,1,1,2,Hibernating
C02310,29,7,25481.85,4,5,5,Champions
C02311,15,4,19303.5,5,3,5,Loyal Customers
C02312,88,2,6059.1,3,1,2,Hibernating
C02313,125,3,9258.25,2,2,3,Hibernating
C02314,106,4,8796.05,2,3,3,At Risk
C02315,80,4,6646.4,3,3,2,Loyal Customers
C02316,20,3,9832.5,5,2,3,Potential Loyalists
C02317,14,5,16091.0,5,4,5,Champions
C02318,50,3,13379.95,4,2,4,Potential Loyalists
C02319,75,3,4845.65,3,2,2,Hibernating
C02320,63,3,15742.949999999999,3,2,5,Hibernating
C02321,194,2,5090.6,1,1,2,Hibernating
C02322,122,4,19567.649999999998,2,3,5,At Risk
C02323,53,2,1564.0,4,1,1,Potential Loyalists
C02324,112,2,5114.4,2,1,2,Hibernating
C02325,133,3,8141.799999999999,2,2,3,Hibernating
C02326,102,3,5739.700000000001,2,2,2,Hibernating
C02327,250,3,3886.55,1,2,1,Hibernating
C02328,47,3,6300.5,4,2,2,Potential Loyalists
C02329,38,2,4849.25,4,1,2,Potential Loyalists
C02331,102,3,12981.05,2,2,4,Hibernating
C02332,104,3,4766.4,2,2,2,Hibernating
C02333,135,3,3411.2,2,2,1,Hibernating
C02334,183,4,18726.6,1,3,5,At Risk
C02335,201,2,3395.55,1,1,1,Hibernating
C02336,29,9,26521.75,4,5,5,Champions
C02337,130,3,4175.6,2,2,2,Hibernating
C02338,159,3,9520.7,2,2,3,Hibernating
C02339,47,7,20051.1,4,5,5,Champions
C02340,6,3,4548.9,5,2,2,Potential Loyalists
C02341,187,2,2941.95,1,1,1,Hibernating
C02342,35,2,3432.75,4,1,1,Potential Loyalists
C02343,190,1,2141.5,1,1,1,Hibernating
C02344,53,9,26478.2,4,5,5,Champions
C02345,112,5,12984.7,2,4,4,At Risk
C02347,24,4,15320.85,4,3,5,Loyal Customers
C02348,58,1,2295.2,3,1,1,Hibernating
C02349,11,5,10316.45,5,4,4,Champions
C02350,48,3,5104.4,4,2,2,Potential Loyalists
C02351,88,6,13799.449999999999,3,5,4,Loyal Customers
C02352,18,9,17080.1,5,5,5,Champions
C02353,57,5,10951.05,3,4,4,Loyal Customers
C02354,349,1,2650.5,1,1,1,Hibernating
C02355,25,4,10368.4,4,3,4,Loyal Customers
C02356,128,4,8296.3,2,3,3,At Risk
C02357,32,6,7746.6,4,5,3,Loyal Customers
C02358,29,4,11308.6,4,3,4,Loyal Customers
C02359,246,3,6822.3,1,2,3,Hibernating
C02360,131,3,5637.5,2,2,2,Hibernating
C02361,37,3,5809.6,4,2,2,Potential Loyalists
C02362,32,2,2531.55,4,1,1,Potential Loyalists
C02363,65,7,14820.45,3,5,5,Loyal Customers
C02364,84,3,4500.45,3,2,2,Hibernating
C02365,149,5,13833.75,2,4,4,At Risk
C02366,83,3,10633.4,3,2,4,Hibernating
C02367,77,2,4500.9,3,1,2,Hibernating
C02368,260,2,3745.8,1,1,1,Hibernating
C02369,19,4,6331.799999999999,5,3,2,Loyal Customers
C02370,152,2,6096.05,2,1,2,Hibernating
C02371,2,4,14792.449999999999,5,3,5,Loyal Customers
C02372,130,3,9971.25,2,2,4,Hibernating
C02373,125,5,11943.800000000001,2,4,4,At Risk
C02374,157,3,2827.1,2,2,1,Hibernating
C02375,6,4,2258.05,5,3,1,Loyal Customers
C02376,145,2,3916.8,2,1,1,Hibernating
C02377,96,6,19941.3,2,5,5,At Risk
C02378,39,7,27540.2,4,5,5,Champions
C02379,53,2,10368.2,4,1,4,Potential Loyalists
C02380,59,1,3234.0,3,1,1,Hibernating
C02381,119,2,7626.0,2,1,3,Hibernating
C02382,104,5,14489.900000000001,2,4,5,At Risk
C02383,57,5,21553.9,3,4,5,Loyal Customers
C02384,63,5,12984.2,3,4,4,Loyal Customers
C02385,271,5,16488.65,1,4,5,At Risk
C02386,28,3,6578.45,4,2,2,Potential Loyalists
C02387,305,2,4552.0,1,1,2,Hibernating
C02388,208,3,3763.75,1,2,1,Hibernating
C02389,284,1,1560.0,1,1,1,Hibernating
C02390,164,2,7871.55,1,1,3,Hibernating
C02392,280,2,7047.150000000001,1,1,3,Hibernating
C02393,95,5,12394.9,2,4,4,At Risk
C02394,178,1,456.75,1,1,1,Hibernating
C02395,251,1,3353.25,1,1,1,Hibernating
C02396,36,5,20064.1,4,4,5,Champions
C02397,214,2,4487.4,1,1,2,Hibernating
C02398,59,3,6637.05,3,2,2,Hibernating
C02399,46,8,24325.45,4,5,5,Champions
C02400,213,2,2287.6,1,1,1,Hibernating
C02401,125,7,12928.05,2,5,4,At Risk
C02402,23,3,12741.5,5,2,4,Potential Loyalists
C02403,48,7,18754.55,4,5,5,Champions
C02404,32,4,10458.6,4,3,4,Loyal Customers
C02405,152,3,14883.5,2,2,5,Hibernating
C02406,9,6,18313.9,5,5,5,Champions
C02407,10,5,14040.900000000001,5,4,4,Champions
C02408,140,4,7189.95,2,3,3,At Risk
C02409,200,2,2418.3,1,1,1,Hibernating
C02410,142,1,4622.7,2,1,2,Hibernating
C02411,119,4,11762.7,2,3,4,At Risk
C02412,102,7,18204.7,2,5,5,At Risk
C02413,22,3,8651.9,5,2,3,Potential Loyalists
C02414,1,2,4398.0,5,1,2,Potential Loyalists
C02415,22,5,13897.300000000001,5,4,4,Champions
C02416,22,4,6481.8,5,3,2,Loyal Customers
C02417,4,1,691.05,5,1,1,Potential Loyalists
C02418,159,4,4565.7,2,3,2,At Risk
C02419,217,1,1838.25,1,1,1,Hibernating
C02420,2,4,12731.2,5,3,4,Loyal Customers
C02421,82,3,7578.35,3,2,3,Hibernating
C02422,58,2,3914.0,3,1,1,Hibernating
C02423,31,6,25807.45,4,5,5,Champions
C02424,70,2,4196.0,3,1,2,Hibernating
C02425,100,1,2504.6,2,1,1,Hibernating
C02426,99,3,6088.8,2,2,2,Hibernating
C02427,18,4,12270.3,5,3,4,Loyal Customers
C02428,5,5,6628.700000000001,5,4,2,Loyal Customers
C02429,239,1,761.6,1,1,1,Hibernating
C02430,250,4,10772.400000000001,1,3,4,At Risk
C02431,145,1,4630.4,2,1,2,Hibernating
C02432,36,9,30278.35,4,5,5,Champions
C02433,3,4,20726.25,5,3,5,Loyal Customers
C02434,283,2,4937.0,1,1,2,Hibernating
C02435,12,7,23973.25,5,5,5,Champions
C02436,158,2,1308.35,2,1,1,Hibernating
C02437,192,2,1584.6,1,1,1,Hibernating
C02438,57,5,6522.9,3,4,2,Loyal Customers
C02439,349,3,9728.25,1,2,3,Hibernating
C02441,8,7,15965.7,5,5,5,Champions
C02442,65,3,17987.4,3,2,5,Hibernating
C02443,29,6,15248.7,4,5,5,Champions
C02444,250,2,3388.7,1,1,1,Hibernating
C02445,83,4,12859.15,3,3,4,Loyal Customers
C02446,19,4,6593.25,5,3,2,Loyal Customers
C02447,19,2,18174.0,5,1,5,Potential Loyalists
C02448,44,5,20054.35,4,4,5,Champions
C02449,109,4,6477.0,2,3,2,At Risk
C02450,119,4,13525.3,2,3,4,At Risk
C02451,57,2,8978.199999999999,3,1,3,Hibernating
C02452,195,5,7343.150000000001,1,4,3,At Risk
C02453,229,3,12351.0,1,2,4,Hibernating
C02454,95,7,24415.15,2,5,5,At Risk
C02455,6,4,9929.8,5,3,4,Loyal Customers
C02456,15,5,11779.8,5,4,4,Champions
C02457,90,4,13614.4,3,3,4,Loyal Customers
C02458,120,5,11553.5,2,4,4,At Risk
C02459,21,3,19424.7,5,2,5,Potential Loyalists
C02460,52,2,1654.15,4,1,1,Potential Loyalists
C02461,23,3,7746.6,5,2,3,Potential Loyalists
C02462,134,2,4050.8,2,1,2,Hibernating
C02463,50,4,13265.55,4,3,4,Loyal Customers
C02464,259,4,7612.2,1,3,3,At Risk
C02465,81,1,2664.0,3,1,1,Hibernating
C02466,50,2,3412.85,4,1,1,Potential Loyalists
C02467,23,3,8844.35,5,2,3,Potential Loyalists
C02468,45,9,22076.1,4,5,5,Champions
C02469,39,2,9995.949999999999,4,1,4,Potential Loyalists
C02470,35,4,7885.55,4,3,3,Loyal Customers
C02471,224,3,11692.55,1,2,4,Hibernating
C02472,123,1,2039.1,2,1,1,Hibernating
C02473,50,6,9549.8,4,5,3,Loyal Customers
C02474,37,4,18652.25,4,3,5,Loyal Customers
C02475,56,3,6753.3,3,2,2,Hibernating
C02476,216,2,6005.2,1,1,2,Hibernating
C02477,66,5,7276.05,3,4,3,Loyal Customers
C02478,48,6,12698.25,4,5,4,Champions
C02479,20,5,16435.35,5,4,5,Champions
C02480,13,7,11911.25,5,5,4,Champions
C02481,156,5,15610.400000000001,2,4,5,At Risk
C02482,114,5,15835.0,2,4,5,At Risk
C02483,11,4,7464.200000000001,5,3,3,Loyal Customers
C02484,9,6,16305.25,5,5,5,Champions
C02485,67,2,4609.4,3,1,2,Hibernating
C02486,336,1,1779.05,1,1,1,Hibernating
C02487,176,4,14784.550000000003,1,3,5,At Risk
C02488,270,2,4074.85,1,1,2,Hibernating
C02489,28,3,7794.4,4,2,3,Potential Loyalists
C02490,44,7,23129.0,4,5,5,Champions
C02491,24,4,6298.7,4,3,2,Loyal Customers
C02492,28,5,13943.6,4,4,4,Champions
C02493,321,1,1434.5,1,1,1,Hibernating
C02494,17,3,4662.1,5,2,2,Potential Loyalists
C02495,293,2,2997.1,1,1,1,Hibernating
C02496,44,5,9607.7,4,4,3,Loyal Customers
C02497,46,1,9095.3,4,1,3,Potential Loyalists
C02498,52,3,6850.95,4,2,3,Potential Loyalists
C02499,78,5,15733.4,3,4,5,Loyal Customers
C02500,157,7,18125.8,2,5,5,At Risk
C02501,250,1,2856.0,1,1,1,Hibernating
C02502,187,3,3938.6,1,2,1,Hibernating
C02503,73,3,8240.65,3,2,3,Hibernating
C02504,189,2,2700.5,1,1,1,Hibernating
C02505,13,4,4986.85,5,3,2,Loyal Customers
C02506,1,2,5151.0,5,1,2,Potential Loyalists
C02507,76,2,5554.5,3,1,2,Hibernating
C02508,144,1,3352.5,2,1,1,Hibernating
C02510,273,3,4492.8,1,2,2,Hibernating
C02511,116,4,8598.4,2,3,3,At Risk
C02512,71,2,4235.2,3,1,2,Hibernating
C02513,205,3,10961.3,1,2,4,Hibernating
C02514,288,1,2504.6,1,1,1,Hibernating
C02515,43,2,6488.6,4,1,2,Potential Loyalists
C02516,5,7,9042.85,5,5,3,Loyal Customers
C02517,132,4,11147.55,2,3,4,At Risk
C02518,38,3,6058.6,4,2,2,Potential Loyalists
C02519,131,1,551.65,2,1,1,Hibernating
C02520,78,4,11221.3,3,3,4,Loyal Customers
C02521,99,2,3049.8,2,1,1,Hibernating
C02522,189,1,4620.0,1,1,2,Hibernating
C02523,187,3,8550.7,1,2,3,Hibernating
C02524,48,1,2980.8,4,1,1,Potential Loyalists
C02525,165,3,6755.9,1,2,2,Hibernating
C02526,52,4,10083.65,4,3,4,Loyal Customers
C02527,86,4,11073.7,3,3,4,Loyal Customers
C02528,26,2,9335.5,4,1,3,Potential Loyalists
C02529,90,2,3463.5,3,1,1,Hibernating
C02530,173,3,9971.699999999999,1,2,4,Hibernating
C02531,71,2,2232.0,3,1,1,Hibernating
C02532,56,1,949.8,3,1,1,Hibernating
C02533,65,4,14307.45,3,3,5,Loyal Customers
C02534,170,3,5293.7,1,2,2,Hibernating
C02535,146,4,19703.3,2,3,5,At Risk
C02536,57,3,8393.95,3,2,3,Hibernating
C02538,67,3,6660.6,3,2,2,Hibernating
C02539,216,2,4303.0,1,1,2,Hibernating
C02540,125,5,15610.4,2,4,5,At Risk
C02541,26,2,16011.25,4,1,5,Potential Loyalists
C02542,53,6,15137.75,4,5,5,Champions
C02543,66,3,3748.4,3,2,1,Hibernating
C02544,9,4,7670.0,5,3,3,Loyal Customers
C02545,106,2,8549.55,2,1,3,Hibernating
C02546,56,7,18876.5,3,5,5,Loyal Customers
C02547,124,2,5656.65,2,1,2,Hibernating
C02548,133,5,14860.4,2,4,5,At Risk
C02549,34,5,11455.05,4,4,4,Champions
C02550,110,2,2355.0,2,1,1,Hibernating
C02551,15,4,9665.5,5,3,3,Loyal Customers
C02552,73,3,8760.8,3,2,3,Hibernating
C02553,127,4,5958.7,2,3,2,At Risk
C02554,55,5,9411.85,3,4,3,Loyal Customers
C02555,43,4,5922.35,4,3,2,Loyal Customers
C02556,4,6,15375.8,5,5,5,Champions
C02557,209,1,1362.6,1,1,1,Hibernating
C02558,11,3,4058.05,5,2,2,Potential Loyalists
C02559,65,6,21397.65,3,5,5,Loyal Customers
C02560,335,1,798.8,1,1,1,Hibernating
C02561,21,5,15172.1,5,4,5,Champions
C02562,293,1,3790.7999999999997,1,1,1,Hibernating
C02564,83,1,2983.4,3,1,1,Hibernating
C02565,213,1,436.8,1,1,1,Hibernating
C02566,58,6,12295.55,3,5,4,Loyal Customers
C02567,245,1,2800.85,1,1,1,Hibernating
C02568,61,3,6830.5,3,2,3,Hibernating
C02569,141,2,2490.2,2,1,1,Hibernating
C02570,52,2,1882.35,4,1,1,Potential Loyalists
C02571,15,4,11234.85,5,3,4,Loyal Customers
C02572,114,4,15420.05,2,3,5,At Risk
C02573,63,6,11753.2,3,5,4,Loyal Customers
C02574,108,5,22198.55,2,4,5,At Risk
C02575,10,4,8906.7,5,3,3,Loyal Customers
C02576,291,3,7508.7,1,2,3,Hibernating
C02577,109,3,8651.4,2,2,3,Hibernating
C02578,152,3,7131.0,2,2,3,Hibernating
C02579,80,4,12563.55,3,3,4,Loyal Customers
C02580,57,5,8141.0,3,4,3,Loyal Customers
C02581,42,2,7516.65,4,1,3,Potential Loyalists
C02582,106,4,10892.8,2,3,4,At Risk
C02583,28,5,12243.55,4,4,4,Champions
C02584,131,1,3051.0,2,1,1,Hibernating
C02585,102,1,1105.5,2,1,1,Hibernating
C02586,185,4,19566.2,1,3,5,At Risk
C02587,128,3,12331.45,2,2,4,Hibernating
C02588,122,4,10703.400000000001,2,3,4,At Risk
C02589,104,4,9317.25,2,3,3,At Risk
C02590,50,3,8970.800000000001,4,2,3,Potential Loyalists
C02591,96,5,17823.75,2,4,5,At Risk
C02592,276,3,3266.1,1,2,1,Hibernating
C02593,21,3,5340.1,5,2,2,Potential Loyalists
C02594,98,2,6800.4,2,1,3,Hibernating
C02595,55,5,7964.85,3,4,3,Loyal Customers
C02596,15,3,5029.5,5,2,2,Potential Loyalists
C02597,182,2,10364.55,1,1,4,Hibernating
C02598,5,8,17780.05,5,5,5,Champions
C02599,8,5,19608.45,5,4,5,Champions
C02600,93,4,7473.65,3,3,3,Loyal Customers
C02601,61,4,5869.9,3,3,2,Loyal Customers
C02602,32,5,23867.25,4,4,5,Champions
C02603,163,3,5326.35,1,2,2,Hibernating
C02604,132,3,9697.8,2,2,3,Hibernating
C02605,4,6,14409.2,5,5,5,Champions
C02606,29,2,4500.45,4,1,2,Potential Loyalists
C02607,113,5,22939.3,2,4,5,At Risk
C02608,109,3,5133.6,2,2,2,Hibernating
C02609,70,4,17502.45,3,3,5,Loyal Customers
C02610,5,5,24535.9,5,4,5,Champions
C02611,48,4,14559.6,4,3,5,Loyal Customers
C02612,279,1,192.5,1,1,1,Hibernating
C02613,74,3,7251.3,3,2,3,Hibernating
C02614,130,3,6859.1,2,2,3,Hibernating
C02615,20,3,5768.599999999999,5,2,2,Potential Loyalists
C02616,124,3,19882.9,2,2,5,Hibernating
C02617,138,5,22005.35,2,4,5,At Risk
C02618,39,5,12034.9,4,4,4,Champions
C02619,3,5,7879.1,5,4,3,Loyal Customers
C02620,56,5,14816.85,3,4,5,Loyal Customers
C02621,50,7,15297.05,4,5,5,Champions
C02622,141,3,6919.4,2,2,3,Hibernating
C02623,43,6,8659.55,4,5,3,Loyal Customers
C02624,164,3,13170.05,1,2,4,Hibernating
C02625,47,2,7550.9,4,1,3,Potential Loyalists
C02626,30,8,25505.899999999998,4,5,5,Champions
C02627,184,2,2903.0,1,1,1,Hibernating
C02628,12,6,19865.0,5,5,5,Champions
C02629,130,3,5345.9,2,2,2,Hibernating
C02630,47,3,4306.25,4,2,2,Potential Loyalists
C02631,46,3,10295.8,4,2,4,Potential Loyalists
C02632,337,1,1440.0,1,1,1,Hibernating
C02633,247,3,13947.0,1,2,4,Hibernating
C02634,212,5,26119.7,1,4,5,At Risk
C02636,70,3,9002.9,3,2,3,Hibernating
C02637,14,3,6806.0,5,2,3,Potential Loyalists
C02638,149,3,5340.9,2,2,2,Hibernating
C02639,15,5,11914.85,5,4,4,Champions
C02640,74,7,29590.449999999997,3,5,5,Loyal Customers
C02641,85,3,12857.0,3,2,4,Hibernating
C02642,19,2,2419.8,5,1,1,Potential Loyalists
C02643,39,4,5752.35,4,3,2,Loyal Customers
C02644,122,4,7330.35,2,3,3,At Risk
C02645,67,2,7893.7,3,1,3,Hibernating
C02647,23,8,18873.05,5,5,5,Champions
C02648,290,1,1534.25,1,1,1,Hibernating
C02649,15,1,1707.75,5,1,1,Potential Loyalists
C02650,19,4,11930.25,5,3,4,Loyal Customers
C02651,362,1,1052.4,1,1,1,Hibernating
C02652,150,5,13599.9,2,4,4,At Risk
C02653,111,2,4918.2,2,1,2,Hibernating
C02654,28,4,10360.25,4,3,4,Loyal Customers
C02655,79,1,2441.6,3,1,1,Hibernating
C02656,4,2,5526.0,5,1,2,Potential Loyalists
C02657,211,2,4889.75,1,1,2,Hibernating
C02658,69,5,16212.2,3,4,5,Loyal Customers
C02659,5,3,20075.6,5,2,5,Potential Loyalists
C02660,84,4,8369.8,3,3,3,Loyal Customers
C02661,31,3,3287.05,4,2,1,Potential Loyalists
C02662,96,3,19033.2,2,2,5,Hibernating
C02663,69,2,9840.6,3,1,3,Hibernating
C02664,83,2,4272.5,3,1,2,Hibernating
C02665,133,5,8847.9,2,4,3,At Risk
C02666,88,3,13472.2,3,2,4,Hibernating
C02667,290,2,6180.35,1,1,2,Hibernating
C02668,35,4,11365.6,4,3,4,Loyal Customers
C02669,192,4,12867.35,1,3,4,At Risk
C02670,2,4,14913.2,5,3,5,Loyal Customers
C02671,259,3,12746.15,1,2,4,Hibernating
C02672,19,2,12748.3,5,1,4,Potential Loyalists
C02673,185,2,5609.4,1,1,2,Hibernating
C02674,40,3,11447.9,4,2,4,Potential Loyalists
C02675,147,3,12049.95,2,2,4,Hibernating
C02676,222,5,14551.4,1,4,5,At Risk
C02677,7,2,3256.85,5,1,1,Potential Loyalists
C02678,16,6,13046.05,5,5,4,Champions
C02679,61,3,5703.4,3,2,2,Hibernating
C02680,231,2,2709.8,1,1,1,Hibernating
C02681,105,4,10242.9,2,3,4,At Risk
C02682,51,5,17883.25,4,4,5,Champions
C02683,172,3,5550.1,1,2,2,Hibernating
C02684,127,4,10417.6,2,3,4,At Risk
C02685,123,2,4181.3,2,1,2,Hibernating
C02686,71,5,7433.099999999999,3,4,3,Loyal Customers
C02687,31,3,7949.05,4,2,3,Potential Loyalists
C02688,32,5,13610.3,4,4,4,Champions
C02689,49,1,529.5,4,1,1,Potential Loyalists
C02690,74,3,8899.4,3,2,3,Hibernating
C02691,4,7,29245.45,5,5,5,Champions
C02692,37,2,4749.700000000001,4,1,2,Potential Loyalists
C02693,110,4,6464.65,2,3,2,At Risk
C02694,108,2,5950.85,2,1,2,Hibernating
C02695,100,3,6222.0,2,2,2,Hibernating
C02696,166,5,11206.35,1,4,4,At Risk
C02697,301,2,6124.0,1,1,2,Hibernating
C02698,1,1,714.6,5,1,1,Potential Loyalists
C02699,73,2,3138.5,3,1,1,Hibernating
C02700,39,3,8263.8,4,2,3,Potential Loyalists
C02701,61,3,6583.9,3,2,2,Hibernating
C02702,148,4,13112.9,2,3,4,At Risk
C02703,141,3,6581.65,2,2,2,Hibernating
C02704,84,5,19596.199999999997,3,4,5,Loyal Customers
C02705,48,6,17269.55,4,5,5,Champions
C02706,105,4,9758.9,2,3,3,At Risk
C02707,341,1,2390.7,1,1,1,Hibernating
C02708,67,4,11327.75,3,3,4,Loyal Customers
C02709,6,2,3192.95,5,1,1,Potential Loyalists
C02710,279,2,4552.0,1,1,2,Hibernating
C02711,4,4,8602.4,5,3,3,Loyal Customers
C02712,20,5,18484.25,5,4,5,Champions
C02713,142,2,993.1,2,1,1,Hibernating
C02714,56,4,12544.0,3,3,4,Loyal Customers
C02715,8,6,14826.949999999999,5,5,5,Champions
C02716,68,6,9800.65,3,5,3,Loyal Customers
C02717,189,3,7833.8,1,2,3,Hibernating
C02718,158,1,1009.2,2,1,1,Hibernating
C02719,272,3,5437.75,1,2,2,Hibernating
C02720,220,3,5315.05,1,2,2,Hibernating
C02721,100,2,4166.4,2,1,2,Hibernating
C02722,22,2,4850.0,5,1,2,Potential Loyalists
C02723,20,4,6514.3,5,3,2,Loyal Customers
C02724,71,1,1050.0,3,1,1,Hibernating
C02725,91,2,4950.9,3,1,2,Hibernating
C02726,132,4,13853.2,2,3,4,At Risk
C02727,43,7,24401.35,4,5,5,Champions
C02728,1,3,8608.6,5,2,3,Potential Loyalists
C02730,113,3,7468.05,2,2,3,Hibernating
C02731,352,1,1924.7,1,1,1,Hibernating
C02732,139,5,10151.0,2,4,4,At Risk
C02733,165,3,7580.1,1,2,3,Hibernating
C02734,261,1,1597.2,1,1,1,Hibernating
C02735,353,1,2486.15,1,1,1,Hibernating
C02736,277,2,9311.2,1,1,3,Hibernating
C02737,251,2,7493.15,1,1,3,Hibernating
C02738,175,2,14085.4,1,1,4,Hibernating
C02739,20,4,7094.299999999999,5,3,3,Loyal Customers
C02740,215,2,6602.5,1,1,2,Hibernating
C02741,25,4,3882.8999999999996,4,3,1,Loyal Customers
C02742,202,1,523.5,1,1,1,Hibernating
C02743,33,4,8510.95,4,3,3,Loyal Customers
C02744,91,4,4857.400000000001,3,3,2,Loyal Customers
C02745,116,3,5093.85,2,2,2,Hibernating
C02746,9,5,15678.4,5,4,5,Champions
C02747,14,5,5882.3,5,4,2,Loyal Customers
C02748,61,4,10411.05,3,3,4,Loyal Customers
C02749,20,5,13771.9,5,4,4,Champions
C02750,64,4,8152.299999999999,3,3,3,Loyal Customers
C02751,343,1,648.0,1,1,1,Hibernating
C02752,99,7,16484.05,2,5,5,At Risk
C02753,18,2,3060.2,5,1,1,Potential Loyalists
C02754,38,2,1774.8000000000002,4,1,1,Potential Loyalists
C02755,16,3,12189.800000000001,5,2,4,Potential Loyalists
C02756,138,3,1174.5,2,2,1,Hibernating
C02757,26,1,5996.2,4,1,2,Potential Loyalists
C02758,51,4,9266.4,4,3,3,Loyal Customers
C02759,228,1,2461.5,1,1,1,Hibernating
C02760,109,2,14381.550000000001,2,1,5,Hibernating
C02761,74,3,11166.7,3,2,4,Hibernating
C02762,237,2,6545.7,1,1,2,Hibernating
C02763,6,2,3813.7999999999997,5,1,1,Potential Loyalists
C02764,182,4,12011.75,1,3,4,At Risk
C02765,34,5,14226.4,4,4,4,Champions
C02766,90,4,14638.7,3,3,5,Loyal Customers
C02767,143,1,2785.4,2,1,1,Hibernating
C02768,45,3,8723.7,4,2,3,Potential Loyalists
C02769,135,4,8064.1,2,3,3,At Risk
C02770,14,3,11204.15,5,2,4,Potential Loyalists
C02772,141,2,2110.0,2,1,1,Hibernating
C02774,16,5,10095.4,5,4,4,Champions
C02775,19,5,9796.4,5,4,3,Loyal Customers
C02776,7,4,9112.35,5,3,3,Loyal Customers
C02777,21,5,15275.85,5,4,5,Champions
C02778,15,6,20145.1,5,5,5,Champions
C02779,81,6,12520.8,3,5,4,Loyal Customers
C02780,64,5,13392.45,3,4,4,Loyal Customers
C02781,39,4,10645.35,4,3,4,Loyal Customers
C02782,139,2,834.0,2,1,1,Hibernating
C02783,23,7,20844.7,5,5,5,Champions
C02784,15,6,19481.4,5,5,5,Champions
C02785,20,2,9903.9,5,1,4,Potential Loyalists
C02786,39,5,8073.85,4,4,3,Loyal Customers
C02787,95,1,7575.2,2,1,3,Hibernating
C02788,109,2,5977.65,2,1,2,Hibernating
C02789,41,3,5467.2,4,2,2,Potential Loyalists
C02790,110,3,5400.9,2,2,2,Hibernating
C02791,79,1,2102.3999999999996,3,1,1,Hibernating
C02792,122,1,1541.7,2,1,1,Hibernating
C02793,54,3,3552.4,3,2,1,Hibernating
C02794,13,5,7460.7,5,4,3,Loyal Customers
C02795,3,2,3259.9,5,1,1,Potential Loyalists
C02796,1,3,7637.55,5,2,3,Potential Loyalists
C02797,36,6,22713.9,4,5,5,Champions
C02798,13,8,24783.100000000002,5,5,5,Champions
C02799,288,2,3217.35,1,1,1,Hibernating
C02800,28,3,7514.7,4,2,3,Potential Loyalists
C02801,225,3,12693.199999999999,1,2,4,Hibernating
C02802,195,2,1510.5,1,1,1,Hibernating
C02803,147,1,3655.85,2,1,1,Hibernating
C02804,101,3,5264.55,2,2,2,Hibernating
C02805,2,2,4233.7,5,1,2,Potential Loyalists
C02806,52,3,11136.599999999999,4,2,4,Potential Loyalists
C02807,150,2,5491.950000000001,2,1,2,Hibernating
C02808,8,3,16267.699999999999,5,2,5,Potential Loyalists
C02809,80,8,21333.6,3,5,5,Loyal Customers
C02810,16,4,13011.349999999999,5,3,4,Loyal Customers
C02811,6,4,6719.65,5,3,2,Loyal Customers
C02812,37,4,7409.3,4,3,3,Loyal Customers
C02813,140,2,4580.7,2,1,2,Hibernating
C02814,121,3,7274.349999999999,2,2,3,Hibernating
C02815,7,4,11294.9,5,3,4,Loyal Customers
C02816,21,7,13360.55,5,5,4,Champions
C02817,2,5,19944.15,5,4,5,Champions
C02818,116,3,11487.0,2,2,4,Hibernating
C02819,82,6,10288.55,3,5,4,Loyal Customers
C02821,313,2,6914.0,1,1,3,Hibernating
C02822,9,4,8832.0,5,3,3,Loyal Customers
C02823,35,1,1698.5,4,1,1,Potential Loyalists
C02824,8,4,8586.1,5,3,3,Loyal Customers
C02825,2,2,5536.5,5,1,2,Potential Loyalists
C02826,169,3,5983.55,1,2,2,Hibernating
C02827,104,2,7694.35,2,1,3,Hibernating
C02828,10,2,11901.600000000002,5,1,4,Potential Loyalists
C02829,89,1,195.65,3,1,1,Hibernating
C02830,311,1,4426.8,1,1,2,Hibernating
C02831,14,5,13139.2,5,4,4,Champions
C02832,64,5,14573.15,3,4,5,Loyal Customers
C02833,112,3,11305.5,2,2,4,Hibernating
C02835,35,7,19124.75,4,5,5,Champions
C02836,126,3,8155.05,2,2,3,Hibernating
C02837,2,3,7384.9,5,2,3,Potential Loyalists
C02838,44,3,7524.7,4,2,3,Potential Loyalists
C02839,57,6,12477.85,3,5,4,Loyal Customers
C02840,18,4,12913.25,5,3,4,Loyal Customers
C02841,119,5,12323.3,2,4,4,At Risk
C02842,36,4,8828.1,4,3,3,Loyal Customers
C02843,140,4,8182.6,2,3,3,At Risk
C02845,47,3,16095.5,4,2,5,Potential Loyalists
C02846,12,4,15980.5,5,3,5,Loyal Customers
C02847,102,5,13644.0,2,4,4,At Risk
C02848,117,2,2506.4,2,1,1,Hibernating
C02849,137,2,13443.3,2,1,4,Hibernating
C02850,145,2,9288.0,2,1,3,Hibernating
C02851,4,5,11476.0,5,4,4,Champions
C02852,197,6,19246.95,1,5,5,At Risk
C02853,37,1,4112.4,4,1,2,Potential Loyalists
C02854,10,4,3876.4,5,3,1,Loyal Customers
C02855,1,3,12093.1,5,2,4,Potential Loyalists
C02856,56,3,4394.6,3,2,2,Hibernating
C02857,2,5,9387.800000000001,5,4,3,Loyal Customers
C02858,52,3,5515.700000000001,4,2,2,Potential Loyalists
C02860,118,3,12071.400000000001,2,2,4,Hibernating
C02861,353,1,5509.7,1,1,2,Hibernating
C02862,26,5,25779.95,4,4,5,Champions
C02863,23,3,12080.0,5,2,4,Potential Loyalists
C02864,2,2,1650.75,5,1,1,Potential Loyalists
C02866,307,2,8095.6,1,1,3,Hibernating
C02868,138,5,6836.0,2,4,3,At Risk
C02869,130,3,3576.0,2,2,1,Hibernating
C02870,121,1,1219.2,2,1,1,Hibernating
C02871,13,2,5169.25,5,1,2,Potential Loyalists
C02872,236,3,9628.8,1,2,3,Hibernating
C02873,334,1,2392.65,1,1,1,Hibernating
C02874,83,4,13221.650000000001,3,3,4,Loyal Customers
C02875,112,3,17756.85,2,2,5,Hibernating
C02876,138,2,7689.9,2,1,3,Hibernating
C02877,206,3,4836.3,1,2,2,Hibernating
C02878,32,2,6448.2,4,1,2,Potential Loyalists
C02879,89,6,27395.55,3,5,5,Loyal Customers
C02880,63,2,6229.7,3,1,2,Hibernating
C02881,77,7,26490.55,3,5,5,Loyal Customers
C02882,20,3,3243.7,5,2,1,Potential Loyalists
C02884,21,5,11017.849999999999,5,4,4,Champions
C02885,11,5,7272.450000000001,5,4,3,Loyal Customers
C02886,295,2,2152.5,1,1,1,Hibernating
C02887,248,2,2782.1,1,1,1,Hibernating
C02888,3,2,8807.400000000001,5,1,3,Potential Loyalists
C02889,45,6,9205.85,4,5,3,Loyal Customers
C02890,45,3,12228.599999999999,4,2,4,Potential Loyalists
C02891,110,5,6018.35,2,4,2,At Risk
C02892,21,3,16108.449999999999,5,2,5,Potential Loyalists
C02893,59,4,19930.35,3,3,5,Loyal Customers
C02894,74,3,5477.8,3,2,2,Hibernating
C02895,8,3,7600.200000000001,5,2,3,Potential Loyalists
C02896,37,5,14212.449999999999,4,4,4,Champions
C02897,25,5,15681.35,4,4,5,Champions
C02898,76,2,5046.3,3,1,2,Hibernating
C02899,234,2,2884.1,1,1,1,Hibernating
C02900,269,1,2751.0,1,1,1,Hibernating
C02901,90,1,3543.65,3,1,1,Hibernating
C02902,140,2,674.2,2,1,1,Hibernating
C02903,175,3,3220.3,1,2,1,Hibernating
C02904,12,3,11215.2,5,2,4,Potential Loyalists
C02905,76,5,10625.650000000001,3,4,4,Loyal Customers
C02906,38,1,1107.2,4,1,1,Potential Loyalists
C02907,21,7,15915.75,5,5,5,Champions
C02908,315,1,294.0,1,1,1,Hibernating
C02909,207,1,3133.2,1,1,1,Hibernating
C02910,244,1,1076.0,1,1,1,Hibernating
C02911,45,4,9613.1,4,3,3,Loyal Customers
C02912,1,3,7980.6,5,2,3,Potential Loyalists
C02913,32,2,9090.9,4,1,3,Potential Loyalists
C02914,295,1,2979.8999999999996,1,1,1,Hibernating
C02915,336,1,11446.4,1,1,4,Hibernating
C02916,267,1,2487.75,1,1,1,Hibernating
C02917,61,7,22917.649999999998,3,5,5,Loyal Customers
C02918,32,5,8186.25,4,4,3,Loyal Customers
C02919,9,4,7729.95,5,3,3,Loyal Customers
C02920,66,3,9442.85,3,2,3,Hibernating
C02921,40,7,17752.7,4,5,5,Champions
C02922,40,4,9053.5,4,3,3,Loyal Customers
C02923,237,4,9230.599999999999,1,3,3,At Risk
C02924,12,4,11980.15,5,3,4,Loyal Customers
C02925,6,3,6686.700000000001,5,2,2,Potential Loyalists
C02926,8,6,20975.6,5,5,5,Champions
C02927,8,3,5372.95,5,2,2,Potential Loyalists
C02928,7,7,13689.35,5,5,4,Champions
C02929,170,4,7520.400000000001,1,3,3,At Risk
C02930,157,4,17871.1,2,3,5,At Risk
C02931,88,4,8666.4,3,3,3,Loyal Customers
C02932,112,5,8361.599999999999,2,4,3,At Risk
C02933,22,5,13225.9,5,4,4,Champions
C02934,49,5,14839.2,4,4,5,Champions
C02935,3,4,7209.5,5,3,3,Loyal Customers
C02936,64,5,10510.1,3,4,4,Loyal Customers
C02937,187,3,5914.8,1,2,2,Hibernating
C02938,77,4,6396.55,3,3,2,Loyal Customers
C02939,59,2,7500.500000000001,3,1,3,Hibernating
C02940,61,3,6779.6,3,2,2,Hibernating
C02942,260,3,3198.6,1,2,1,Hibernating
C02943,260,3,8531.65,1,2,3,Hibernating
C02944,10,3,3755.0,5,2,1,Potential Loyalists
C02945,281,2,3456.8,1,1,1,Hibernating
C02946,109,2,3933.15,2,1,1,Hibernating
C02947,21,6,20583.1,5,5,5,Champions
C02948,81,3,7837.799999999999,3,2,3,Hibernating
C02949,307,1,3468.0,1,1,1,Hibernating
C02950,184,1,3694.5,1,1,1,Hibernating
C02951,35,3,3987.5,4,2,1,Potential Loyalists
C02952,39,7,8326.4,4,5,3,Loyal Customers
C02953,191,1,6385.4,1,1,2,Hibernating
C02954,141,4,12534.75,2,3,4,At Risk
C02955,10,6,12535.55,5,5,4,Champions
C02956,119,5,10262.199999999999,2,4,4,At Risk
C02957,142,5,12822.3,2,4,4,At Risk
C02958,17,4,9702.2,5,3,3,Loyal Customers
C02959,135,2,7594.0,2,1,3,Hibernating
C02960,82,5,9730.95,3,4,3,Loyal Customers
C02961,286,1,3141.6,1,1,1,Hibernating
C02962,19,1,942.0,5,1,1,Potential Loyalists
C02963,101,2,6333.200000000001,2,1,2,Hibernating
C02964,50,4,18340.85,4,3,5,Loyal Customers
C02965,69,4,6809.25,3,3,3,Loyal Customers
C02966,16,3,7682.1,5,2,3,Potential Loyalists
C02967,160,5,9656.5,2,4,3,At Risk
C02968,68,10,26580.2,3,5,5,Loyal Customers
C02969,186,2,3797.4,1,1,1,Hibernating
C02970,143,5,15095.85,2,4,5,At Risk
C02971,203,1,4096.0,1,1,2,Hibernating
C02972,84,4,5597.55,3,3,2,Loyal Customers
C02973,21,5,6794.75,5,4,3,Loyal Customers
C02974,137,3,14001.4,2,2,4,Hibernating
C02975,89,3,4594.0,3,2,2,Hibernating
C02976,2,6,10803.1,5,5,4,Champions
C02977,35,3,10228.85,4,2,4,Potential Loyalists
C02978,327,1,6088.0,1,1,2,Hibernating
C02979,50,3,5933.45,4,2,2,Potential Loyalists
C02980,157,1,2787.0,2,1,1,Hibernating
C02981,79,3,7561.900000000001,3,2,3,Hibernating
C02982,63,9,29837.800000000003,3,5,5,Loyal Customers
C02983,304,1,7796.8,1,1,3,Hibernating
C02984,7,3,11665.05,5,2,4,Potential Loyalists
C02985,118,6,13309.75,2,5,4,At Risk
C02986,96,3,12003.3,2,2,4,Hibernating
C02987,65,1,1843.0,3,1,1,Hibernating
C02988,350,1,6176.3,1,1,2,Hibernating
C02989,62,2,6436.4,3,1,2,Hibernating
C02990,47,4,5631.150000000001,4,3,2,Loyal Customers
C02991,69,5,9356.9,3,4,3,Loyal Customers
C02992,111,4,9124.85,2,3,3,At Risk
C02993,264,1,7628.4,1,1,3,Hibernating
C02994,44,2,2218.3,4,1,1,Potential Loyalists
C02995,77,5,11845.099999999999,3,4,4,Loyal Customers
C02996,35,4,11165.35,4,3,4,Loyal Customers
C02997,52,4,22067.65,4,3,5,Loyal Customers
C02998,92,5,15728.1,3,4,5,Loyal Customers
C02999,15,5,13545.35,5,4,4,Champions
C03000,88,4,7401.65,3,3,3,Loyal Customers
C03001,6,3,7157.6,5,2,3,Potential Loyalists
C03002,164,2,6173.55,1,1,2,Hibernating
C03003,6,6,8134.0,5,5,3,Loyal Customers
C03004,225,2,3827.25,1,1,1,Hibernating
C03005,154,4,7892.4,2,3,3,At Risk
C03006,1,5,11524.000000000002,5,4,4,Champions
C03007,103,2,6879.8,2,1,3,Hibernating
C03008,100,6,23490.1,2,5,5,At Risk
C03009,172,4,12525.05,1,3,4,At Risk
C03010,61,2,3697.9,3,1,1,Hibernating
C03011,103,3,3922.55,2,2,1,Hibernating
C03012,47,2,2269.4,4,1,1,Potential Loyalists
C03013,129,6,15667.349999999999,2,5,5,At Risk
C03014,192,1,642.6,1,1,1,Hibernating
C03015,132,4,6278.85,2,3,2,At Risk
C03016,124,5,12645.2,2,4,4,At Risk
C03017,250,2,5765.799999999999,1,1,2,Hibernating
C03018,2,4,17583.4,5,3,5,Loyal Customers
C03019,356,1,3012.4,1,1,1,Hibernating
C03020,106,1,1827.0,2,1,1,Hibernating
C03021,32,5,27092.2,4,4,5,Champions
C03022,74,6,12882.3,3,5,4,Loyal Customers
C03023,11,5,11909.800000000001,5,4,4,Champions
C03024,74,4,4431.1,3,3,2,Loyal Customers
C03025,109,2,2972.0,2,1,1,Hibernating
C03026,182,4,4185.0,1,3,2,At Risk
C03027,6,2,4884.0,5,1,2,Potential Loyalists
C03028,102,1,5618.25,2,1,2,Hibernating
C03029,12,9,19373.15,5,5,5,Champions
C03030,61,5,5379.2,3,4,2,Loyal Customers
C03031,88,2,4220.25,3,1,2,Hibernating
C03032,81,5,8700.45,3,4,3,Loyal Customers
C03033,1,7,16829.7,5,5,5,Champions
C03034,215,4,14975.55,1,3,5,At Risk
C03035,85,5,11563.85,3,4,4,Loyal Customers
C03036,181,2,3670.9,1,1,1,Hibernating
C03037,32,6,28707.95,4,5,5,Champions
C03038,223,2,2173.5,1,1,1,Hibernating
C03039,56,2,1021.6,3,1,1,Hibernating
C03040,147,1,5650.0,2,1,2,Hibernating
C03041,34,7,16179.1,4,5,5,Champions
C03042,76,4,8816.3,3,3,3,Loyal Customers
C03043,52,3,12537.25,4,2,4,Potential Loyalists
C03044,29,4,7915.1,4,3,3,Loyal Customers
C03045,70,3,5014.9,3,2,2,Hibernating
C03046,349,1,2486.7,1,1,1,Hibernating
C03047,6,6,9886.3,5,5,4,Champions
C03048,107,2,6203.0,2,1,2,Hibernating
C03049,68,4,12299.45,3,3,4,Loyal Customers
C03050,107,4,15260.599999999999,2,3,5,At Risk
C03051,4,2,4051.45,5,1,2,Potential Loyalists
C03052,5,4,13356.349999999999,5,3,4,Loyal Customers
C03053,328,1,2961.6,1,1,1,Hibernating
C03054,309,1,1336.3,1,1,1,Hibernating
C03056,296,1,2257.8,1,1,1,Hibernating
C03057,145,4,6185.1,2,3,2,At Risk
C03058,43,5,11911.55,4,4,4,Champions
C03059,141,4,12419.5,2,3,4,At Risk
C03060,116,2,7545.200000000001,2,1,3,Hibernating
C03061,123,5,12047.6,2,4,4,At Risk
C03062,42,6,19993.4,4,5,5,Champions
C03063,190,1,3520.5,1,1,1,Hibernating
C03064,9,2,5574.0,5,1,2,Potential Loyalists
C03065,31,5,16599.9,4,4,5,Champions
C03066,27,6,16772.2,4,5,5,Champions
C03067,47,5,7697.5,4,4,3,Loyal Customers
C03068,6,6,11273.85,5,5,4,Champions
C03069,33,6,18854.45,4,5,5,Champions
C03070,106,1,2251.5,2,1,1,Hibernating
C03071,16,7,16443.75,5,5,5,Champions
C03073,190,2,3343.6000000000004,1,1,1,Hibernating
C03074,1,4,12075.5,5,3,4,Loyal Customers
C03075,61,3,5621.200000000001,3,2,2,Hibernating
C03076,127,3,11001.55,2,2,4,Hibernating
C03077,15,3,12312.7,5,2,4,Potential Loyalists
C03078,55,4,12769.1,3,3,4,Loyal Customers
C03079,183,4,11972.5,1,3,4,At Risk
C03080,102,3,7430.0,2,2,3,Hibernating
C03081,8,4,5321.5,5,3,2,Loyal Customers
C03082,32,3,8929.6,4,2,3,Potential Loyalists
C03083,19,4,8285.1,5,3,3,Loyal Customers
C03084,48,3,4687.45,4,2,2,Potential Loyalists
C03085,178,1,1568.0,1,1,1,Hibernating
C03086,118,5,9192.5,2,4,3,At Risk
C03087,19,5,11603.8,5,4,4,Champions
C03088,73,4,12970.85,3,3,4,Loyal Customers
C03089,168,3,4773.35,1,2,2,Hibernating
C03090,12,5,17926.25,5,4,5,Champions
C03091,115,2,1872.4,2,1,1,Hibernating
C03092,77,4,10687.800000000001,3,3,4,Loyal Customers
C03093,158,2,3301.35,2,1,1,Hibernating
C03094,177,3,4699.3,1,2,2,Hibernating
C03095,99,4,19879.0,2,3,5,At Risk
C03096,262,1,1025.6,1,1,1,Hibernating
C03097,22,3,9476.0,5,2,3,Potential Loyalists
C03098,60,3,6963.3,3,2,3,Hibernating
C03099,5,2,6248.95,5,1,2,Potential Loyalists
C03100,186,4,12640.900000000001,1,3,4,At Risk
C03101,153,2,1481.6,2,1,1,Hibernating
C03102,29,2,1238.6,4,1,1,Potential Loyalists
C03103,163,8,23321.15,1,5,5,At Risk
C03104,76,3,4319.5,3,2,2,Hibernating
C03105,249,5,24995.8,1,4,5,At Risk
C03106,163,4,6806.7,1,3,3,At Risk
C03107,9,1,1244.25,5,1,1,Potential Loyalists
C03108,104,2,1025.75,2,1,1,Hibernating
C03109,104,3,4596.15,2,2,2,Hibernating
C03110,66,2,4199.4,3,1,2,Hibernating
C03111,35,6,16884.5,4,5,5,Champions
C03113,198,2,3642.8,1,1,1,Hibernating
C03114,147,3,6346.6,2,2,2,Hibernating
C03115,285,1,5920.4,1,1,2,Hibernating
C03116,72,5,20929.65,3,4,5,Loyal Customers
C03117,289,1,3252.0,1,1,1,Hibernating
C03118,16,2,6738.0,5,1,2,Potential Loyalists
C03119,230,3,6931.7,1,2,3,Hibernating
C03120,27,3,6197.0,4,2,2,Potential Loyalists
C03121,139,1,1668.0,2,1,1,Hibernating
C03122,60,4,10689.8,3,3,4,Loyal Customers
C03123,172,5,10731.25,1,4,4,At Risk
C03124,11,4,10573.5,5,3,4,Loyal Customers
C03125,18,3,5595.2,5,2,2,Potential Loyalists
C03126,142,2,7789.650000000001,2,1,3,Hibernating
C03127,194,2,2912.3999999999996,1,1,1,Hibernating
C03128,102,4,6964.65,2,3,3,At Risk
C03129,8,3,9263.05,5,2,3,Potential Loyalists
C03130,44,3,9060.25,4,2,3,Potential Loyalists
C03131,93,4,11421.95,3,3,4,Loyal Customers
C03132,97,1,3222.9,2,1,1,Hibernating
C03133,195,2,2919.4,1,1,1,Hibernating
C03134,34,3,21507.4,4,2,5,Potential Loyalists
C03135,68,2,4108.2,3,1,2,Hibernating
C03136,85,3,8040.1,3,2,3,Hibernating
C03137,86,3,9248.8,3,2,3,Hibernating
C03138,65,4,13835.6,3,3,4,Loyal Customers
C03139,174,3,6661.5,1,2,2,Hibernating
C03140,3,9,22850.3,5,5,5,Champions
C03141,63,4,9175.85,3,3,3,Loyal Customers
C03142,221,2,6818.4,1,1,3,Hibernating
C03143,28,2,9016.3,4,1,3,Potential Loyalists
C03144,95,6,27992.45,2,5,5,At Risk
C03145,263,2,5840.8,1,1,2,Hibernating
C03146,338,2,4629.9,1,1,2,Hibernating
C03147,204,1,1336.0,1,1,1,Hibernating
C03148,18,5,15655.300000000003,5,4,5,Champions
C03149,64,9,31948.35,3,5,5,Loyal Customers
C03150,75,7,8248.75,3,5,3,Loyal Customers
C03151,9,3,13881.85,5,2,4,Potential Loyalists
C03152,29,6,12694.8,4,5,4,Champions
C03153,130,3,6079.8,2,2,2,Hibernating
C03154,273,2,1499.75,1,1,1,Hibernating
C03155,60,3,8929.05,3,2,3,Hibernating
C03156,95,4,4816.9,2,3,2,At Risk
C03158,59,3,8378.85,3,2,3,Hibernating
C03159,183,4,13945.5,1,3,4,At Risk
C03160,88,3,11165.05,3,2,4,Hibernating
C03161,30,1,1695.2,4,1,1,Potential Loyalists
C03162,56,4,10489.5,3,3,4,Loyal Customers
C03163,204,3,2311.3,1,2,1,Hibernating
C03164,145,3,7972.0,2,2,3,Hibernating
C03165,80,1,1015.3,3,1,1,Hibernating
C03166,178,1,793.9,1,1,1,Hibernating
C03167,186,2,4601.1,1,1,2,Hibernating
C03168,132,4,11568.2,2,3,4,At Risk
C03169,2,5,13966.4,5,4,4,Champions
C03170,7,4,8708.35,5,3,3,Loyal Customers
C03171,29,4,10366.85,4,3,4,Loyal Customers
C03172,112,1,3403.2,2,1,1,Hibernating
C03173,44,7,16694.3,4,5,5,Champions
C03174,52,3,4389.95,4,2,2,Potential Loyalists
C03175,102,4,10595.0,2,3,4,At Risk
C03177,106,7,10992.1,2,5,4,At Risk
C03178,17,8,12881.35,5,5,4,Champions
C03179,62,2,4860.9,3,1,2,Hibernating
C03180,77,8,29908.05,3,5,5,Loyal Customers
C03181,12,3,6575.6,5,2,2,Potential Loyalists
C03182,169,2,4368.85,1,1,2,Hibernating
C03183,3,5,13703.449999999999,5,4,4,Champions
C03185,13,2,5463.9,5,1,2,Potential Loyalists
C03186,260,1,1988.8,1,1,1,Hibernating
C03187,10,3,4942.8,5,2,2,Potential Loyalists
C03188,211,2,7194.5,1,1,3,Hibernating
C03189,37,3,5259.9,4,2,2,Potential Loyalists
C03190,115,2,3143.7,2,1,1,Hibernating
C03191,171,3,10745.85,1,2,4,Hibernating
C03192,141,3,8719.3,2,2,3,Hibernating
C03193,100,3,17420.2,2,2,5,Hibernating
C03194,145,1,662.15,2,1,1,Hibernating
C03195,24,3,10694.349999999999,4,2,4,Potential Loyalists
C03197,81,6,16504.75,3,5,5,Loyal Customers
C03198,155,2,7314.4,2,1,3,Hibernating
C03199,60,3,6456.15,3,2,2,Hibernating
C03200,8,4,8373.05,5,3,3,Loyal Customers
C03201,321,1,1480.5,1,1,1,Hibernating
C03202,7,4,9619.7,5,3,3,Loyal Customers
C03203,13,2,2164.4,5,1,1,Potential Loyalists
C03204,70,1,647.9,3,1,1,Hibernating
C03205,14,1,3181.5,5,1,1,Potential Loyalists
C03206,53,1,5683.1,4,1,2,Potential Loyalists
C03207,254,1,2097.75,1,1,1,Hibernating
C03208,19,5,8382.15,5,4,3,Loyal Customers
C03209,155,3,11776.6,2,2,4,Hibernating
C03210,32,2,6605.1,4,1,2,Potential Loyalists
C03211,104,1,1268.2,2,1,1,Hibernating
C03212,90,3,2228.15,3,2,1,Hibernating
C03213,59,2,9068.4,3,1,3,Hibernating
C03214,231,2,1677.55,1,1,1,Hibernating
C03215,16,4,15000.3,5,3,5,Loyal Customers
C03216,5,6,14274.1,5,5,4,Champions
C03217,178,2,4313.65,1,1,2,Hibernating
C03218,11,2,3689.15,5,1,1,Potential Loyalists
C03219,24,6,24400.9,4,5,5,Champions
C03220,10,4,14559.0,5,3,5,Loyal Customers
C03221,71,8,20977.15,3,5,5,Loyal Customers
C03222,124,3,4342.95,2,2,2,Hibernating
C03223,14,3,4020.3500000000004,5,2,2,Potential Loyalists
C03225,148,4,7841.0,2,3,3,At Risk
C03226,56,9,29354.1,3,5,5,Loyal Customers
C03227,213,2,4073.85,1,1,2,Hibernating
C03228,2,7,15910.6,5,5,5,Champions
C03229,120,2,3788.6,2,1,1,Hibernating
C03230,73,2,2586.05,3,1,1,Hibernating
C03231,70,4,13005.6,3,3,4,Loyal Customers
C03232,27,5,17398.4,4,4,5,Champions
C03233,4,4,8994.9,5,3,3,Loyal Customers
C03234,122,2,6610.7,2,1,2,Hibernating
C03235,30,6,13779.0,4,5,4,Champions
C03236,234,3,12367.0,1,2,4,Hibernating
C03237,101,3,8841.75,2,2,3,Hibernating
C03238,21,1,733.2,5,1,1,Potential Loyalists
C03239,232,1,1739.25,1,1,1,Hibernating
C03240,57,3,6386.700000000001,3,2,2,Hibernating
C03241,121,3,10246.8,2,2,4,Hibernating
C03242,51,6,10061.8,4,5,4,Champions
C03243,13,4,15906.8,5,3,5,Loyal Customers
C03244,51,3,4745.85,4,2,2,Potential Loyalists
C03246,86,8,16554.45,3,5,5,Loyal Customers
C03247,39,2,2992.8,4,1,1,Potential Loyalists
C03248,109,2,4397.6,2,1,2,Hibernating
C03249,3,2,1523.5,5,1,1,Potential Loyalists
C03250,78,3,15411.05,3,2,5,Hibernating
C03251,4,4,13085.15,5,3,4,Loyal Customers
C03252,27,6,18016.6,4,5,5,Champions
C03253,15,3,5098.5,5,2,2,Potential Loyalists
C03254,41,4,8511.8,4,3,3,Loyal Customers
C03255,85,2,2904.8999999999996,3,1,1,Hibernating
C03256,201,3,20085.149999999998,1,2,5,Hibernating
C03257,28,4,14325.150000000001,4,3,5,Loyal Customers
C03258,103,3,5770.8,2,2,2,Hibernating
C03259,177,2,4098.25,1,1,2,Hibernating
C03260,174,4,6899.8,1,3,3,At Risk
C03261,117,6,10713.25,2,5,4,At Risk
C03262,187,3,8263.7,1,2,3,Hibernating
C03263,39,3,11491.6,4,2,4,Potential Loyalists
C03264,130,6,9226.650000000001,2,5,3,At Risk
C03265,50,4,18204.4,4,3,5,Loyal Customers
C03266,7,4,19528.45,5,3,5,Loyal Customers
C03267,187,4,14797.1,1,3,5,At Risk
C03268,85,5,22968.05,3,4,5,Loyal Customers
C03269,221,2,5299.75,1,1,2,Hibernating
C03270,115,2,16806.6,2,1,5,Hibernating
C03271,103,3,9634.099999999999,2,2,3,Hibernating
C03272,271,2,4632.5,1,1,2,Hibernating
C03273,83,3,9634.1,3,2,3,Hibernating
C03274,91,4,11859.9,3,3,4,Loyal Customers
C03275,37,6,13671.55,4,5,4,Champions
C03276,90,6,24616.65,3,5,5,Loyal Customers
C03277,8,3,6207.3,5,2,2,Potential Loyalists
C03278,140,4,8539.2,2,3,3,At Risk
C03279,127,1,1094.6,2,1,1,Hibernating
C03281,12,3,12253.8,5,2,4,Potential Loyalists
C03282,144,2,7151.3,2,1,3,Hibernating
C03283,73,4,15554.0,3,3,5,Loyal Customers
C03284,140,2,4208.7,2,1,2,Hibernating
C03285,74,4,9727.65,3,3,3,Loyal Customers
C03286,33,4,6474.65,4,3,2,Loyal Customers
C03287,154,3,3211.5,2,2,1,Hibernating
C03288,43,6,11250.95,4,5,4,Champions
C03289,25,2,5468.4,4,1,2,Potential Loyalists
C03290,72,5,10778.699999999999,3,4,4,Loyal Customers
C03291,23,6,22974.949999999997,5,5,5,Champions
C03292,344,1,8478.0,1,1,3,Hibernating
C03293,29,5,13832.599999999999,4,4,4,Champions
C03294,55,4,8544.8,3,3,3,Loyal Customers
C03295,259,2,5986.799999999999,1,1,2,Hibernating
C03296,129,4,5856.75,2,3,2,At Risk
C03298,84,1,6118.5,3,1,2,Hibernating
C03299,51,4,10882.65,4,3,4,Loyal Customers
C03300,55,4,16177.25,3,3,5,Loyal Customers
C03301,119,4,17803.95,2,3,5,At Risk
C03302,48,5,23822.6,4,4,5,Champions
C03303,30,3,4956.35,4,2,2,Potential Loyalists
C03304,185,3,11173.6,1,2,4,Hibernating
C03305,17,5,19421.8,5,4,5,Champions
C03306,28,4,16618.6,4,3,5,Loyal Customers
C03307,181,3,6927.15,1,2,3,Hibernating
C03308,64,3,4263.7,3,2,2,Hibernating
C03309,75,3,12475.5,3,2,4,Hibernating
C03310,70,2,4167.8,3,1,2,Hibernating
C03311,25,4,10651.5,4,3,4,Loyal Customers
C03312,72,2,1912.5,3,1,1,Hibernating
C03313,16,4,18160.7,5,3,5,Loyal Customers
C03314,11,2,3768.5,5,1,1,Potential Loyalists
C03315,91,2,11473.2,3,1,4,Hibernating
C03316,245,3,2588.0,1,2,1,Hibernating
C03317,62,2,6350.6,3,1,2,Hibernating
C03318,51,7,16604.5,4,5,5,Champions
C03319,13,4,19898.800000000003,5,3,5,Loyal Customers
C03320,131,2,4122.0,2,1,2,Hibernating
C03321,105,3,7352.45,2,2,3,Hibernating
C03322,123,4,10603.45,2,3,4,At Risk
C03323,12,4,5683.35,5,3,2,Loyal Customers
C03324,20,7,6964.75,5,5,3,Loyal Customers
C03325,39,7,14958.7,4,5,5,Champions
C03326,111,3,9481.599999999999,2,2,3,Hibernating
C03327,140,3,9498.25,2,2,3,Hibernating
C03328,44,5,13967.6,4,4,4,Champions
C03329,147,5,19541.35,2,4,5,At Risk
C03330,208,7,21193.45,1,5,5,At Risk
C03331,102,5,15253.4,2,4,5,At Risk
C03332,29,6,25014.4,4,5,5,Champions
C03333,66,1,1964.2,3,1,1,Hibernating
C03334,292,1,1255.9,1,1,1,Hibernating
C03335,127,6,32054.65,2,5,5,At Risk
C03336,3,10,26549.0,5,5,5,Champions
C03337,30,3,2535.1,4,2,1,Potential Loyalists
C03338,217,5,11779.05,1,4,4,At Risk
C03340,155,4,20488.4,2,3,5,At Risk
C03341,93,4,5705.1,3,3,2,Loyal Customers
C03342,270,2,3425.25,1,1,1,Hibernating
C03343,115,4,10261.0,2,3,4,At Risk
C03344,12,5,14870.6,5,4,5,Champions
C03345,49,2,5429.0,4,1,2,Potential Loyalists
C03346,13,7,27670.350000000002,5,5,5,Champions
C03347,164,2,1578.3000000000002,1,1,1,Hibernating
C03348,22,2,3018.75,5,1,1,Potential Loyalists
C03349,336,2,5244.0,1,1,2,Hibernating
C03350,2,4,7437.3,5,3,3,Loyal Customers
C03351,16,4,21349.3,5,3,5,Loyal Customers
C03352,109,4,7224.0,2,3,3,At Risk
C03353,48,3,15340.9,4,2,5,Potential Loyalists
C03354,116,6,18065.85,2,5,5,At Risk
C03355,7,6,11899.2,5,5,4,Champions
C03356,23,5,9254.55,5,4,3,Loyal Customers
C03357,107,5,16246.5,2,4,5,At Risk
C03358,139,1,2031.5,2,1,1,Hibernating
C03359,153,2,3683.4,2,1,1,Hibernating
C03360,45,7,16988.2,4,5,5,Champions
C03362,43,3,17598.75,4,2,5,Potential Loyalists
C03363,5,2,1879.8000000000002,5,1,1,Potential Loyalists
C03364,323,1,3200.6,1,1,1,Hibernating
C03365,72,7,21701.1,3,5,5,Loyal Customers
C03366,13,4,19094.25,5,3,5,Loyal Customers
C03367,36,5,9509.5,4,4,3,Loyal Customers
C03368,152,4,5081.7,2,3,2,At Risk
C03369,72,2,2809.3999999999996,3,1,1,Hibernating
C03370,99,5,9795.45,2,4,3,At Risk
C03371,5,5,7506.3,5,4,3,Loyal Customers
C03372,29,2,5926.5,4,1,2,Potential Loyalists
C03373,49,5,14618.25,4,4,5,Champions
C03374,260,1,3448.0,1,1,1,Hibernating
C03375,7,6,19445.4,5,5,5,Champions
C03377,61,5,13154.9,3,4,4,Loyal Customers
C03378,184,1,5931.2,1,1,2,Hibernating
C03379,74,3,9513.05,3,2,3,Hibernating
C03380,225,2,1715.5,1,1,1,Hibernating
C03381,128,2,9433.300000000001,2,1,3,Hibernating
C03382,21,6,16185.800000000001,5,5,5,Champions
C03383,41,5,19669.95,4,4,5,Champions
C03384,268,3,6436.5,1,2,2,Hibernating
C03385,45,6,10471.65,4,5,4,Champions
C03386,66,2,8935.6,3,1,3,Hibernating
C03387,28,5,14822.4,4,4,5,Champions
C03388,174,3,5668.1,1,2,2,Hibernating
C03389,79,1,4796.0,3,1,2,Hibernating
C03390,48,3,15329.8,4,2,5,Potential Loyalists
C03391,9,6,12426.25,5,5,4,Champions
C03392,84,4,10123.8,3,3,4,Loyal Customers
C03393,11,9,26147.85,5,5,5,Champions
C03394,211,1,211.8,1,1,1,Hibernating
C03395,203,2,3843.3,1,1,1,Hibernating
C03396,296,3,10749.55,1,2,4,Hibernating
C03397,335,1,3095.2,1,1,1,Hibernating
C03398,52,5,8934.599999999999,4,4,3,Loyal Customers
C03399,188,3,4287.3,1,2,2,Hibernating
C03400,212,2,2066.2,1,1,1,Hibernating
C03401,66,5,13680.25,3,4,4,Loyal Customers
C03402,334,2,5091.75,1,1,2,Hibernating
C03403,13,4,9293.65,5,3,3,Loyal Customers
C03404,100,4,15573.099999999999,2,3,5,At Risk
C03405,45,3,5852.7,4,2,2,Potential Loyalists
C03407,25,2,11358.9,4,1,4,Potential Loyalists
C03408,28,1,3992.45,4,1,1,Potential Loyalists
C03409,230,5,26301.1,1,4,5,At Risk
C03410,25,5,11616.8,4,4,4,Champions
C03411,211,1,516.0,1,1,1,Hibernating
C03412,67,6,19021.25,3,5,5,Loyal Customers
C03413,159,2,9204.3,2,1,3,Hibernating
C03414,111,3,8237.4,2,2,3,Hibernating
C03415,58,3,15454.6,3,2,5,Hibernating
C03416,83,2,2037.8,3,1,1,Hibernating
C03417,43,7,21733.4,4,5,5,Champions
C03418,177,3,5078.75,1,2,2,Hibernating
C03419,9,4,8114.6,5,3,3,Loyal Customers
C03420,271,1,3176.0,1,1,1,Hibernating
C03421,203,6,19950.25,1,5,5,At Risk
C03422,14,3,11284.4,5,2,4,Potential Loyalists
C03423,114,3,12018.099999999999,2,2,4,Hibernating
C03424,115,3,4404.0,2,2,2,Hibernating
C03425,49,2,4488.1,4,1,2,Potential Loyalists
C03426,26,3,5584.0,4,2,2,Potential Loyalists
C03427,47,5,10035.05,4,4,4,Champions
C03428,133,1,1883.7,2,1,1,Hibernating
C03429,168,2,5609.05,1,1,2,Hibernating
C03430,53,2,3570.3999999999996,4,1,1,Potential Loyalists
C03431,269,2,2446.8,1,1,1,Hibernating
C03432,115,2,4857.5,2,1,2,Hibernating
C03433,34,4,13674.15,4,3,4,Loyal Customers
C03434,54,5,12954.3,3,4,4,Loyal Customers
C03435,189,2,2227.1,1,1,1,Hibernating
C03436,5,4,10834.849999999999,5,3,4,Loyal Customers
C03437,109,4,9723.95,2,3,3,At Risk
C03438,56,1,1759.55,3,1,1,Hibernating
C03439,5,3,4281.55,5,2,2,Potential Loyalists
C03440,23,4,10671.550000000001,5,3,4,Loyal Customers
C03441,33,4,16725.4,4,3,5,Loyal Customers
C03442,118,2,13361.25,2,1,4,Hibernating
C03443,35,4,9809.0,4,3,3,Loyal Customers
C03444,26,5,12796.6,4,4,4,Champions
C03445,22,3,5885.8,5,2,2,Potential Loyalists
C03446,129,4,8617.35,2,3,3,At Risk
C03447,143,2,1201.55,2,1,1,Hibernating
C03448,170,3,10007.0,1,2,4,Hibernating
C03449,69,6,23906.350000000002,3,5,5,Loyal Customers
C03450,177,1,183.0,1,1,1,Hibernating
C03451,47,3,7123.7,4,2,3,Potential Loyalists
C03452,60,3,7592.55,3,2,3,Hibernating
C03453,21,2,5716.75,5,1,2,Potential Loyalists
C03454,96,8,23603.75,2,5,5,At Risk
C03455,112,5,16407.65,2,4,5,At Risk
C03456,97,3,9599.3,2,2,3,Hibernating
C03457,186,2,3186.3,1,1,1,Hibernating
C03458,47,5,3575.2,4,4,1,Loyal Customers
C03459,21,2,4791.75,5,1,2,Potential Loyalists
C03460,71,3,6496.35,3,2,2,Hibernating
C03461,64,5,12740.9,3,4,4,Loyal Customers
C03462,66,5,17869.5,3,4,5,Loyal Customers
C03463,16,10,18451.8,5,5,5,Champions
C03464,75,4,7441.450000000001,3,3,3,Loyal Customers
C03465,357,1,2334.95,1,1,1,Hibernating
C03466,71,4,7617.8,3,3,3,Loyal Customers
C03467,130,3,13449.75,2,2,4,Hibernating
C03468,232,3,6579.25,1,2,2,Hibernating
C03469,153,2,6771.5,2,1,2,Hibernating
C03470,60,5,20686.05,3,4,5,Loyal Customers
C03471,28,4,13203.6,4,3,4,Loyal Customers
C03472,78,6,15409.45,3,5,5,Loyal Customers
C03474,123,1,3143.2,2,1,1,Hibernating
C03475,110,2,1819.1000000000001,2,1,1,Hibernating
C03476,108,2,11404.2,2,1,4,Hibernating
C03477,59,5,9100.0,3,4,3,Loyal Customers
C03478,82,2,4325.65,3,1,2,Hibernating
C03479,351,1,4664.0,1,1,2,Hibernating
C03480,2,2,7008.75,5,1,3,Potential Loyalists
C03481,88,4,7204.15,3,3,3,Loyal Customers
C03482,125,4,9418.25,2,3,3,At Risk
C03483,47,4,11934.6,4,3,4,Loyal Customers
C03484,22,5,9530.9,5,4,3,Loyal Customers
C03485,24,3,10624.0,4,2,4,Potential Loyalists
C03486,51,4,5633.95,4,3,2,Loyal Customers
C03487,53,4,13358.55,4,3,4,Loyal Customers
C03488,28,4,12788.599999999999,4,3,4,Loyal Customers
C03489,16,6,26770.6,5,5,5,Champions
C03490,40,5,8388.949999999999,4,4,3,Loyal Customers
C03491,94,11,27125.55,3,5,5,Loyal Customers
C03493,265,4,10322.5,1,3,4,At Risk
C03494,24,3,14421.600000000002,4,2,5,Potential Loyalists
C03495,292,1,3468.0,1,1,1,Hibernating
C03496,72,1,3360.0,3,1,1,Hibernating
C03497,42,3,6840.75,4,2,3,Potential Loyalists
C03498,39,4,11572.4,4,3,4,Loyal Customers
C03499,41,4,10917.4,4,3,4,Loyal Customers
C03500,210,2,10890.8,1,1,4,Hibernating
C03501,34,4,8031.75,4,3,3,Loyal Customers
C03502,62,4,7484.65,3,3,3,Loyal Customers
C03503,125,2,5341.5,2,1,2,Hibernating
C03504,226,2,3934.5,1,1,1,Hibernating
C03505,69,2,4029.1,3,1,2,Hibernating
C03506,79,3,9463.95,3,2,3,Hibernating
C03507,213,2,9584.2,1,1,3,Hibernating
C03508,32,2,4263.3,4,1,2,Potential Loyalists
C03509,16,5,13795.85,5,4,4,Champions
C03510,62,6,23243.9,3,5,5,Loyal Customers
C03511,63,4,10917.8,3,3,4,Loyal Customers
C03512,28,4,10311.2,4,3,4,Loyal Customers
C03513,182,3,8840.2,1,2,3,Hibernating
C03514,34,5,12633.8,4,4,4,Champions
C03515,60,5,16275.5,3,4,5,Loyal Customers
C03516,3,1,1209.2,5,1,1,Potential Loyalists
C03517,92,2,3060.3999999999996,3,1,1,Hibernating
C03518,93,2,10115.849999999999,3,1,4,Hibernating
C03519,337,1,2529.75,1,1,1,Hibernating
C03520,114,4,13153.4,2,3,4,At Risk
C03521,134,2,9280.55,2,1,3,Hibernating
C03522,60,3,7153.200000000001,3,2,3,Hibernating
C03523,126,3,8266.2,2,2,3,Hibernating
C03524,112,2,14360.400000000001,2,1,5,Hibernating
C03525,48,3,7258.4,4,2,3,Potential Loyalists
C03526,47,4,20719.6,4,3,5,Loyal Customers
C03527,38,5,12417.9,4,4,4,Champions
C03528,50,8,17090.6,4,5,5,Champions
C03529,19,8,24831.899999999998,5,5,5,Champions
C03530,21,2,16522.3,5,1,5,Potential Loyalists
C03531,48,1,2615.6,4,1,1,Potential Loyalists
C03532,25,4,5555.0,4,3,2,Loyal Customers
C03533,8,3,13096.099999999999,5,2,4,Potential Loyalists
C03534,47,4,13249.099999999999,4,3,4,Loyal Customers
C03535,5,3,2890.6,5,2,1,Potential Loyalists
C03536,87,6,21701.35,3,5,5,Loyal Customers
C03537,22,3,2411.8,5,2,1,Potential Loyalists
C03538,67,4,14514.800000000001,3,3,5,Loyal Customers
C03539,61,4,14688.3,3,3,5,Loyal Customers
C03540,22,4,13297.5,5,3,4,Loyal Customers
C03541,39,3,7600.3,4,2,3,Potential Loyalists
C03542,117,3,6085.8,2,2,2,Hibernating
C03543,46,5,8932.95,4,4,3,Loyal Customers
C03544,122,6,17938.3,2,5,5,At Risk
C03545,108,4,6441.2,2,3,2,At Risk
C03546,180,1,3680.5,1,1,1,Hibernating
C03547,178,1,2958.85,1,1,1,Hibernating
C03548,82,2,7169.2,3,1,3,Hibernating
C03549,35,6,13772.85,4,5,4,Champions
C03550,110,4,13990.449999999999,2,3,4,At Risk
C03551,39,6,18604.35,4,5,5,Champions
C03552,353,2,11278.000000000002,1,1,4,Hibernating
C03553,65,3,12245.1,3,2,4,Hibernating
C03554,76,4,13171.650000000001,3,3,4,Loyal Customers
C03555,214,2,1350.9,1,1,1,Hibernating
C03556,311,2,2604.45,1,1,1,Hibernating
C03557,92,3,17310.4,3,2,5,Hibernating
C03558,60,6,14959.0,3,5,5,Loyal Customers
C03559,294,1,2193.0,1,1,1,Hibernating
C03560,77,6,13612.3,3,5,4,Loyal Customers
C03561,101,2,1581.05,2,1,1,Hibernating
C03562,125,1,4882.5,2,1,2,Hibernating
C03563,137,2,3795.9,2,1,1,Hibernating
C03564,266,2,3944.2,1,1,1,Hibernating
C03565,62,7,15288.75,3,5,5,Loyal Customers
C03566,40,7,25265.199999999997,4,5,5,Champions
C03567,36,4,10354.5,4,3,4,Loyal Customers
C03568,79,4,11339.8,3,3,4,Loyal Customers
C03569,56,2,4051.8999999999996,3,1,2,Hibernating
C03570,227,6,14952.25,1,5,5,At Risk
C03571,46,3,4522.35,4,2,2,Potential Loyalists
C03572,22,3,17820.25,5,2,5,Potential Loyalists
C03573,125,2,8120.7,2,1,3,Hibernating
C03574,55,5,11910.65,3,4,4,Loyal Customers
C03575,134,3,11029.9,2,2,4,Hibernating
C03576,43,3,11584.7,4,2,4,Potential Loyalists
C03577,123,4,11277.7,2,3,4,At Risk
C03578,117,1,2694.25,2,1,1,Hibernating
C03579,162,4,14015.45,1,3,4,At Risk
C03580,73,5,15709.999999999998,3,4,5,Loyal Customers
C03581,26,5,23958.05,4,4,5,Champions
C03582,13,4,16306.15,5,3,5,Loyal Customers
C03583,5,3,8322.6,5,2,3,Potential Loyalists
C03584,97,4,14210.4,2,3,4,At Risk
C03585,267,4,10813.65,1,3,4,At Risk
C03586,61,3,13020.3,3,2,4,Hibernating
C03587,15,3,11356.3,5,2,4,Potential Loyalists
C03588,10,5,12327.55,5,4,4,Champions
C03589,220,1,473.6,1,1,1,Hibernating
C03590,345,1,2373.0,1,1,1,Hibernating
C03592,21,7,18105.5,5,5,5,Champions
C03593,100,4,8501.7,2,3,3,At Risk
C03594,54,3,3929.3999999999996,3,2,1,Hibernating
C03595,26,2,1818.0,4,1,1,Potential Loyalists
C03596,9,4,11983.95,5,3,4,Loyal Customers
C03597,68,4,9483.3,3,3,3,Loyal Customers
C03598,35,1,3727.2000000000003,4,1,1,Potential Loyalists
C03599,17,5,15380.55,5,4,5,Champions
C03600,24,6,17373.85,4,5,5,Champions
C03601,27,7,14143.1,4,5,4,Champions
C03602,83,4,7318.6,3,3,3,Loyal Customers
C03603,42,3,7612.3,4,2,3,Potential Loyalists
C03604,29,5,11289.55,4,4,4,Champions
C03605,22,3,2414.3,5,2,1,Potential Loyalists
C03606,136,2,5488.6,2,1,2,Hibernating
C03607,161,3,7569.1,1,2,3,Hibernating
C03608,33,4,7675.65,4,3,3,Loyal Customers
C03609,183,1,6278.4,1,1,2,Hibernating
C03610,111,3,4438.7,2,2,2,Hibernating
C03611,62,5,11994.6,3,4,4,Loyal Customers
C03612,29,7,26448.75,4,5,5,Champions
C03613,172,4,8926.25,1,3,3,At Risk
C03614,101,6,20512.0,2,5,5,At Risk
C03615,3,5,17964.2,5,4,5,Champions
C03616,12,8,16267.35,5,5,5,Champions
C03617,139,5,13404.95,2,4,4,At Risk
C03618,135,3,5299.4,2,2,2,Hibernating
C03619,72,7,13172.1,3,5,4,Loyal Customers
C03620,96,3,6008.15,2,2,2,Hibernating
C03621,121,3,4333.75,2,2,2,Hibernating
C03622,61,1,2844.0,3,1,1,Hibernating
C03623,113,6,14000.6,2,5,4,At Risk
C03624,54,4,8675.7,3,3,3,Loyal Customers
C03625,114,1,1816.8000000000002,2,1,1,Hibernating
C03626,118,7,14776.65,2,5,5,At Risk
C03627,220,2,5255.25,1,1,2,Hibernating
C03629,55,5,23676.95,3,4,5,Loyal Customers
C03630,52,6,11720.75,4,5,4,Champions
C03631,69,2,2626.95,3,1,1,Hibernating
C03632,14,4,9857.45,5,3,4,Loyal Customers
C03633,64,3,7865.0,3,2,3,Hibernating
C03634,10,3,6621.6,5,2,2,Potential Loyalists
C03635,95,4,10597.15,2,3,4,At Risk
C03636,120,4,11248.7,2,3,4,At Risk
C03637,307,1,1577.55,1,1,1,Hibernating
C03638,45,4,17800.5,4,3,5,Loyal Customers
C03639,59,4,6436.0,3,3,2,Loyal Customers
C03640,49,4,12280.8,4,3,4,Loyal Customers
C03641,84,2,8321.9,3,1,3,Hibernating
C03642,181,5,12315.1,1,4,4,At Risk
C03643,145,2,5298.4,2,1,2,Hibernating
C03644,32,5,12570.55,4,4,4,Champions
C03645,148,1,2119.5,2,1,1,Hibernating
C03646,36,4,7562.1,4,3,3,Loyal Customers
C03647,11,7,18788.3,5,5,5,Champions
C03648,45,6,12112.5,4,5,4,Champions
C03649,7,3,4021.3500000000004,5,2,2,Potential Loyalists
C03650,70,2,3148.35,3,1,1,Hibernating
C03651,13,4,17428.35,5,3,5,Loyal Customers
C03652,63,4,7494.05,3,3,3,Loyal Customers
C03653,207,1,1058.0,1,1,1,Hibernating
C03654,27,4,11261.8,4,3,4,Loyal Customers
C03655,328,1,267.75,1,1,1,Hibernating
C03656,58,4,15204.199999999999,3,3,5,Loyal Customers
C03657,21,4,8623.3,5,3,3,Loyal Customers
C03658,59,5,15945.4,3,4,5,Loyal Customers
C03659,281,3,9313.95,1,2,3,Hibernating
C03660,203,2,2326.3,1,1,1,Hibernating
C03661,14,2,4469.1,5,1,2,Potential Loyalists
C03662,13,4,10769.65,5,3,4,Loyal Customers
C03663,151,3,8776.1,2,2,3,Hibernating
C03664,94,3,10278.8,3,2,4,Hibernating
C03665,86,7,23723.95,3,5,5,Loyal Customers
C03666,140,2,4045.8999999999996,2,1,2,Hibernating
C03667,62,2,8258.4,3,1,3,Hibernating
C03668,2,7,17544.2,5,5,5,Champions
C03669,4,6,27580.25,5,5,5,Champions
C03670,207,2,5912.2,1,1,2,Hibernating
C03671,54,4,7772.25,3,3,3,Loyal Customers
C03672,31,4,11138.6,4,3,4,Loyal Customers
C03673,8,6,12991.25,5,5,4,Champions
C03674,4,8,12763.05,5,5,4,Champions
C03675,64,6,10291.6,3,5,4,Loyal Customers
C03676,255,2,7494.6,1,1,3,Hibernating
C03677,7,6,26143.7,5,5,5,Champions
C03678,67,3,6037.1,3,2,2,Hibernating
C03679,89,4,9973.85,3,3,4,Loyal Customers
C03680,21,4,9184.95,5,3,3,Loyal Customers
C03681,309,2,3475.6,1,1,1,Hibernating
C03682,39,3,14558.55,4,2,5,Potential Loyalists
C03683,190,3,11861.25,1,2,4,Hibernating
C03684,66,1,3828.8,3,1,1,Hibernating
C03685,358,1,1307.2,1,1,1,Hibernating
C03686,74,3,6094.7,3,2,2,Hibernating
C03687,14,2,8117.2,5,1,3,Potential Loyalists
C03688,7,1,3392.8,5,1,1,Potential Loyalists
C03689,48,8,18817.3,4,5,5,Champions
C03690,34,7,20074.2,4,5,5,Champions
C03691,120,5,22583.0,2,4,5,At Risk
C03692,2,2,4354.8,5,1,2,Potential Loyalists
C03693,264,2,10272.0,1,1,4,Hibernating
C03694,51,4,13822.8,4,3,4,Loyal Customers
C03695,28,4,13815.1,4,3,4,Loyal Customers
C03696,33,5,16367.95,4,4,5,Champions
C03698,101,3,10439.25,2,2,4,Hibernating
C03699,16,2,8570.4,5,1,3,Potential Loyalists
C03700,41,1,1771.2,4,1,1,Potential Loyalists
C03701,4,5,14865.65,5,4,5,Champions
C03702,63,6,15567.55,3,5,5,Loyal Customers
C03703,140,4,8664.25,2,3,3,At Risk
C03704,63,5,11873.8,3,4,4,Loyal Customers
C03705,349,1,1491.0,1,1,1,Hibernating
C03706,68,5,12328.5,3,4,4,Loyal Customers
C03707,61,3,9954.9,3,2,4,Hibernating
C03708,87,3,8843.65,3,2,3,Hibernating
C03709,67,2,3248.8,3,1,1,Hibernating
C03710,146,3,7032.7,2,2,3,Hibernating
C03711,69,7,18858.25,3,5,5,Loyal Customers
C03712,210,2,6629.1,1,1,2,Hibernating
C03713,15,3,13950.499999999998,5,2,4,Potential Loyalists
C03715,281,1,2105.35,1,1,1,Hibernating
C03716,14,3,11998.0,5,2,4,Potential Loyalists
C03717,25,2,6434.95,4,1,2,Potential Loyalists
C03718,9,1,1412.25,5,1,1,Potential Loyalists
C03719,9,1,3681.0,5,1,1,Potential Loyalists
C03720,146,3,11287.55,2,2,4,Hibernating
C03721,80,1,3136.5,3,1,1,Hibernating
C03722,18,3,12099.75,5,2,4,Potential Loyalists
C03723,67,5,11540.9,3,4,4,Loyal Customers
C03725,43,4,7626.5,4,3,3,Loyal Customers
C03726,108,2,2193.75,2,1,1,Hibernating
C03727,136,4,14037.05,2,3,4,At Risk
C03728,47,4,9470.6,4,3,3,Loyal Customers
C03729,226,2,4936.0,1,1,2,Hibernating
C03730,179,1,419.9,1,1,1,Hibernating
C03731,114,7,30936.449999999997,2,5,5,At Risk
C03732,37,5,21061.45,4,4,5,Champions
C03733,12,5,8011.45,5,4,3,Loyal Customers
C03734,172,4,7230.6,1,3,3,At Risk
C03735,45,5,13887.349999999999,4,4,4,Champions
C03736,146,3,8974.4,2,2,3,Hibernating
C03737,147,4,8823.0,2,3,3,At Risk
C03739,208,2,4368.2,1,1,2,Hibernating
C03740,39,3,2450.8,4,2,1,Potential Loyalists
C03741,9,6,21150.85,5,5,5,Champions
C03742,73,2,4477.75,3,1,2,Hibernating
C03743,102,5,17383.35,2,4,5,At Risk
C03744,20,5,16401.05,5,4,5,Champions
C03745,111,1,6281.4,2,1,2,Hibernating
C03746,129,5,15561.75,2,4,5,At Risk
C03747,43,3,12587.400000000001,4,2,4,Potential Loyalists
C03748,56,6,18736.35,3,5,5,Loyal Customers
C03749,24,5,7142.0,4,4,3,Loyal Customers
C03750,133,5,10095.95,2,4,4,At Risk
C03751,46,2,2421.35,4,1,1,Potential Loyalists
C03752,36,6,18753.9,4,5,5,Champions
C03753,178,4,13247.800000000001,1,3,4,At Risk
C03754,147,3,11467.9,2,2,4,Hibernating
C03755,3,4,5523.1,5,3,2,Loyal Customers
C03756,46,7,24949.3,4,5,5,Champions
C03757,118,4,9472.75,2,3,3,At Risk
C03758,232,2,4306.3,1,1,2,Hibernating
C03759,19,3,8467.6,5,2,3,Potential Loyalists
C03760,13,2,5994.9,5,1,2,Potential Loyalists
C03761,32,2,1550.0,4,1,1,Potential Loyalists
C03762,117,5,7920.65,2,4,3,At Risk
C03763,177,2,4203.65,1,1,2,Hibernating
C03764,48,6,29346.45,4,5,5,Champions
C03765,89,2,14702.0,3,1,5,Hibernating
C03766,19,1,2765.25,5,1,1,Potential Loyalists
C03767,20,2,6719.5,5,1,2,Potential Loyalists
C03768,271,1,2393.05,1,1,1,Hibernating
C03769,96,3,6975.9,2,2,3,Hibernating
C03770,246,2,1778.9,1,1,1,Hibernating
C03771,207,3,9207.2,1,2,3,Hibernating
C03772,24,6,5470.4,4,5,2,Loyal Customers
C03773,137,2,6039.85,2,1,2,Hibernating
C03774,108,4,7548.1,2,3,3,At Risk
C03775,15,3,23296.0,5,2,5,Potential Loyalists
C03776,87,5,19298.1,3,4,5,Loyal Customers
C03777,193,1,1892.0,1,1,1,Hibernating
C03778,47,4,10514.0,4,3,4,Loyal Customers
C03779,187,3,3971.6,1,2,1,Hibernating
C03780,32,4,5515.2,4,3,2,Loyal Customers
C03781,19,5,21109.699999999997,5,4,5,Champions
C03783,158,2,4389.8,2,1,2,Hibernating
C03784,1,3,7430.1,5,2,3,Potential Loyalists
C03785,183,2,3280.3,1,1,1,Hibernating
C03786,363,1,3301.9,1,1,1,Hibernating
C03787,79,4,10556.05,3,3,4,Loyal Customers
C03788,48,5,13605.65,4,4,4,Champions
C03789,110,2,5985.85,2,1,2,Hibernating
C03790,65,2,6605.2,3,1,2,Hibernating
C03791,266,4,13673.65,1,3,4,At Risk
C03792,73,1,3375.75,3,1,1,Hibernating
C03793,106,3,4036.45,2,2,2,Hibernating
C03795,69,2,4995.5,3,1,2,Hibernating
C03796,10,6,9881.45,5,5,4,Champions
C03798,10,8,27511.15,5,5,5,Champions
C03799,86,5,20447.1,3,4,5,Loyal Customers
C03800,30,5,8860.35,4,4,3,Loyal Customers
C03801,86,2,2129.7000000000003,3,1,1,Hibernating
C03802,25,5,15295.75,4,4,5,Champions
C03803,243,2,885.2,1,1,1,Hibernating
C03804,30,6,13160.6,4,5,4,Champions
C03805,21,4,5064.75,5,3,2,Loyal Customers
C03806,57,3,4252.9,3,2,2,Hibernating
C03807,277,4,8835.4,1,3,3,At Risk
C03808,283,1,1541.4,1,1,1,Hibernating
C03809,115,5,18997.3,2,4,5,At Risk
C03810,54,5,6820.0,3,4,3,Loyal Customers
C03811,202,3,4833.4,1,2,2,Hibernating
C03812,175,4,14163.5,1,3,4,At Risk
C03813,70,4,13481.65,3,3,4,Loyal Customers
C03814,8,4,10262.05,5,3,4,Loyal Customers
C03815,19,2,2163.9,5,1,1,Potential Loyalists
C03816,79,4,6906.5,3,3,3,Loyal Customers
C03817,4,2,3122.7,5,1,1,Potential Loyalists
C03818,201,3,8195.8,1,2,3,Hibernating
C03819,7,3,6482.3,5,2,2,Potential Loyalists
C03820,64,3,5930.85,3,2,2,Hibernating
C03821,220,3,9436.4,1,2,3,Hibernating
C03822,95,7,14714.2,2,5,5,At Risk
C03823,1,5,14076.050000000001,5,4,4,Champions
C03824,22,5,11364.35,5,4,4,Champions
C03825,74,3,6753.4,3,2,2,Hibernating
C03826,122,2,4210.9,2,1,2,Hibernating
C03827,72,5,19199.9,3,4,5,Loyal Customers
C03828,97,4,12660.0,2,3,4,At Risk
C03829,10,7,18958.45,5,5,5,Champions
C03830,14,4,14389.25,5,3,5,Loyal Customers
C03831,79,3,8063.549999999999,3,2,3,Hibernating
C03832,13,1,1112.4,5,1,1,Potential Loyalists
C03833,122,2,6884.3,2,1,3,Hibernating
C03834,110,2,13281.6,2,1,4,Hibernating
C03835,84,4,12065.75,3,3,4,Loyal Customers
C03836,37,6,16399.85,4,5,5,Champions
C03837,69,6,21471.5,3,5,5,Loyal Customers
C03838,128,3,4829.8,2,2,2,Hibernating
C03839,224,1,4043.0,1,1,2,Hibernating
C03840,94,2,3865.1,3,1,1,Hibernating
C03841,82,3,7406.55,3,2,3,Hibernating
C03842,26,1,1603.0,4,1,1,Potential Loyalists
C03843,194,3,6441.6,1,2,2,Hibernating
C03844,217,1,3497.2,1,1,1,Hibernating
C03845,29,3,4125.2,4,2,2,Potential Loyalists
C03846,102,4,8418.75,2,3,3,At Risk
C03847,5,5,12618.900000000001,5,4,4,Champions
C03849,267,2,3366.75,1,1,1,Hibernating
C03850,95,3,10011.1,2,2,4,Hibernating
C03851,89,4,8272.0,3,3,3,Loyal Customers
C03852,103,2,7149.9,2,1,3,Hibernating
C03853,117,2,5078.950000000001,2,1,2,Hibernating
C03854,92,2,2488.2,3,1,1,Hibernating
C03856,17,3,6604.65,5,2,2,Potential Loyalists
C03857,86,3,5192.4,3,2,2,Hibernating
C03858,94,5,20098.85,3,4,5,Loyal Customers
C03860,186,2,6907.25,1,1,3,Hibernating
C03861,3,4,4212.6,5,3,2,Loyal Customers
C03862,188,1,1973.25,1,1,1,Hibernating
C03863,22,6,13108.699999999999,5,5,4,Champions
C03864,191,4,13036.65,1,3,4,At Risk
C03865,75,3,3613.3,3,2,1,Hibernating
C03866,135,2,7447.9,2,1,3,Hibernating
C03867,163,1,1501.95,1,1,1,Hibernating
C03868,59,5,11304.75,3,4,4,Loyal Customers
C03869,202,2,2073.4,1,1,1,Hibernating
C03870,61,4,10114.599999999999,3,3,4,Loyal Customers
C03871,8,3,4596.65,5,2,2,Potential Loyalists
C03872,18,4,8083.0,5,3,3,Loyal Customers
C03873,211,1,4383.0,1,1,2,Hibernating
C03874,20,4,7196.7,5,3,3,Loyal Customers
C03875,130,2,3480.6,2,1,1,Hibernating
C03876,52,4,10608.9,4,3,4,Loyal Customers
C03877,197,3,32544.9,1,2,5,Hibernating
C03878,126,2,6568.7,2,1,2,Hibernating
C03879,174,4,7944.3,1,3,3,At Risk
C03880,12,3,11632.95,5,2,4,Potential Loyalists
C03881,10,5,9482.85,5,4,3,Loyal Customers
C03882,108,5,13308.300000000001,2,4,4,At Risk
C03883,95,4,11228.3,2,3,4,At Risk
C03884,217,1,245.4,1,1,1,Hibernating
C03885,81,1,726.4,3,1,1,Hibernating
C03886,89,4,6267.75,3,3,2,Loyal Customers
C03887,43,2,7908.9,4,1,3,Potential Loyalists
C03888,68,6,17459.050000000003,3,5,5,Loyal Customers
C03889,142,1,3273.0,2,1,1,Hibernating
C03890,56,2,4396.5,3,1,2,Hibernating
C03891,306,1,1954.4,1,1,1,Hibernating
C03892,3,6,14357.349999999999,5,5,5,Champions
C03893,21,3,6764.2,5,2,2,Potential Loyalists
C03894,28,5,9812.75,4,4,3,Loyal Customers
C03895,140,4,13243.05,2,3,4,At Risk
C03896,350,1,1376.15,1,1,1,Hibernating
C03897,26,5,29426.399999999998,4,4,5,Champions
C03898,364,1,1957.5,1,1,1,Hibernating
C03899,39,4,13524.75,4,3,4,Loyal Customers
C03900,37,2,4496.5,4,1,2,Potential Loyalists
C03901,101,2,2278.25,2,1,1,Hibernating
C03903,9,8,30406.45,5,5,5,Champions
C03904,188,2,5927.0,1,1,2,Hibernating
C03905,94,4,10270.4,3,3,4,Loyal Customers
C03906,111,4,15069.1,2,3,5,At Risk
C03907,189,3,12487.45,1,2,4,Hibernating
C03908,61,3,8800.35,3,2,3,Hibernating
C03909,10,7,21252.15,5,5,5,Champions
C03910,91,4,10512.5,3,3,4,Loyal Customers
C03911,26,3,8093.7,4,2,3,Potential Loyalists
C03912,129,2,3468.8,2,1,1,Hibernating
C03913,4,4,7487.0,5,3,3,Loyal Customers
C03914,9,4,16313.3,5,3,5,Loyal Customers
C03915,350,1,4844.0,1,1,2,Hibernating
C03916,223,3,10052.2,1,2,4,Hibernating
C03917,154,2,4103.8,2,1,2,Hibernating
C03918,36,3,7897.450000000001,4,2,3,Potential Loyalists
C03919,170,4,12436.7,1,3,4,At Risk
C03920,53,7,21473.05,4,5,5,Champions
C03921,291,1,1679.3,1,1,1,Hibernating
C03922,11,6,14015.8,5,5,4,Champions
C03923,95,3,6214.349999999999,2,2,2,Hibernating
C03924,355,1,5848.0,1,1,2,Hibernating
C03925,48,6,9411.699999999999,4,5,3,Loyal Customers
C03926,131,2,4961.35,2,1,2,Hibernating
C03927,151,3,8005.4,2,2,3,Hibernating
C03928,18,1,1712.25,5,1,1,Potential Loyalists
C03929,21,3,13291.2,5,2,4,Potential Loyalists
C03931,98,4,7219.450000000001,2,3,3,At Risk
C03932,4,5,17198.2,5,4,5,Champions
C03933,9,3,10593.0,5,2,4,Potential Loyalists
C03934,140,1,5467.5,2,1,2,Hibernating
C03935,103,6,14746.45,2,5,5,At Risk
C03936,186,4,3179.55,1,3,1,At Risk
C03937,91,7,23635.7,3,5,5,Loyal Customers
C03938,20,3,6719.1,5,2,2,Potential Loyalists
C03939,105,4,5205.2,2,3,2,At Risk
C03940,65,1,862.4,3,1,1,Hibernating
C03941,4,4,20105.5,5,3,5,Loyal Customers
C03942,74,3,5266.1,3,2,2,Hibernating
C03943,125,2,12366.05,2,1,4,Hibernating
C03944,76,1,2341.95,3,1,1,Hibernating
C03945,130,3,2123.5,2,2,1,Hibernating
C03946,2,4,8372.8,5,3,3,Loyal Customers
C03947,94,5,17845.8,3,4,5,Loyal Customers
C03948,89,2,8114.6,3,1,3,Hibernating
C03949,46,2,9880.2,4,1,4,Potential Loyalists
C03950,106,3,5671.45,2,2,2,Hibernating
C03951,87,1,3003.9,3,1,1,Hibernating
C03952,116,4,10752.4,2,3,4,At Risk
C03953,21,5,19376.65,5,4,5,Champions
C03954,72,3,10937.5,3,2,4,Hibernating
C03955,30,5,14893.05,4,4,5,Champions
C03956,344,1,1109.5,1,1,1,Hibernating
C03957,80,4,8813.55,3,3,3,Loyal Customers
C03958,4,5,21843.100000000002,5,4,5,Champions
C03959,187,3,8992.6,1,2,3,Hibernating
C03960,105,5,16240.9,2,4,5,At Risk
C03961,38,6,24731.45,4,5,5,Champions
C03962,33,6,5950.45,4,5,2,Loyal Customers
C03963,95,3,4838.45,2,2,2,Hibernating
C03964,76,3,6621.599999999999,3,2,2,Hibernating
C03965,5,4,5465.75,5,3,2,Loyal Customers
C03966,96,3,10292.45,2,2,4,Hibernating
C03967,22,8,22694.75,5,5,5,Champions
C03968,167,2,4804.650000000001,1,1,2,Hibernating
C03969,47,5,15344.8,4,4,5,Champions
C03970,16,3,5485.35,5,2,2,Potential Loyalists
C03971,96,5,22147.85,2,4,5,At Risk
C03972,140,2,2598.4,2,1,1,Hibernating
C03973,126,5,17104.25,2,4,5,At Risk
C03974,37,6,16021.7,4,5,5,Champions
C03975,34,3,4076.1,4,2,2,Potential Loyalists
C03976,14,5,16276.65,5,4,5,Champions
C03977,92,3,2698.65,3,2,1,Hibernating
C03978,194,2,2844.8,1,1,1,Hibernating
C03979,2,8,14934.35,5,5,5,Champions
C03980,120,1,1649.9,2,1,1,Hibernating
C03981,15,7,20404.55,5,5,5,Champions
C03982,29,1,2666.45,4,1,1,Potential Loyalists
C03983,65,5,11785.75,3,4,4,Loyal Customers
C03984,305,1,325.55,1,1,1,Hibernating
C03985,10,5,8209.849999999999,5,4,3,Loyal Customers
C03986,63,2,4181.5,3,1,2,Hibernating
C03987,30,6,16413.350000000002,4,5,5,Champions
C03988,4,5,20390.5,5,4,5,Champions
C03989,8,3,10732.7,5,2,4,Potential Loyalists
C03990,88,2,4941.4,3,1,2,Hibernating
C03991,352,1,786.0,1,1,1,Hibernating
C03992,61,8,18909.6,3,5,5,Loyal Customers
C03993,163,3,5016.15,1,2,2,Hibernating
C03994,151,3,6562.099999999999,2,2,2,Hibernating
C03995,35,1,1827.0,4,1,1,Potential Loyalists
C03996,118,3,7842.200000000001,2,2,3,Hibernating
C03997,218,2,4393.0,1,1,2,Hibernating
C03998,69,2,2752.0,3,1,1,Hibernating
C04000,65,3,7674.2,3,2,3,Hibernating
C04001,87,3,10315.7,3,2,4,Hibernating
C04002,73,5,13464.3,3,4,4,Loyal Customers
C04003,77,2,9968.6,3,1,4,Hibernating
C04004,220,4,7431.8,1,3,3,At Risk
C04005,59,9,17062.95,3,5,5,Loyal Customers
C04006,21,6,11110.9,5,5,4,Champions
C04007,142,3,5369.45,2,2,2,Hibernating
C04008,41,2,6810.5,4,1,3,Potential Loyalists
C04009,6,4,7956.4,5,3,3,Loyal Customers
C04010,52,8,28114.45,4,5,5,Champions
C04011,17,3,13143.3,5,2,4,Potential Loyalists
C04012,27,4,8275.1,4,3,3,Loyal Customers
C04013,19,4,13118.65,5,3,4,Loyal Customers
C04014,72,3,11086.75,3,2,4,Hibernating
C04015,172,7,20219.699999999997,1,5,5,At Risk
C04016,4,5,6279.8,5,4,2,Loyal Customers
C04017,31,4,6360.599999999999,4,3,2,Loyal Customers
C04018,28,4,13710.800000000001,4,3,4,Loyal Customers
C04019,60,5,8758.7,3,4,3,Loyal Customers
C04020,92,3,7485.0,3,2,3,Hibernating
C04021,238,2,9521.85,1,1,3,Hibernating
C04022,11,8,19050.0,5,5,5,Champions
C04023,33,4,7269.1,4,3,3,Loyal Customers
C04024,166,5,13847.9,1,4,4,At Risk
C04025,19,4,13152.95,5,3,4,Loyal Customers
C04026,18,2,2139.8,5,1,1,Potential Loyalists
C04027,121,3,11286.349999999999,2,2,4,Hibernating
C04028,68,2,8744.4,3,1,3,Hibernating
C04029,40,1,2072.5,4,1,1,Potential Loyalists
C04030,14,4,8824.1,5,3,3,Loyal Customers
C04031,43,6,20376.7,4,5,5,Champions
C04032,103,2,6204.55,2,1,2,Hibernating
C04033,64,4,9725.2,3,3,3,Loyal Customers
C04034,51,2,7174.8,4,1,3,Potential Loyalists
C04035,56,7,26105.85,3,5,5,Loyal Customers
C04036,68,4,4263.1,3,3,2,Loyal Customers
C04037,132,3,9710.099999999999,2,2,3,Hibernating
C04038,37,4,4357.95,4,3,2,Loyal Customers
C04039,350,1,3365.25,1,1,1,Hibernating
C04040,90,5,15913.9,3,4,5,Loyal Customers
C04042,34,3,16191.649999999998,4,2,5,Potential Loyalists
C04043,267,2,4471.25,1,1,2,Hibernating
C04044,8,5,18461.4,5,4,5,Champions
C04045,7,9,21458.4,5,5,5,Champions
C04046,116,1,1836.0,2,1,1,Hibernating
C04048,8,3,7727.2,5,2,3,Potential Loyalists
C04049,11,3,6716.4,5,2,2,Potential Loyalists
C04050,67,5,16592.9,3,4,5,Loyal Customers
C04051,87,4,12448.3,3,3,4,Loyal Customers
C04053,249,3,9295.95,1,2,3,Hibernating
C04054,163,3,5124.0,1,2,2,Hibernating
C04055,12,3,15005.949999999999,5,2,5,Potential Loyalists
C04056,1,6,28559.2,5,5,5,Champions
C04057,34,9,22678.699999999997,4,5,5,Champions
C04058,135,2,5195.099999999999,2,1,2,Hibernating
C04059,13,4,16228.4,5,3,5,Loyal Customers
C04060,85,1,743.2,3,1,1,Hibernating
C04061,63,2,9129.0,3,1,3,Hibernating
C04062,55,6,17827.6,3,5,5,Loyal Customers
C04063,49,5,14625.15,4,4,5,Champions
C04064,22,2,2611.0,5,1,1,Potential Loyalists
C04065,38,5,15983.0,4,4,5,Champions
C04066,277,2,4849.4,1,1,2,Hibernating
C04067,14,6,14967.9,5,5,5,Champions
C04068,28,5,11318.9,4,4,4,Champions
C04069,15,5,12671.05,5,4,4,Champions
C04070,125,2,4180.4,2,1,2,Hibernating
C04071,126,2,7202.4,2,1,3,Hibernating
C04072,161,1,891.75,1,1,1,Hibernating
C04073,143,2,4458.25,2,1,2,Hibernating
C04074,340,1,2949.6,1,1,1,Hibernating
C04075,43,3,15403.600000000002,4,2,5,Potential Loyalists
C04076,201,1,2208.6,1,1,1,Hibernating
C04077,327,1,1320.2,1,1,1,Hibernating
C04078,31,1,1585.0,4,1,1,Potential Loyalists
C04079,226,2,2362.6499999999996,1,1,1,Hibernating
C04080,45,5,26298.25,4,4,5,Champions
C04081,35,4,12248.0,4,3,4,Loyal Customers
C04082,236,4,7530.45,1,3,3,At Risk
C04083,86,2,3784.3999999999996,3,1,1,Hibernating
C04084,7,3,4882.8,5,2,2,Potential Loyalists
C04085,31,4,6519.0,4,3,2,Loyal Customers
C04086,47,3,8565.35,4,2,3,Potential Loyalists
C04087,311,1,2778.3,1,1,1,Hibernating
C04088,58,1,4617.0,3,1,2,Hibernating
C04089,190,4,9869.8,1,3,4,At Risk
C04090,14,5,12045.2,5,4,4,Champions
C04092,89,4,13798.0,3,3,4,Loyal Customers
C04093,138,3,6704.1,2,2,2,Hibernating
C04094,296,2,2156.4,1,1,1,Hibernating
C04095,26,8,14957.05,4,5,5,Champions
C04096,1,5,9032.45,5,4,3,Loyal Customers
C04097,105,4,6600.65,2,3,2,At Risk
C04098,173,3,13200.55,1,2,4,Hibernating
C04099,30,3,5021.8,4,2,2,Potential Loyalists
C04100,252,2,1332.75,1,1,1,Hibernating
C04101,49,5,11461.05,4,4,4,Champions
C04102,153,1,2388.4,2,1,1,Hibernating
C04103,152,3,9266.3,2,2,3,Hibernating
C04104,145,3,9973.15,2,2,4,Hibernating
C04105,161,4,9947.15,1,3,4,At Risk
C04106,6,7,23598.5,5,5,5,Champions
C04107,79,2,4589.4,3,1,2,Hibernating
C04108,21,5,11000.3,5,4,4,Champions
C04109,67,2,10296.5,3,1,4,Hibernating
C04110,143,3,5709.0,2,2,2,Hibernating
C04111,30,5,17953.2,4,4,5,Champions
C04112,22,7,28720.95,5,5,5,Champions
C04113,15,3,3855.6,5,2,1,Potential Loyalists
C04114,6,5,14901.9,5,4,5,Champions
C04116,42,1,3671.75,4,1,1,Potential Loyalists
C04117,19,4,14268.6,5,3,4,Loyal Customers
C04118,11,2,7229.4,5,1,3,Potential Loyalists
C04119,39,3,8331.2,4,2,3,Potential Loyalists
C04120,131,1,2900.8,2,1,1,Hibernating
C04121,89,3,2171.0,3,2,1,Hibernating
C04122,80,3,10503.1,3,2,4,Hibernating
C04123,65,8,31800.6,3,5,5,Loyal Customers
C04124,2,4,13815.1,5,3,4,Loyal Customers
C04125,146,3,9363.699999999999,2,2,3,Hibernating
C04126,176,4,5405.15,1,3,2,At Risk
C04127,30,6,20491.3,4,5,5,Champions
C04128,7,5,11821.0,5,4,4,Champions
C04129,262,1,3063.2,1,1,1,Hibernating
C04130,104,2,2930.4,2,1,1,Hibernating
C04131,35,5,20355.95,4,4,5,Champions
C04132,48,8,21149.45,4,5,5,Champions
C04133,25,3,9392.35,4,2,3,Potential Loyalists
C04134,60,2,3954.45,3,1,1,Hibernating
C04135,18,8,24567.55,5,5,5,Champions
C04136,117,5,7606.55,2,4,3,At Risk
C04137,16,4,9999.2,5,3,4,Loyal Customers
C04138,67,5,16583.35,3,4,5,Loyal Customers
C04139,106,1,8182.1,2,1,3,Hibernating
C04140,61,7,31387.15,3,5,5,Loyal Customers
C04141,157,2,3163.8,2,1,1,Hibernating
C04142,138,2,16976.4,2,1,5,Hibernating
C04143,10,5,19219.6,5,4,5,Champions
C04144,169,4,4927.25,1,3,2,At Risk
C04145,181,3,6786.35,1,2,3,Hibernating
C04146,71,5,11843.7,3,4,4,Loyal Customers
C04147,23,4,17190.55,5,3,5,Loyal Customers
C04148,14,4,9880.35,5,3,4,Loyal Customers
C04149,8,7,7411.75,5,5,3,Loyal Customers
C04150,93,2,3657.3,3,1,1,Hibernating
C04151,148,2,4882.75,2,1,2,Hibernating
C04152,170,6,21791.199999999997,1,5,5,At Risk
C04153,23,5,22976.9,5,4,5,Champions
C04154,38,4,7450.0,4,3,3,Loyal Customers
C04155,14,6,15633.65,5,5,5,Champions
C04156,321,1,1222.5,1,1,1,Hibernating
C04157,101,3,4149.1,2,2,2,Hibernating
C04158,209,1,1662.0,1,1,1,Hibernating
C04159,24,2,14153.0,4,1,4,Potential Loyalists
C04160,92,5,15489.300000000001,3,4,5,Loyal Customers
C04161,8,4,3721.4,5,3,1,Loyal Customers
C04162,51,4,7944.05,4,3,3,Loyal Customers
C04163,66,2,3877.2000000000003,3,1,1,Hibernating
C04164,22,2,4937.4,5,1,2,Potential Loyalists
C04166,84,4,10278.400000000001,3,3,4,Loyal Customers
C04167,64,4,11571.45,3,3,4,Loyal Customers
C04168,46,1,993.75,4,1,1,Potential Loyalists
C04169,35,4,15976.8,4,3,5,Loyal Customers
C04170,284,1,993.2,1,1,1,Hibernating
C04171,38,4,13020.5,4,3,4,Loyal Customers
C04172,44,4,10330.25,4,3,4,Loyal Customers
C04173,8,4,7213.6,5,3,3,Loyal Customers
C04174,76,2,6426.700000000001,3,1,2,Hibernating
C04175,18,3,5907.35,5,2,2,Potential Loyalists
C04176,83,3,15463.5,3,2,5,Hibernating
C04177,25,7,14332.95,4,5,5,Champions
C04178,95,4,11049.900000000001,2,3,4,At Risk
C04179,62,2,2838.15,3,1,1,Hibernating
C04180,126,5,13084.0,2,4,4,At Risk
C04181,103,1,2261.6,2,1,1,Hibernating
C04182,39,5,15676.0,4,4,5,Champions
C04183,4,1,2052.5,5,1,1,Potential Loyalists
C04184,24,4,11301.8,4,3,4,Loyal Customers
C04186,7,3,2845.7,5,2,1,Potential Loyalists
C04187,348,1,1426.6,1,1,1,Hibernating
C04188,56,1,821.8,3,1,1,Hibernating
C04189,44,3,4014.7,4,2,2,Potential Loyalists
C04190,16,3,5653.15,5,2,2,Potential Loyalists
C04191,15,4,8955.2,5,4,3,Loyal Customers
C04192,24,6,16788.5,4,5,5,Champions
C04193,13,2,1319.1,5,1,1,Potential Loyalists
C04194,49,1,2785.5,4,1,1,Potential Loyalists
C04195,123,2,5851.55,2,1,2,Hibernating
C04197,126,3,20463.9,2,2,5,Hibernating
C04198,62,5,9363.449999999999,3,4,3,Loyal Customers
C04199,139,3,3835.85,2,2,1,Hibernating
C04200,239,2,8604.4,1,1,3,Hibernating
C04201,52,5,10508.45,4,4,4,Champions
C04202,1,5,12560.2,5,4,4,Champions
C04203,45,8,23818.850000000002,4,5,5,Champions
C04204,39,1,4779.6,4,1,2,Potential Loyalists
C04205,24,2,9262.8,4,1,3,Potential Loyalists
C04206,203,3,8266.7,1,2,3,Hibernating
C04207,179,1,1366.95,1,1,1,Hibernating
C04208,18,4,10989.2,5,4,4,Champions
C04209,10,7,27937.6,5,5,5,Champions
C04210,57,4,10278.4,3,4,4,Loyal Customers
C04211,89,4,9163.95,3,4,3,Loyal Customers
C04212,149,1,3084.0,2,1,1,Hibernating
C04213,197,1,2673.0,1,1,1,Hibernating
C04214,37,3,8267.7,4,2,3,Potential Loyalists
C04215,184,3,12135.9,1,2,4,Hibernating
C04216,129,5,10196.1,2,4,4,At Risk
C04217,244,4,15882.199999999999,1,4,5,At Risk
C04218,30,3,17329.199999999997,4,2,5,Potential Loyalists
C04219,166,3,7045.599999999999,1,2,3,Hibernating
C04220,153,5,15372.8,2,4,5,At Risk
C04221,163,4,8041.7,1,4,3,At Risk
C04222,17,4,15472.75,5,4,5,Champions
C04223,39,9,27238.7,4,5,5,Champions
C04224,66,3,6412.6,3,2,2,Hibernating
C04225,74,2,3171.2,3,1,1,Hibernating
C04226,238,2,12073.800000000001,1,1,4,Hibernating
C04227,94,4,8384.45,3,4,3,Loyal Customers
C04228,96,3,6833.25,2,2,3,Hibernating
C04229,89,1,8004.0,3,1,3,Hibernating
C04230,79,6,14889.7,3,5,5,Loyal Customers
C04231,105,1,1867.2,2,1,1,Hibernating
C04232,133,1,6935.6,2,1,3,Hibernating
C04233,1,2,8198.4,5,1,3,Potential Loyalists
C04234,32,3,5686.15,4,2,2,Potential Loyalists
C04235,87,5,7449.05,3,4,3,Loyal Customers
C04236,110,4,17932.7,2,4,5,At Risk
C04237,225,1,2539.6,1,1,1,Hibernating
C04239,8,6,20713.0,5,5,5,Champions
C04240,24,4,9925.8,4,4,4,Champions
C04241,161,3,7957.2,1,2,3,Hibernating
C04242,10,4,7955.55,5,4,3,Loyal Customers
C04243,6,7,17017.45,5,5,5,Champions
C04244,102,3,10896.150000000001,2,2,4,Hibernating
C04245,319,1,2170.5,1,1,1,Hibernating
C04246,16,2,5837.55,5,1,2,Potential Loyalists
C04247,3,5,17549.0,5,4,5,Champions
C04248,185,1,1534.0,1,1,1,Hibernating
C04249,109,2,4640.1,2,1,2,Hibernating
C04250,31,7,18459.35,4,5,5,Champions
C04251,294,2,5008.95,1,1,2,Hibernating
C04252,13,4,13018.3,5,4,4,Champions
C04253,63,4,13531.0,3,4,4,Loyal Customers
C04254,12,6,24904.9,5,5,5,Champions
C04255,52,6,21473.0,4,5,5,Champions
C04256,71,8,24139.5,3,5,5,Loyal Customers
C04257,29,3,6838.95,4,2,3,Potential Loyalists
C04258,189,3,3394.8,1,2,1,Hibernating
C04259,189,2,8143.5,1,1,3,Hibernating
C04261,122,7,21666.55,2,5,5,At Risk
C04262,50,2,8881.7,4,1,3,Potential Loyalists
C04263,175,4,9262.2,1,4,3,At Risk
C04264,88,1,4624.8,3,1,2,Hibernating
C04265,38,6,17121.65,4,5,5,Champions
C04266,53,4,19008.75,4,4,5,Champions
C04267,21,5,10595.35,5,4,4,Champions
C04268,208,1,2644.5,1,1,1,Hibernating
C04269,82,7,21932.95,3,5,5,Loyal Customers
C04270,22,7,18503.45,5,5,5,Champions
C04271,26,6,12796.8,4,5,4,Champions
C04272,245,2,3209.95,1,1,1,Hibernating
C04273,100,4,7434.8,2,4,3,At Risk
C04274,146,1,1034.25,2,1,1,Hibernating
C04276,81,5,9328.9,3,4,3,Loyal Customers
C04277,57,5,9818.9,3,4,3,Loyal Customers
C04278,10,6,17319.4,5,5,5,Champions
C04279,183,1,1075.8,1,1,1,Hibernating
C04280,164,1,3160.8,1,1,1,Hibernating
C04281,254,1,3492.8,1,1,1,Hibernating
C04282,254,2,9686.7,1,1,3,Hibernating
C04283,38,7,17556.8,4,5,5,Champions
C04284,160,2,4505.3,2,1,2,Hibernating
C04285,12,5,17455.0,5,4,5,Champions
C04287,23,5,14636.1,5,4,5,Champions
C04288,3,2,7726.55,5,1,3,Potential Loyalists
C04289,16,4,8861.95,5,4,3,Loyal Customers
C04290,225,2,7952.400000000001,1,1,3,Hibernating
C04291,133,1,2244.45,2,1,1,Hibernating
C04292,98,4,12154.900000000001,2,4,4,At Risk
C04293,174,1,2037.0,1,1,1,Hibernating
C04294,83,2,5791.8,3,1,2,Hibernating
C04295,37,7,21015.9,4,5,5,Champions
C04296,284,4,16501.6,1,4,5,At Risk
C04297,58,3,9148.0,3,2,3,Hibernating
C04298,44,5,12630.6,4,4,4,Champions
C04299,91,2,6641.0,3,1,2,Hibernating
C04300,74,2,9134.3,3,1,3,Hibernating
C04301,153,1,3227.7,2,1,1,Hibernating
C04302,30,4,16684.85,4,4,5,Champions
C04303,18,6,12750.5,5,5,4,Champions
C04304,91,4,5447.2,3,4,2,Loyal Customers
C04305,86,4,10612.0,3,4,4,Loyal Customers
C04306,17,1,3984.0,5,1,1,Potential Loyalists
C04307,227,3,8133.35,1,2,3,Hibernating
C04308,74,1,1014.3,3,1,1,Hibernating
C04309,187,1,3076.2,1,1,1,Hibernating
C04310,108,2,7940.8,2,1,3,Hibernating
C04311,22,3,2390.95,5,2,1,Potential Loyalists
C04312,160,4,17541.05,2,4,5,At Risk
C04313,12,4,18343.5,5,4,5,Champions
C04314,25,2,10278.8,4,1,4,Potential Loyalists
C04317,107,2,2652.85,2,1,1,Hibernating
C04318,8,6,23782.2,5,5,5,Champions
C04319,183,1,2662.2,1,1,1,Hibernating
C04320,64,2,9522.5,3,1,3,Hibernating
C04321,81,3,9320.25,3,2,3,Hibernating
C04322,121,1,1785.75,2,1,1,Hibernating
C04323,141,4,11300.45,2,4,4,At Risk
C04324,4,5,9790.55,5,4,3,Loyal Customers
C04325,57,3,5793.85,3,2,2,Hibernating
C04326,38,5,14828.4,4,4,5,Champions
C04327,49,4,23188.05,4,4,5,Champions
C04328,182,6,16184.0,1,5,5,At Risk
C04329,53,4,14371.099999999999,4,4,5,Champions
C04330,37,3,5701.1,4,2,2,Potential Loyalists
C04331,105,2,2176.3500000000004,2,1,1,Hibernating
C04332,86,4,16118.55,3,4,5,Loyal Customers
C04333,4,5,21429.05,5,4,5,Champions
C04334,119,3,4656.3,2,2,2,Hibernating
C04335,30,2,5109.0,4,1,2,Potential Loyalists
C04336,152,1,674.1,2,1,1,Hibernating
C04337,26,7,11349.0,4,5,4,Champions
C04338,13,3,6407.0,5,2,2,Potential Loyalists
C04339,37,1,2942.55,4,1,1,Potential Loyalists
C04340,162,3,5889.4,1,2,2,Hibernating
C04341,7,2,11999.25,5,1,4,Potential Loyalists
C04342,191,3,3856.05,1,2,1,Hibernating
C04343,8,3,5105.9,5,2,2,Potential Loyalists
C04344,2,2,2022.0,5,1,1,Potential Loyalists
C04345,7,4,16832.45,5,4,5,Champions
C04346,188,1,1309.6,1,1,1,Hibernating
C04347,71,6,16803.8,3,5,5,Loyal Customers
C04348,54,4,6519.650000000001,3,4,2,Loyal Customers
C04349,15,6,15349.55,5,5,5,Champions
C04350,68,3,8042.65,3,2,3,Hibernating
C04351,65,4,5814.35,3,4,2,Loyal Customers
C04353,65,4,12752.0,3,4,4,Loyal Customers
C04354,62,5,27606.300000000003,3,4,5,Loyal Customers
C04355,121,3,8659.45,2,2,3,Hibernating
C04356,49,3,5689.35,4,2,2,Potential Loyalists
C04358,4,3,11329.400000000001,5,2,4,Potential Loyalists
C04359,70,3,4049.95,3,2,2,Hibernating
C04360,22,2,2089.6499999999996,5,1,1,Potential Loyalists
C04361,48,1,5776.799999999999,4,1,2,Potential Loyalists
C04362,81,3,9437.2,3,2,3,Hibernating
C04363,13,6,12844.1,5,5,4,Champions
C04364,3,4,4694.0,5,4,2,Loyal Customers
C04365,15,7,24890.0,5,5,5,Champions
C04366,104,3,14032.550000000001,2,2,4,Hibernating
C04367,5,5,11375.35,5,4,4,Champions
C04368,65,3,6296.5,3,2,2,Hibernating
C04369,76,3,13521.3,3,2,4,Hibernating
C04370,56,5,11830.45,3,4,4,Loyal Customers
C04371,60,4,7713.85,3,4,3,Loyal Customers
C04372,10,2,4008.3,5,1,1,Potential Loyalists
C04373,41,4,6571.8,4,4,2,Loyal Customers
C04374,7,4,16750.6,5,4,5,Champions
C04375,9,5,11745.900000000001,5,4,4,Champions
C04376,293,2,6377.1,1,1,2,Hibernating
C04377,205,3,5368.2,1,2,2,Hibernating
C04378,115,1,2357.05,2,1,1,Hibernating
C04379,42,2,2536.5,4,1,1,Potential Loyalists
C04380,177,2,2636.2,1,1,1,Hibernating
C04381,26,2,2315.75,4,1,1,Potential Loyalists
C04382,97,1,413.0,2,1,1,Hibernating
C04383,134,2,3910.05,2,1,1,Hibernating
C04384,49,2,4355.4,4,1,2,Potential Loyalists
C04385,24,5,9205.95,4,4,3,Loyal Customers
C04386,75,4,10695.3,3,4,4,Loyal Customers
C04387,4,7,16078.0,5,5,5,Champions
C04388,143,3,16584.8,2,2,5,Hibernating
C04389,139,3,5422.599999999999,2,2,2,Hibernating
C04390,78,7,21637.45,3,5,5,Loyal Customers
C04391,300,2,5654.95,1,1,2,Hibernating
C04392,129,4,7688.5,2,4,3,At Risk
C04393,158,5,13885.0,2,4,4,At Risk
C04394,40,7,8110.05,4,5,3,Loyal Customers
C04395,22,5,15186.400000000001,5,4,5,Champions
C04396,147,4,14791.2,2,4,5,At Risk
C04397,16,4,11805.95,5,4,4,Champions
C04398,186,2,5948.05,1,1,2,Hibernating
C04399,39,8,27341.55,4,5,5,Champions
C04400,81,2,5884.0,3,1,2,Hibernating
C04401,147,5,8824.7,2,4,3,At Risk
C04402,235,1,1573.65,1,1,1,Hibernating
C04403,43,3,6634.95,4,2,2,Potential Loyalists
C04404,25,6,12260.6,4,5,4,Champions
C04405,19,4,8280.0,5,4,3,Loyal Customers
C04406,7,1,1939.7,5,1,1,Potential Loyalists
C04407,189,2,8705.7,1,1,3,Hibernating
C04408,88,2,4985.15,3,1,2,Hibernating
C04409,188,2,2037.1999999999998,1,1,1,Hibernating
C04410,126,4,9227.65,2,4,3,At Risk
C04411,171,3,9755.25,1,2,3,Hibernating
C04412,67,2,10457.4,3,1,4,Hibernating
C04413,17,2,3561.8500000000004,5,1,1,Potential Loyalists
C04414,42,3,11948.5,4,2,4,Potential Loyalists
C04415,2,3,10343.0,5,2,4,Potential Loyalists
C04416,79,4,6441.05,3,4,2,Loyal Customers
C04417,131,1,3518.4,2,1,1,Hibernating
C04418,46,1,3294.75,4,1,1,Potential Loyalists
C04419,39,6,18748.6,4,5,5,Champions
C04420,155,3,3435.7999999999997,2,2,1,Hibernating
C04421,7,5,22052.0,5,4,5,Champions
C04422,87,4,13747.05,3,4,4,Loyal Customers
C04423,169,2,5867.25,1,1,2,Hibernating
C04424,144,6,10124.95,2,5,4,At Risk
C04425,156,6,34276.05,2,5,5,At Risk
C04426,24,5,12099.1,4,4,4,Champions
C04427,183,2,2249.25,1,1,1,Hibernating
C04428,7,2,4415.05,5,1,2,Potential Loyalists
C04429,8,4,10746.05,5,4,4,Champions
C04430,245,2,3375.8999999999996,1,1,1,Hibernating
C04431,38,5,14494.449999999999,4,4,5,Champions
C04432,44,2,19055.6,4,1,5,Potential Loyalists
C04433,151,2,7406.55,2,1,3,Hibernating
C04434,84,2,5681.1,3,1,2,Hibernating
C04435,31,4,9724.4,4,4,3,Loyal Customers
C04436,178,2,14145.599999999999,1,1,4,Hibernating
C04437,41,2,4327.4,4,1,2,Potential Loyalists
C04438,58,2,3618.0,3,1,1,Hibernating
C04439,16,8,10859.9,5,5,4,Champions
C04440,46,3,14329.0,4,2,5,Potential Loyalists
C04441,2,5,13730.6,5,4,4,Champions
C04442,33,6,10860.1,4,5,4,Champions
C04443,90,3,3608.0,3,2,1,Hibernating
C04444,60,4,9483.4,3,4,3,Loyal Customers
C04445,72,6,16310.45,3,5,5,Loyal Customers
C04446,12,7,12968.9,5,5,4,Champions
C04447,51,4,12765.15,4,4,4,Champions
C04448,106,1,2166.0,2,1,1,Hibernating
C04449,98,3,5339.799999999999,2,2,2,Hibernating
C04450,76,3,4812.5,3,2,2,Hibernating
C04451,43,6,7246.15,4,5,3,Loyal Customers
C04453,22,4,10513.95,5,4,4,Champions
C04454,158,4,6645.700000000001,2,4,2,At Risk
C04455,11,9,27731.95,5,5,5,Champions
C04456,82,4,5472.35,3,4,2,Loyal Customers
C04457,165,2,7499.5,1,1,3,Hibernating
C04459,185,3,11997.95,1,2,4,Hibernating
C04460,13,4,9587.5,5,4,3,Loyal Customers
C04461,128,2,4133.6,2,1,2,Hibernating
C04462,185,4,12357.95,1,4,4,At Risk
C04463,182,4,12288.45,1,4,4,At Risk
C04464,158,2,8317.0,2,1,3,Hibernating
C04465,18,3,5517.4,5,2,2,Potential Loyalists
C04466,93,3,9361.8,3,2,3,Hibernating
C04467,90,3,6153.65,3,2,2,Hibernating
C04468,1,6,17904.25,5,5,5,Champions
C04469,272,3,8473.05,1,2,3,Hibernating
C04470,13,3,12864.799999999997,5,2,4,Potential Loyalists
C04471,61,4,11414.35,3,4,4,Loyal Customers
C04472,1,2,14745.599999999999,5,1,5,Potential Loyalists
C04473,7,5,6114.95,5,4,2,Loyal Customers
C04474,140,2,7483.7,2,1,3,Hibernating
C04475,148,3,23170.8,2,2,5,Hibernating
C04476,324,1,4916.0,1,1,2,Hibernating
C04477,191,4,10615.5,1,4,4,At Risk
C04478,109,3,9218.3,2,2,3,Hibernating
C04479,86,5,10206.8,3,4,4,Loyal Customers
C04480,265,1,2965.3,1,1,1,Hibernating
C04481,37,2,3737.2,4,1,1,Potential Loyalists
C04482,21,6,10873.25,5,5,4,Champions
C04483,44,3,11935.4,4,2,4,Potential Loyalists
C04484,30,3,7189.2,4,2,3,Potential Loyalists
C04485,37,4,9079.25,4,4,3,Loyal Customers
C04486,171,1,1857.05,1,1,1,Hibernating
C04487,38,1,2044.4,4,1,1,Potential Loyalists
C04488,44,9,21999.149999999998,4,5,5,Champions
C04489,93,2,15748.0,3,1,5,Hibernating
C04490,192,3,9861.15,1,2,4,Hibernating
C04491,33,5,26125.75,4,4,5,Champions
C04492,68,6,7403.6,3,5,3,Loyal Customers
C04493,30,2,4323.2,4,1,2,Potential Loyalists
C04494,40,5,21953.600000000002,4,4,5,Champions
C04495,41,4,11052.35,4,4,4,Champions
C04496,44,5,13616.9,4,4,4,Champions
C04497,34,6,13176.85,4,5,4,Champions
C04498,20,3,8761.5,5,2,3,Potential Loyalists
C04499,69,5,11016.15,3,4,4,Loyal Customers
C04500,65,3,8044.799999999999,3,2,3,Hibernating
C04501,133,2,5045.05,2,1,2,Hibernating
C04502,14,2,7006.65,5,1,3,Potential Loyalists
C04503,60,4,8078.25,3,4,3,Loyal Customers
C04504,98,8,17335.3,2,5,5,At Risk
C04505,73,4,19801.949999999997,3,4,5,Loyal Customers
C04506,13,5,16423.25,5,4,5,Champions
C04507,184,1,473.9,1,1,1,Hibernating
C04508,56,4,6609.0,3,4,2,Loyal Customers
C04509,176,5,16676.45,1,4,5,At Risk
C04510,86,3,6369.8,3,2,2,Hibernating
C04511,70,1,1151.0,3,1,1,Hibernating
C04512,194,3,6362.3,1,2,2,Hibernating
C04513,19,5,13056.25,5,4,4,Champions
C04514,29,4,14914.95,4,4,5,Champions
C04515,45,3,2475.4,4,2,1,Potential Loyalists
C04516,47,2,505.4,4,1,1,Potential Loyalists
C04517,1,3,8317.35,5,2,3,Potential Loyalists
C04518,60,4,21350.1,3,4,5,Loyal Customers
C04519,46,6,18401.8,4,5,5,Champions
C04520,22,6,21464.55,5,5,5,Champions
C04521,29,9,20298.75,4,5,5,Champions
C04522,9,3,9478.5,5,2,3,Potential Loyalists
C04523,22,4,7139.549999999999,5,4,3,Loyal Customers
C04524,142,3,4858.0,2,2,2,Hibernating
C04525,63,6,14118.95,3,5,4,Loyal Customers
C04526,207,3,2013.1,1,2,1,Hibernating
C04527,178,6,28654.05,1,5,5,At Risk
C04528,55,7,29872.1,3,5,5,Loyal Customers
C04529,49,2,8124.9,4,1,3,Potential Loyalists
C04530,237,2,4533.4,1,1,2,Hibernating
C04531,16,5,6030.950000000001,5,4,2,Loyal Customers
C04532,33,3,11348.5,4,2,4,Potential Loyalists
C04533,34,2,4678.0,4,1,2,Potential Loyalists
C04534,272,1,2668.15,1,1,1,Hibernating
C04535,122,2,6885.0,2,1,3,Hibernating
C04536,33,4,10279.2,4,4,4,Champions
C04537,248,3,5982.3,1,2,2,Hibernating
C04538,65,4,9148.95,3,4,3,Loyal Customers
C04539,187,1,2540.4,1,1,1,Hibernating
C04540,168,3,7192.85,1,2,3,Hibernating
C04541,114,4,6431.45,2,4,2,At Risk
C04542,6,5,7762.75,5,4,3,Loyal Customers
C04543,35,2,14998.8,4,1,5,Potential Loyalists
C04544,199,1,496.2,1,1,1,Hibernating
C04545,24,6,12150.65,4,5,4,Champions
C04546,158,2,4830.75,2,1,2,Hibernating
C04547,173,3,4432.0,1,2,2,Hibernating
C04548,2,5,20957.9,5,4,5,Champions
C04549,10,5,7191.6,5,4,3,Loyal Customers
C04550,61,5,19370.6,3,4,5,Loyal Customers
C04551,11,3,18771.2,5,2,5,Potential Loyalists
C04552,152,5,13784.9,2,4,4,At Risk
C04553,159,2,3642.1,2,1,1,Hibernating
C04554,91,4,14950.95,3,4,5,Loyal Customers
C04555,126,4,14153.8,2,4,4,At Risk
C04556,47,2,5567.7,4,1,2,Potential Loyalists
C04557,46,4,6920.7,4,4,3,Loyal Customers
C04558,182,1,826.2,1,1,1,Hibernating
C04560,31,2,7247.85,4,1,3,Potential Loyalists
C04561,12,7,12680.45,5,5,4,Champions
C04562,46,1,1395.1,4,1,1,Potential Loyalists
C04563,4,7,19367.05,5,5,5,Champions
C04564,309,1,4778.7,1,1,2,Hibernating
C04565,111,3,5240.85,2,2,2,Hibernating
C04566,125,1,2316.0,2,1,1,Hibernating
C04567,46,4,6190.9,4,4,2,Loyal Customers
C04568,100,6,13412.050000000001,2,5,4,At Risk
C04569,226,3,7181.9,1,2,3,Hibernating
C04570,49,2,10485.75,4,1,4,Potential Loyalists
C04571,76,4,8365.35,3,4,3,Loyal Customers
C04572,72,3,3649.3,3,2,1,Hibernating
C04573,178,4,8247.0,1,4,3,At Risk
C04574,93,6,31745.5,3,5,5,Loyal Customers
C04575,61,2,9396.65,3,1,3,Hibernating
C04576,219,1,1838.25,1,1,1,Hibernating
C04577,62,3,4538.6,3,2,2,Hibernating
C04578,5,2,5770.95,5,1,2,Potential Loyalists
C04579,207,2,2630.0,1,1,1,Hibernating
C04580,220,1,10752.75,1,1,4,Hibernating
C04581,1,4,6188.25,5,4,2,Loyal Customers
C04582,31,3,15089.05,4,2,5,Potential Loyalists
C04583,105,4,11714.7,2,4,4,At Risk
C04584,137,3,6216.7,2,2,2,Hibernating
C04585,45,6,15440.8,4,5,5,Champions
C04586,81,2,5406.299999999999,3,1,2,Hibernating
C04587,183,2,11214.900000000001,1,1,4,Hibernating
C04588,59,4,10222.55,3,4,4,Loyal Customers
C04589,75,4,9418.599999999999,3,4,3,Loyal Customers
C04590,67,4,10634.7,3,4,4,Loyal Customers
C04591,70,4,11356.5,3,4,4,Loyal Customers
C04592,117,4,9031.9,2,4,3,At Risk
C04593,129,2,4009.2,2,1,1,Hibernating
C04594,84,1,2282.7,3,1,1,Hibernating
C04595,169,2,1757.0,1,1,1,Hibernating
C04596,4,4,9684.849999999999,5,4,3,Loyal Customers
C04597,13,2,2671.45,5,1,1,Potential Loyalists
C04598,119,3,5170.0,2,2,2,Hibernating
C04599,18,4,8305.0,5,4,3,Loyal Customers
C04600,96,4,16171.85,2,4,5,At Risk
C04601,160,1,3652.75,2,1,1,Hibernating
C04602,102,3,14196.6,2,2,4,Hibernating
C04603,23,6,15853.400000000001,5,5,5,Champions
C04604,154,2,5985.9,2,1,2,Hibernating
C04605,59,6,12570.15,3,5,4,Loyal Customers
C04606,157,3,7974.7,2,2,3,Hibernating
C04607,5,5,7045.25,5,4,3,Loyal Customers
C04608,286,1,3054.6,1,1,1,Hibernating
C04609,188,3,9052.45,1,2,3,Hibernating
C04610,93,4,9755.8,3,4,3,Loyal Customers
C04611,136,3,12955.500000000002,2,2,4,Hibernating
C04612,64,2,5620.4,3,1,2,Hibernating
C04613,179,2,4451.200000000001,1,1,2,Hibernating
C04614,32,4,12961.300000000001,4,4,4,Champions
C04615,98,4,9037.25,2,4,3,At Risk
C04616,11,5,12381.349999999999,5,4,4,Champions
C04617,34,4,10332.25,4,4,4,Champions
C04618,16,4,11805.95,5,4,4,Champions
C04619,169,3,9686.85,1,2,3,Hibernating
C04620,88,2,4189.2,3,1,2,Hibernating
C04621,112,8,15925.849999999999,2,5,5,At Risk
C04622,73,5,8512.9,3,4,3,Loyal Customers
C04623,74,2,4853.3,3,1,2,Hibernating
C04624,101,3,6989.5,2,2,3,Hibernating
C04625,93,1,1296.0,3,1,1,Hibernating
C04626,46,4,12344.599999999999,4,4,4,Champions
C04627,52,5,12437.4,4,4,4,Champions
C04628,9,4,8342.8,5,4,3,Loyal Customers
C04629,332,1,3678.4,1,1,1,Hibernating
C04630,302,1,1378.0,1,1,1,Hibernating
C04631,84,4,16792.5,3,4,5,Loyal Customers
C04632,313,1,2229.6,1,1,1,Hibernating
C04633,37,7,24562.25,4,5,5,Champions
C04634,2,5,17640.0,5,4,5,Champions
C04635,181,3,10735.4,1,2,4,Hibernating
C04636,43,2,5131.65,4,1,2,Potential Loyalists
C04637,220,2,4771.5,1,1,2,Hibernating
C04638,143,2,6149.35,2,1,2,Hibernating
C04639,343,1,1589.25,1,1,1,Hibernating
C04640,126,2,2405.85,2,1,1,Hibernating
C04641,1,3,18739.7,5,2,5,Potential Loyalists
C04642,92,4,20357.5,3,4,5,Loyal Customers
C04644,27,5,10263.85,4,4,4,Champions
C04645,162,4,14328.5,1,4,5,At Risk
C04646,56,4,16584.649999999998,3,4,5,Loyal Customers
C04647,149,2,6147.45,2,1,2,Hibernating
C04648,252,3,18992.4,1,2,5,Hibernating
C04649,60,4,9846.8,3,4,4,Loyal Customers
C04650,41,7,32177.9,4,5,5,Champions
C04651,13,5,15629.699999999999,5,4,5,Champions
C04652,147,3,6753.7,2,2,2,Hibernating
C04653,115,3,7001.2,2,2,3,Hibernating
C04654,86,2,6237.5,3,1,2,Hibernating
C04655,25,3,9645.25,4,2,3,Potential Loyalists
C04656,45,5,13634.35,4,4,4,Champions
C04657,16,7,31207.25,5,5,5,Champions
C04659,19,4,9603.55,5,4,3,Loyal Customers
C04660,125,1,1332.8,2,1,1,Hibernating
C04661,65,5,14594.4,3,4,5,Loyal Customers
C04662,15,3,19039.6,5,2,5,Potential Loyalists
C04663,64,1,2439.0,3,1,1,Hibernating
C04664,60,4,13561.9,3,4,4,Loyal Customers
C04665,117,4,14352.7,2,4,5,At Risk
C04666,31,8,19581.45,4,5,5,Champions
C04667,20,6,6498.2,5,5,2,Loyal Customers
C04669,5,4,8167.4,5,4,3,Loyal Customers
C04670,13,4,6966.9,5,4,3,Loyal Customers
C04671,16,3,7637.2,5,2,3,Potential Loyalists
C04672,132,3,5928.9,2,2,2,Hibernating
C04673,14,3,7489.5,5,2,3,Potential Loyalists
C04674,86,3,6115.9,3,2,2,Hibernating
C04675,29,4,14851.85,4,4,5,Champions
C04676,128,4,8800.4,2,4,3,At Risk
C04677,34,2,4619.9,4,1,2,Potential Loyalists
C04678,122,5,10036.55,2,4,4,At Risk
C04679,24,3,5005.2,4,2,2,Potential Loyalists
C04681,15,5,17492.2,5,4,5,Champions
C04682,17,3,10187.300000000001,5,2,4,Potential Loyalists
C04684,66,3,4633.4,3,2,2,Hibernating
C04685,51,5,8365.9,4,4,3,Loyal Customers
C04686,43,6,17063.75,4,5,5,Champions
C04687,91,4,13548.5,3,4,4,Loyal Customers
C04688,44,4,8576.0,4,4,3,Loyal Customers
C04689,26,7,17329.2,4,5,5,Champions
C04690,104,4,11252.55,2,4,4,At Risk
C04691,10,4,16898.5,5,4,5,Champions
C04692,347,1,2940.0,1,1,1,Hibernating
C04693,10,7,21192.25,5,5,5,Champions
C04694,142,4,10095.35,2,4,4,At Risk
C04695,164,3,12819.150000000001,1,2,4,Hibernating
C04696,17,4,13721.2,5,4,4,Champions
C04697,85,7,16815.15,3,5,5,Loyal Customers
C04698,138,1,310.1,2,1,1,Hibernating
C04699,285,2,7796.75,1,1,3,Hibernating
C04700,68,6,13268.849999999999,3,5,4,Loyal Customers
C04701,18,1,329.5,5,1,1,Potential Loyalists
C04703,103,5,8020.0,2,4,3,At Risk
C04704,19,3,7668.85,5,2,3,Potential Loyalists
C04705,71,3,9014.3,3,2,3,Hibernating
C04706,22,5,17867.85,5,4,5,Champions
C04707,12,5,7761.55,5,4,3,Loyal Customers
C04708,255,3,10634.6,1,2,4,Hibernating
C04709,1,5,16128.699999999999,5,4,5,Champions
C04710,1,3,4084.55,5,2,2,Potential Loyalists
C04711,119,3,10051.3,2,2,4,Hibernating
C04712,255,2,3545.95,1,1,1,Hibernating
C04713,49,7,30430.800000000003,4,5,5,Champions
C04714,64,8,23814.35,3,5,5,Loyal Customers
C04715,181,1,1745.9,1,1,1,Hibernating
C04716,188,2,3181.05,1,1,1,Hibernating
C04717,70,8,19625.9,3,5,5,Loyal Customers
C04718,63,5,6189.950000000001,3,4,2,Loyal Customers
C04719,344,1,3816.0,1,1,1,Hibernating
C04720,108,5,25662.9,2,4,5,At Risk
C04721,9,4,11360.85,5,4,4,Champions
C04722,180,3,11433.3,1,2,4,Hibernating
C04723,215,1,8195.400000000001,1,1,3,Hibernating
C04724,44,3,4943.85,4,2,2,Potential Loyalists
C04725,149,3,12957.15,2,2,4,Hibernating
C04726,67,2,7543.0,3,1,3,Hibernating
C04727,288,1,541.8,1,1,1,Hibernating
C04729,44,3,9932.7,4,2,4,Potential Loyalists
C04730,115,1,5546.0,2,1,2,Hibernating
C04731,116,3,9731.349999999999,2,2,3,Hibernating
C04733,175,3,7664.95,1,2,3,Hibernating
C04734,181,3,9943.7,1,2,4,Hibernating
C04735,131,4,7379.3,2,4,3,At Risk
C04736,70,6,21021.8,3,5,5,Loyal Customers
C04737,5,2,6482.9,5,1,2,Potential Loyalists
C04738,45,3,9258.2,4,2,3,Potential Loyalists
C04739,180,2,3337.35,1,1,1,Hibernating
C04740,313,1,245.5,1,1,1,Hibernating
C04741,35,5,14138.9,4,4,4,Champions
C04742,13,2,5022.400000000001,5,1,2,Potential Loyalists
C04743,86,2,1970.9,3,1,1,Hibernating
C04744,29,5,5711.1,4,4,2,Loyal Customers
C04745,40,3,10770.6,4,2,4,Potential Loyalists
C04746,162,3,8964.65,1,2,3,Hibernating
C04747,83,1,1409.1,3,1,1,Hibernating
C04748,57,5,11147.1,3,4,4,Loyal Customers
C04749,262,1,1141.5,1,1,1,Hibernating
C04750,22,3,5522.1,5,2,2,Potential Loyalists
C04751,55,3,10168.9,3,2,4,Hibernating
C04752,43,2,4238.0,4,1,2,Potential Loyalists
C04753,355,1,3140.8,1,1,1,Hibernating
C04754,15,6,15221.25,5,5,5,Champions
C04755,62,3,5999.4,3,2,2,Hibernating
C04756,30,2,1837.65,4,1,1,Potential Loyalists
C04757,89,5,7389.549999999999,3,4,3,Loyal Customers
C04758,59,6,35446.45,3,5,5,Loyal Customers
C04759,123,3,6196.25,2,2,2,Hibernating
C04760,2,3,11954.75,5,2,4,Potential Loyalists
C04761,212,3,21446.0,1,2,5,Hibernating
C04762,170,2,7977.3,1,1,3,Hibernating
C04763,55,3,5261.700000000001,3,2,2,Hibernating
C04764,128,5,10548.8,2,4,4,At Risk
C04765,135,4,17192.6,2,4,5,At Risk
C04766,86,3,11260.5,3,2,4,Hibernating
C04767,84,5,19138.1,3,4,5,Loyal Customers
C04768,124,2,1596.0,2,1,1,Hibernating
C04769,11,7,27290.3,5,5,5,Champions
C04770,132,4,8759.5,2,4,3,At Risk
C04771,48,3,10419.1,4,2,4,Potential Loyalists
C04772,55,2,5566.5,3,1,2,Hibernating
C04773,206,2,5490.6,1,1,2,Hibernating
C04774,42,4,8624.800000000001,4,4,3,Loyal Customers
C04775,54,3,5308.6,3,2,2,Hibernating
C04776,62,5,29558.95,3,4,5,Loyal Customers
C04777,90,2,4354.2,3,1,2,Hibernating
C04778,79,4,7849.349999999999,3,4,3,Loyal Customers
C04779,71,4,11886.3,3,4,4,Loyal Customers
C04780,1,3,8098.3,5,2,3,Potential Loyalists
C04781,68,3,8770.8,3,2,3,Hibernating
C04782,180,1,5314.4,1,1,2,Hibernating
C04783,160,4,5471.4,2,4,2,At Risk
C04784,108,3,8523.6,2,2,3,Hibernating
C04785,257,1,2357.9,1,1,1,Hibernating
C04786,82,3,5377.7,3,2,2,Hibernating
C04787,56,3,6520.05,3,2,2,Hibernating
C04788,24,5,14537.0,4,4,5,Champions
C04790,25,5,14946.75,4,4,5,Champions
C04791,36,4,13552.5,4,4,4,Champions
C04792,1,7,25236.95,5,5,5,Champions
C04793,40,5,14792.35,4,4,5,Champions
C04794,41,4,6775.05,4,4,2,Loyal Customers
C04795,126,8,16767.1,2,5,5,At Risk
C04796,222,2,4199.75,1,1,2,Hibernating
C04797,13,2,2272.65,5,1,1,Potential Loyalists
C04798,79,7,35499.1,3,5,5,Loyal Customers
C04799,76,4,7741.9,3,4,3,Loyal Customers
C04800,201,2,3960.85,1,1,1,Hibernating
C04801,12,2,12006.0,5,1,4,Potential Loyalists
C04802,135,2,3511.5,2,1,1,Hibernating
C04803,13,7,24965.899999999998,5,5,5,Champions
C04804,124,2,3967.9,2,1,1,Hibernating
C04805,168,2,14227.85,1,1,4,Hibernating
C04806,168,3,8777.5,1,2,3,Hibernating
C04807,150,3,6503.5,2,2,2,Hibernating
C04808,75,6,16192.5,3,5,5,Loyal Customers
C04809,114,4,17309.1,2,4,5,At Risk
C04810,233,1,2668.5,1,1,1,Hibernating
C04811,38,7,30180.799999999996,4,5,5,Champions
C04812,106,6,17768.25,2,5,5,At Risk
C04813,30,3,9012.45,4,2,3,Potential Loyalists
C04814,101,3,10760.95,2,2,4,Hibernating
C04815,12,3,3323.0,5,2,1,Potential Loyalists
C04816,100,3,6759.1,2,2,2,Hibernating
C04817,220,3,12985.6,1,2,4,Hibernating
C04818,253,2,4108.299999999999,1,1,2,Hibernating
C04819,65,5,7840.35,3,4,3,Loyal Customers
C04820,33,4,8214.6,4,4,3,Loyal Customers
C04821,85,4,5698.6,3,4,2,Loyal Customers
C04822,27,5,21624.05,4,4,5,Champions
C04823,14,7,9708.7,5,5,3,Loyal Customers
C04824,11,5,13749.3,5,4,4,Champions
C04825,223,1,1792.4,1,1,1,Hibernating
C04826,170,3,9090.2,1,2,3,Hibernating
C04827,255,1,1356.0,1,1,1,Hibernating
C04828,19,5,9356.1,5,4,3,Loyal Customers
C04829,30,3,9453.0,4,2,3,Potential Loyalists
C04830,67,6,12796.05,3,5,4,Loyal Customers
C04831,103,2,5054.8,2,1,2,Hibernating
C04832,8,3,8982.1,5,2,3,Potential Loyalists
C04833,162,1,2047.5,1,1,1,Hibernating
C04834,31,2,1756.5,4,1,1,Potential Loyalists
C04835,36,3,5181.9,4,2,2,Potential Loyalists
C04836,87,5,21628.65,3,4,5,Loyal Customers
C04837,60,6,6415.45,3,5,2,Loyal Customers
C04838,56,4,5438.4,3,4,2,Loyal Customers
C04839,101,5,9084.45,2,4,3,At Risk
C04840,328,1,1787.5,1,1,1,Hibernating
C04841,253,1,5500.6,1,1,2,Hibernating
C04842,54,4,9680.8,3,4,3,Loyal Customers
C04843,91,1,1164.7,3,1,1,Hibernating
C04845,253,2,8628.6,1,1,3,Hibernating
C04846,29,5,10344.05,4,4,4,Champions
C04847,243,6,29528.25,1,5,5,At Risk
C04848,344,1,4916.4,1,1,2,Hibernating
C04849,105,4,11114.85,2,4,4,At Risk
C04850,83,4,8278.5,3,4,3,Loyal Customers
C04851,63,2,4927.2,3,1,2,Hibernating
C04852,103,7,25936.45,2,5,5,At Risk
C04853,39,4,12583.650000000001,4,4,4,Champions
C04854,31,2,3118.6,4,1,1,Potential Loyalists
C04855,17,3,4957.3,5,2,2,Potential Loyalists
C04856,16,3,7831.2,5,2,3,Potential Loyalists
C04857,115,5,12041.25,2,4,4,At Risk
C04858,7,4,16608.25,5,4,5,Champions
C04859,26,4,13404.7,4,4,4,Champions
C04860,116,3,12439.0,2,2,4,Hibernating
C04861,157,6,15158.75,2,5,5,At Risk
C04862,92,4,4394.25,3,4,2,Loyal Customers
C04863,278,1,1718.4,1,1,1,Hibernating
C04864,132,2,7856.9,2,1,3,Hibernating
C04865,48,2,4059.3,4,1,2,Potential Loyalists
C04866,6,4,9544.0,5,4,3,Loyal Customers
C04867,115,3,3417.85,2,2,1,Hibernating
C04868,214,1,1820.0,1,1,1,Hibernating
C04869,28,6,18598.0,4,5,5,Champions
C04870,330,1,3274.6,1,1,1,Hibernating
C04871,168,3,11968.65,1,2,4,Hibernating
C04872,2,6,23027.3,5,5,5,Champions
C04873,3,4,12028.1,5,4,4,Champions
C04874,19,7,23317.55,5,5,5,Champions
C04875,120,2,2554.3999999999996,2,1,1,Hibernating
C04876,35,1,1692.0,4,1,1,Potential Loyalists
C04877,69,3,15169.2,3,2,5,Hibernating
C04878,39,7,25203.4,4,5,5,Champions
C04879,5,2,12297.199999999999,5,1,4,Potential Loyalists
C04880,7,7,13817.75,5,5,4,Champions
C04881,1,5,21431.9,5,4,5,Champions
C04882,8,2,7550.85,5,1,3,Potential Loyalists
C04883,150,4,9673.1,2,4,3,At Risk
C04884,19,5,7099.2,5,4,3,Loyal Customers
C04885,101,2,4560.0,2,1,2,Hibernating
C04886,124,3,8108.6,2,2,3,Hibernating
C04887,81,3,10766.4,3,2,4,Hibernating
C04888,42,3,2824.1499999999996,4,2,1,Potential Loyalists
C04889,17,2,2663.7,5,1,1,Potential Loyalists
C04890,141,5,10022.05,2,4,4,At Risk
C04891,45,2,6175.950000000001,4,1,2,Potential Loyalists
C04892,18,7,29081.3,5,5,5,Champions
C04893,70,3,6882.25,3,2,3,Hibernating
C04894,56,6,11299.4,3,5,4,Loyal Customers
C04895,65,3,10185.45,3,2,4,Hibernating
C04896,21,4,7382.8,5,4,3,Loyal Customers
C04898,69,3,6781.7,3,2,2,Hibernating
C04899,51,4,7704.05,4,4,3,Loyal Customers
C04900,9,2,6169.45,5,1,2,Potential Loyalists
C04901,51,2,4699.65,4,1,2,Potential Loyalists
C04902,55,3,6376.35,3,2,2,Hibernating
C04903,296,1,9741.900000000001,1,1,3,Hibernating
C04904,91,6,8421.45,3,5,3,Loyal Customers
C04905,28,5,12849.4,4,4,4,Champions
C04906,73,5,9275.5,3,4,3,Loyal Customers
C04907,53,6,10101.25,4,5,4,Champions
C04908,118,7,15754.05,2,5,5,At Risk
C04909,317,1,3473.6,1,1,1,Hibernating
C04910,273,1,3226.5,1,1,1,Hibernating
C04911,34,5,16116.7,4,4,5,Champions
C04912,15,4,9300.7,5,4,3,Loyal Customers
C04913,33,3,13398.9,4,2,4,Potential Loyalists
C04914,242,1,3647.35,1,1,1,Hibernating
C04915,76,3,8329.7,3,2,3,Hibernating
C04916,340,1,2582.25,1,1,1,Hibernating
C04917,189,1,3962.7,1,1,1,Hibernating
C04918,45,4,7677.7,4,4,3,Loyal Customers
C04919,127,3,7241.6,2,2,3,Hibernating
C04920,177,3,4530.8,1,2,2,Hibernating
C04921,183,3,17223.1,1,2,5,Hibernating
C04922,61,5,9942.400000000001,3,4,4,Loyal Customers
C04923,28,5,10320.6,4,4,4,Champions
C04924,19,2,5426.4,5,1,2,Potential Loyalists
C04925,10,3,11902.55,5,2,4,Potential Loyalists
C04926,29,4,9717.9,4,4,3,Loyal Customers
C04927,7,3,2711.2,5,2,1,Potential Loyalists
C04928,146,1,911.05,2,1,1,Hibernating
C04929,81,4,10815.7,3,4,4,Loyal Customers
C04930,105,2,2955.5,2,1,1,Hibernating
C04931,111,4,15987.599999999999,2,4,5,At Risk
C04932,73,3,4385.75,3,2,2,Hibernating
C04933,144,2,5415.5,2,1,2,Hibernating
C04934,29,4,4259.950000000001,4,4,2,Loyal Customers
C04935,80,4,11965.4,3,4,4,Loyal Customers
C04936,71,2,7097.6,3,1,3,Hibernating
C04937,6,6,18849.1,5,5,5,Champions
C04938,29,5,15345.300000000001,4,4,5,Champions
C04939,128,2,3666.75,2,1,1,Hibernating
C04940,116,2,2943.5,2,1,1,Hibernating
C04942,11,6,15232.55,5,5,5,Champions
C04944,18,2,13529.0,5,1,4,Potential Loyalists
C04945,50,3,3944.8,4,2,1,Potential Loyalists
C04946,157,2,5747.799999999999,2,1,2,Hibernating
C04947,42,6,14364.25,4,5,5,Champions
C04948,26,4,6457.25,4,4,2,Loyal Customers
C04949,290,1,2115.0,1,1,1,Hibernating
C04950,169,2,4815.200000000001,1,1,2,Hibernating
C04951,18,2,4837.0,5,1,2,Potential Loyalists
C04952,38,4,9290.75,4,4,3,Loyal Customers
C04953,104,4,9443.6,2,4,3,At Risk
C04954,226,4,14193.7,1,4,4,At Risk
C04955,4,3,3889.1000000000004,5,2,1,Potential Loyalists
C04956,76,5,9809.5,3,4,3,Loyal Customers
C04957,33,7,28339.05,4,5,5,Champions
C04958,20,5,15867.5,5,4,5,Champions
C04960,179,2,8089.400000000001,1,1,3,Hibernating
C04961,116,4,13985.150000000001,2,4,4,At Risk
C04962,72,3,6707.4,3,2,2,Hibernating
C04963,63,4,12705.4,3,4,4,Loyal Customers
C04964,158,5,12591.65,2,4,4,At Risk
C04965,70,2,7364.4,3,1,3,Hibernating
C04966,17,5,20582.4,5,4,5,Champions
C04967,42,5,13311.8,4,4,4,Champions
C04968,31,4,6135.4,4,4,2,Loyal Customers
C04969,205,1,2531.0,1,1,1,Hibernating
C04970,9,6,12757.15,5,5,4,Champions
C04971,271,1,2648.75,1,1,1,Hibernating
C04972,72,4,10606.9,3,4,4,Loyal Customers
C04973,19,4,7753.299999999999,5,4,3,Loyal Customers
C04974,27,2,4247.25,4,1,2,Potential Loyalists
C04975,35,2,7934.700000000001,4,1,3,Potential Loyalists
C04976,26,3,10485.95,4,2,4,Potential Loyalists
C04977,41,4,8801.95,4,4,3,Loyal Customers
C04978,129,2,1574.6,2,1,1,Hibernating
C04979,5,4,20528.600000000002,5,4,5,Champions
C04980,252,3,2371.2,1,2,1,Hibernating
C04981,87,2,3040.0,3,1,1,Hibernating
C04982,113,2,5687.499999999999,2,1,2,Hibernating
C04983,73,3,10105.45,3,2,4,Hibernating
C04984,49,8,20439.3,4,5,5,Champions
C04985,73,3,9635.4,3,2,3,Hibernating
C04986,4,2,2644.8,5,1,1,Potential Loyalists
C04987,17,7,25186.15,5,5,5,Champions
C04988,3,7,21758.95,5,5,5,Champions
C04989,20,3,4186.799999999999,5,2,2,Potential Loyalists
C04990,60,2,4068.4,3,1,2,Hibernating
C04991,88,1,291.6,3,1,1,Hibernating
C04992,36,2,3034.0,4,1,1,Potential Loyalists
C04993,64,2,3676.2999999999997,3,1,1,Hibernating
C04994,131,5,7613.599999999999,2,4,3,At Risk
C04996,215,2,3724.0,1,1,1,Hibernating
C04997,294,2,4362.6,1,1,2,Hibernating
C04998,26,5,13845.3,4,4,4,Champions
C04999,2,1,6711.599999999999,5,1,2,Potential Loyalists
C05000,149,4,13407.4,2,4,4,At Risk
C05001,70,5,12419.05,3,4,4,Loyal Customers
C05002,109,2,2535.2,2,1,1,Hibernating
C05003,46,3,8035.9,4,2,3,Potential Loyalists
C05004,127,1,506.25,2,1,1,Hibernating
C05005,128,5,8780.45,2,4,3,At Risk
C05006,97,1,1658.25,2,1,1,Hibernating
C05007,116,1,512.25,2,1,1,Hibernating
C05008,5,4,11917.8,5,4,4,Champions
C05009,56,4,9551.0,3,4,3,Loyal Customers
C05010,172,2,3373.95,1,1,1,Hibernating
C05011,5,4,8067.05,5,4,3,Loyal Customers
C05012,20,4,5822.0,5,4,2,Loyal Customers
C05013,49,6,21364.1,4,5,5,Champions
C05014,117,3,4860.3,2,2,2,Hibernating
C05015,88,8,24286.25,3,5,5,Loyal Customers
C05016,9,7,21648.3,5,5,5,Champions
C05017,30,2,4800.6,4,1,2,Potential Loyalists
C05018,298,2,4262.35,1,1,2,Hibernating
C05019,21,5,14242.4,5,4,4,Champions
C05020,172,2,4529.8,1,1,2,Hibernating
C05021,44,2,4901.5,4,1,2,Potential Loyalists
C05022,160,3,2780.0,2,2,1,Hibernating
C05023,51,2,1256.0,4,1,1,Potential Loyalists
C05024,26,5,12794.5,4,4,4,Champions
C05025,6,4,9980.3,5,4,4,Champions
C05026,114,3,14018.0,2,2,4,Hibernating
C05027,155,2,2113.2,2,1,1,Hibernating
C05029,274,3,6989.3,1,2,3,Hibernating
C05030,182,3,8811.95,1,2,3,Hibernating
C05031,10,3,10736.75,5,2,4,Potential Loyalists
C05032,104,4,8517.2,2,4,3,At Risk
C05033,142,3,10614.4,2,2,4,Hibernating
C05034,106,4,9240.1,2,4,3,At Risk
C05035,10,2,2181.75,5,1,1,Potential Loyalists
C05036,279,2,6253.1,1,1,2,Hibernating
C05037,152,2,10437.45,2,1,4,Hibernating
C05038,48,2,7147.5,4,1,3,Potential Loyalists
C05039,62,5,18963.4,3,4,5,Loyal Customers
C05040,172,2,860.5,1,1,1,Hibernating
C05041,261,1,3428.0,1,1,1,Hibernating
C05042,50,3,11988.0,4,2,4,Potential Loyalists
C05043,6,4,9133.75,5,4,3,Loyal Customers
C05044,228,1,4145.6,1,1,2,Hibernating
C05045,124,4,8385.2,2,4,3,At Risk
C05046,215,3,6291.8,1,2,2,Hibernating
C05047,7,4,8471.6,5,4,3,Loyal Customers
C05048,80,3,13937.1,3,2,4,Hibernating
C05049,38,5,16409.4,4,4,5,Champions
C05050,158,3,9462.2,2,2,3,Hibernating
C05051,6,4,8797.0,5,4,3,Loyal Customers
C05052,140,4,6820.6,2,4,3,At Risk
C05053,33,5,17212.55,4,4,5,Champions
C05054,79,4,7885.0,3,4,3,Loyal Customers
C05055,61,6,25171.550000000003,3,5,5,Loyal Customers
C05056,144,2,4210.3,2,1,2,Hibernating
C05057,48,3,8987.55,4,2,3,Potential Loyalists
C05058,67,3,5759.15,3,2,2,Hibernating
C05059,141,3,13784.4,2,2,4,Hibernating
C05060,18,2,2170.6,5,1,1,Potential Loyalists
C05061,17,2,23286.0,5,1,5,Potential Loyalists
C05063,41,6,19158.1,4,5,5,Champions
C05064,51,3,6804.1,4,2,3,Potential Loyalists
C05065,139,3,5460.95,2,2,2,Hibernating
C05066,18,1,3044.3,5,1,1,Potential Loyalists
C05067,203,4,7962.7,1,4,3,At Risk
C05068,38,6,14280.2,4,5,5,Champions
C05069,69,4,12349.9,3,4,4,Loyal Customers
C05070,50,5,10856.15,4,4,4,Champions
C05071,17,7,18192.75,5,5,5,Champions
C05072,232,1,3438.05,1,1,1,Hibernating
C05073,271,1,4148.0,1,1,2,Hibernating
C05074,166,2,3866.1,1,1,1,Hibernating
C05075,17,4,10814.3,5,4,4,Champions
C05076,72,2,5653.25,3,1,2,Hibernating
C05077,129,4,14525.45,2,4,5,At Risk
C05078,12,1,6078.8,5,1,2,Potential Loyalists
C05079,219,1,1699.6,1,1,1,Hibernating
C05080,60,4,8289.6,3,4,3,Loyal Customers
C05081,121,5,10891.95,2,4,4,At Risk
C05082,159,3,10412.650000000001,2,2,4,Hibernating
C05083,14,3,5954.85,5,2,2,Potential Loyalists
C05084,11,5,17953.75,5,4,5,Champions
C05085,163,6,15798.45,1,5,5,At Risk
C05086,5,6,15186.1,5,5,5,Champions
C05087,261,2,5741.9,1,1,2,Hibernating
C05088,32,1,3529.8,4,1,1,Potential Loyalists
C05089,59,2,3022.8,3,1,1,Hibernating
C05090,2,5,12292.1,5,4,4,Champions
C05091,29,5,9984.85,4,4,4,Champions
C05092,9,7,27583.25,5,5,5,Champions
C05093,24,3,11601.5,4,2,4,Potential Loyalists
C05094,99,2,3576.7,2,1,1,Hibernating
C05095,12,4,7994.7,5,4,3,Loyal Customers
C05096,79,2,12701.699999999999,3,1,4,Hibernating
C05097,126,2,2156.35,2,1,1,Hibernating
C05098,105,7,23728.15,2,5,5,At Risk
C05099,15,1,2943.9,5,1,1,Potential Loyalists
C05100,90,4,20201.6,3,4,5,Loyal Customers
C05101,73,2,5244.6,3,1,2,Hibernating
C05102,66,3,13868.25,3,3,4,Loyal Customers
C05103,39,2,2308.3,4,1,1,Potential Loyalists
C05104,159,2,8550.5,2,1,3,Hibernating
C05105,188,3,7743.500000000001,1,3,3,At Risk
C05106,33,7,20235.35,4,5,5,Champions
C05107,276,2,5921.6,1,1,2,Hibernating
C05108,186,3,10236.0,1,3,4,At Risk
C05109,29,5,5673.85,4,4,2,Loyal Customers
C05110,51,5,8344.199999999999,4,4,3,Loyal Customers
C05111,54,2,2533.35,3,1,1,Hibernating
C05112,172,2,6008.95,1,1,2,Hibernating
C05113,164,2,5047.7,1,1,2,Hibernating
C05114,127,5,20177.7,2,4,5,At Risk
C05115,204,1,3111.5,1,1,1,Hibernating
C05116,131,2,4466.5,2,1,2,Hibernating
C05117,71,5,9826.75,3,4,3,Loyal Customers
C05118,167,5,12955.75,1,4,4,At Risk
C05119,83,4,12342.0,3,4,4,Loyal Customers
C05120,37,7,17345.75,4,5,5,Champions
C05121,90,5,6545.3,3,4,2,Loyal Customers
C05122,36,4,19146.4,4,4,5,Champions
C05123,4,3,10178.15,5,3,4,Loyal Customers
C05124,49,4,6558.35,4,4,2,Loyal Customers
C05125,276,1,7263.7,1,1,3,Hibernating
C05126,54,4,10806.4,3,4,4,Loyal Customers
C05127,61,2,7375.6,3,1,3,Hibernating
C05128,59,4,5512.2,3,4,2,Loyal Customers
C05129,52,5,8374.7,4,4,3,Loyal Customers
C05130,38,8,18187.15,4,5,5,Champions
C05131,22,1,3352.8,5,1,1,Potential Loyalists
C05132,93,2,3023.75,3,1,1,Hibernating
C05133,42,4,11287.95,4,4,4,Champions
C05134,150,7,22677.2,2,5,5,At Risk
C05135,123,3,2437.15,2,3,1,At Risk
C05136,155,3,6638.349999999999,2,3,2,At Risk
C05137,162,5,10151.0,1,4,4,At Risk
C05138,56,4,11355.949999999999,3,4,4,Loyal Customers
C05139,138,3,3431.15,2,3,1,At Risk
C05140,81,9,22838.3,3,5,5,Loyal Customers
C05141,36,4,11557.9,4,4,4,Champions
C05142,145,2,2476.55,2,1,1,Hibernating
C05143,313,1,8223.2,1,1,3,Hibernating
C05144,99,3,3779.1499999999996,2,3,1,At Risk
C05145,38,4,4108.25,4,4,2,Loyal Customers
C05146,40,3,6105.75,4,3,2,Loyal Customers
C05147,146,4,10990.5,2,4,4,At Risk
C05148,20,4,7435.950000000001,5,4,3,Loyal Customers
C05149,5,6,8264.199999999999,5,5,3,Loyal Customers
C05150,30,5,17036.35,4,4,5,Champions
C05151,104,5,7178.6,2,4,3,At Risk
C05152,103,3,5388.4,2,3,2,At Risk
C05153,50,3,14014.0,4,3,4,Loyal Customers
C05154,26,2,9571.25,4,1,3,Potential Loyalists
C05155,346,1,2128.5,1,1,1,Hibernating
C05156,30,5,4389.4,4,4,2,Loyal Customers
C05157,111,1,1304.25,2,1,1,Hibernating
C05158,23,9,11114.55,5,5,4,Champions
C05159,95,3,4478.05,2,3,2,At Risk
C05160,137,4,12687.75,2,4,4,At Risk
C05161,100,3,2182.0,2,3,1,At Risk
C05162,192,2,7045.5,1,1,3,Hibernating
C05163,139,5,7622.6,2,4,3,At Risk
C05164,14,4,10806.8,5,4,4,Champions
C05165,293,1,1038.8,1,1,1,Hibernating
C05166,94,3,8373.0,3,3,3,Loyal Customers
C05167,150,2,3471.6,2,1,1,Hibernating
C05168,10,8,26101.45,5,5,5,Champions
C05169,5,4,15597.7,5,4,5,Champions
C05170,268,1,291.6,1,1,1,Hibernating
C05171,28,2,4020.5,4,1,2,Potential Loyalists
C05172,37,4,8544.65,4,4,3,Loyal Customers
C05173,4,3,5097.75,5,3,2,Loyal Customers
C05174,243,4,13582.800000000001,1,4,4,At Risk
C05175,35,4,6718.2,4,4,2,Loyal Customers
C05176,38,4,8685.95,4,4,3,Loyal Customers
C05177,46,2,5697.5,4,1,2,Potential Loyalists
C05178,31,2,4337.4,4,1,2,Potential Loyalists
C05179,14,2,11372.8,5,1,4,Potential Loyalists
C05180,71,2,6228.9,3,1,2,Hibernating
C05181,8,4,10442.15,5,4,4,Champions
C05183,74,4,10698.45,3,4,4,Loyal Customers
C05184,165,3,4400.35,1,3,2,At Risk
C05185,85,2,5127.9,3,1,2,Hibernating
C05186,223,3,5124.4,1,3,2,At Risk
C05187,16,3,4476.35,5,3,2,Loyal Customers
C05188,161,4,17904.0,1,4,5,At Risk
C05189,147,4,16026.45,2,4,5,At Risk
C05190,124,2,1444.6000000000001,2,1,1,Hibernating
C05191,29,3,6086.0,4,3,2,Loyal Customers
C05192,186,3,4271.9,1,3,2,At Risk
C05193,305,1,3980.55,1,1,1,Hibernating
C05194,160,3,7375.549999999999,2,3,3,At Risk
C05195,148,1,943.8,2,1,1,Hibernating
C05196,6,5,11292.699999999999,5,4,4,Champions
C05197,119,4,8550.4,2,4,3,At Risk
C05198,26,6,11276.45,4,5,4,Champions
C05199,13,2,1903.5,5,1,1,Potential Loyalists
C05200,86,4,8774.7,3,4,3,Loyal Customers
C05201,94,2,9120.8,3,1,3,Hibernating
C05202,33,4,11850.399999999998,4,4,4,Champions
C05203,136,3,9009.4,2,3,3,At Risk
C05204,19,3,12192.8,5,3,4,Loyal Customers
C05205,103,2,4363.8,2,1,2,Hibernating
C05206,2,4,15130.55,5,4,5,Champions
C05207,284,2,5957.6,1,1,2,Hibernating
C05208,263,1,757.6,1,1,1,Hibernating
C05209,88,3,9752.7,3,3,3,Loyal Customers
C05210,215,2,11690.5,1,1,4,Hibernating
C05211,290,1,3070.9,1,1,1,Hibernating
C05212,24,5,6293.6,4,4,2,Loyal Customers
C05213,71,3,14637.25,3,3,5,Loyal Customers
C05214,2,3,11151.15,5,3,4,Loyal Customers
C05215,16,5,9934.35,5,4,4,Champions
C05216,54,4,14138.85,3,4,4,Loyal Customers
C05217,246,2,6482.2,1,1,2,Hibernating
C05218,79,3,7440.2,3,3,3,Loyal Customers
C05219,89,7,15476.15,3,5,5,Loyal Customers
C05220,279,2,7564.1,1,1,3,Hibernating
C05221,88,7,20436.1,3,5,5,Loyal Customers
C05222,46,3,10256.099999999999,4,3,4,Loyal Customers
C05223,42,5,19328.7,4,4,5,Champions
C05224,11,5,19944.15,5,4,5,Champions
C05225,75,3,4970.65,3,3,2,Loyal Customers
C05226,27,8,18225.75,4,5,5,Champions
C05227,36,3,11850.900000000001,4,3,4,Loyal Customers
C05228,75,4,11529.6,3,4,4,Loyal Customers
C05229,56,6,19958.300000000003,3,5,5,Loyal Customers
C05230,31,7,25966.85,4,5,5,Champions
C05231,17,3,6852.15,5,3,3,Loyal Customers
C05232,171,3,9000.599999999999,1,3,3,At Risk
C05233,61,7,27527.7,3,5,5,Loyal Customers
C05234,41,4,13898.8,4,4,4,Champions
C05235,222,2,15553.050000000001,1,1,5,Hibernating
C05236,51,5,12217.25,4,4,4,Champions
C05237,79,4,8895.7,3,4,3,Loyal Customers
C05238,112,3,3894.0,2,3,1,At Risk
C05239,113,1,1126.8,2,1,1,Hibernating
C05240,85,5,8360.5,3,4,3,Loyal Customers
C05241,107,6,18748.85,2,5,5,At Risk
C05242,119,5,15838.9,2,4,5,At Risk
C05243,62,3,5416.7,3,3,2,Loyal Customers
C05244,76,6,12671.95,3,5,4,Loyal Customers
C05245,18,5,15134.05,5,4,5,Champions
C05246,23,6,12861.9,5,5,4,Champions
C05247,4,4,3541.1000000000004,5,4,1,Loyal Customers
C05248,57,3,12422.400000000001,3,3,4,Loyal Customers
C05249,92,4,9160.0,3,4,3,Loyal Customers
C05250,23,4,15279.75,5,4,5,Champions
C05251,23,5,16883.95,5,4,5,Champions
C05252,83,6,29624.15,3,5,5,Loyal Customers
C05253,65,5,17090.1,3,4,5,Loyal Customers
C05254,9,4,5895.75,5,4,2,Loyal Customers
C05255,65,5,13334.25,3,4,4,Loyal Customers
C05256,117,5,9845.95,2,4,4,At Risk
C05257,14,7,16558.35,5,5,5,Champions
C05258,7,4,10128.45,5,4,4,Champions
C05259,66,4,14556.800000000001,3,4,5,Loyal Customers
C05260,40,1,527.85,4,1,1,Potential Loyalists
C05261,230,2,4709.0,1,1,2,Hibernating
C05262,162,3,11612.95,1,3,4,At Risk
C05263,174,1,526.5,1,1,1,Hibernating
C05264,1,5,21936.5,5,4,5,Champions
C05265,16,2,5621.9,5,1,2,Potential Loyalists
C05266,110,3,6083.35,2,3,2,At Risk
C05267,116,5,7232.0,2,4,3,At Risk
C05268,203,1,771.0,1,1,1,Hibernating
C05269,92,1,4842.0,3,1,2,Hibernating
C05271,74,2,2453.6000000000004,3,1,1,Hibernating
C05272,18,4,11553.25,5,4,4,Champions
C05273,207,2,7309.2,1,1,3,Hibernating
C05274,166,2,2511.4,1,1,1,Hibernating
C05275,44,2,4040.4,4,1,2,Potential Loyalists
C05276,178,2,5720.75,1,1,2,Hibernating
C05277,51,2,8822.4,4,1,3,Potential Loyalists
C05278,195,4,7350.45,1,4,3,At Risk
C05279,12,3,4037.9,5,3,2,Loyal Customers
C05280,66,2,6831.8,3,1,3,Hibernating
C05281,12,3,5851.8,5,3,2,Loyal Customers
C05282,3,4,6662.6,5,4,2,Loyal Customers
C05283,103,6,25815.05,2,5,5,At Risk
C05284,121,7,17422.95,2,5,5,At Risk
C05285,19,5,12427.35,5,4,4,Champions
C05286,140,1,1527.5,2,1,1,Hibernating
C05287,129,2,12387.0,2,1,4,Hibernating
C05288,310,1,204.8,1,1,1,Hibernating
C05289,33,4,13648.25,4,4,4,Champions
C05290,3,2,2994.5,5,1,1,Potential Loyalists
C05291,61,1,2933.25,3,1,1,Hibernating
C05292,110,3,16124.5,2,3,5,At Risk
C05293,4,7,22242.35,5,5,5,Champions
C05294,1,2,1497.35,5,1,1,Potential Loyalists
C05295,31,5,10666.949999999999,4,4,4,Champions
C05296,57,3,11218.95,3,3,4,Loyal Customers
C05298,66,5,5391.6,3,4,2,Loyal Customers
C05299,242,1,3108.7,1,1,1,Hibernating
C05300,2,4,7778.1,5,4,3,Loyal Customers
C05301,13,6,13993.65,5,5,4,Champions
C05302,37,5,12841.6,4,4,4,Champions
C05303,93,3,2892.75,3,3,1,Loyal Customers
C05304,265,1,3264.8,1,1,1,Hibernating
C05305,43,4,15499.9,4,4,5,Champions
C05306,110,5,9399.25,2,4,3,At Risk
C05307,12,3,5493.7,5,3,2,Loyal Customers
C05309,72,3,8825.7,3,3,3,Loyal Customers
C05310,16,1,3507.0,5,1,1,Potential Loyalists
C05311,245,1,4734.4,1,1,2,Hibernating
C05312,80,5,10940.300000000001,3,4,4,Loyal Customers
C05313,37,7,13594.95,4,5,4,Champions
C05314,24,6,15300.1,4,5,5,Champions
C05315,188,2,9945.0,1,1,4,Hibernating
C05316,319,1,3912.0,1,1,1,Hibernating
C05317,108,3,7866.0,2,3,3,At Risk
C05318,137,2,8385.2,2,1,3,Hibernating
C05319,273,1,4747.5,1,1,2,Hibernating
C05320,113,4,4982.05,2,4,2,At Risk
C05321,14,5,11570.55,5,4,4,Champions
C05322,166,3,4520.1,1,3,2,At Risk
C05323,33,5,20951.05,4,4,5,Champions
C05324,126,2,9799.3,2,1,3,Hibernating
C05325,1,3,6699.35,5,3,2,Loyal Customers
C05326,6,4,12794.45,5,4,4,Champions
C05327,106,1,3239.25,2,1,1,Hibernating
C05328,1,4,13858.05,5,4,4,Champions
C05329,71,5,9187.55,3,4,3,Loyal Customers
C05330,193,3,6045.9,1,3,2,At Risk
C05331,17,6,16193.85,5,5,5,Champions
C05332,50,4,4484.25,4,4,2,Loyal Customers
C05333,45,8,21244.35,4,5,5,Champions
C05334,122,4,11375.3,2,4,4,At Risk
C05335,183,1,352.8,1,1,1,Hibernating
C05336,3,4,14324.65,5,4,5,Champions
C05337,9,3,4426.85,5,3,2,Loyal Customers
C05338,130,1,2310.0,2,1,1,Hibernating
C05339,354,1,858.6,1,1,1,Hibernating
C05340,42,4,15151.1,4,4,5,Champions
C05341,26,2,7340.25,4,1,3,Potential Loyalists
C05342,47,1,6148.8,4,1,2,Potential Loyalists
C05343,124,5,12382.05,2,4,4,At Risk
C05344,250,3,9555.2,1,3,3,At Risk
C05345,27,7,19959.4,4,5,5,Champions
C05346,81,2,3850.9,3,1,1,Hibernating
C05347,149,3,14221.1,2,3,4,At Risk
C05348,147,3,5873.55,2,3,2,At Risk
C05349,128,2,4133.5,2,1,2,Hibernating
C05350,108,3,6811.4,2,3,3,At Risk
C05351,6,2,10097.6,5,1,4,Potential Loyalists
C05352,18,5,14468.800000000001,5,4,5,Champions
C05353,190,2,4644.8,1,1,2,Hibernating
C05354,115,6,16265.1,2,5,5,At Risk
C05355,27,4,9133.650000000001,4,4,3,Loyal Customers
C05356,189,2,3929.7999999999997,1,1,1,Hibernating
C05357,236,2,3760.85,1,1,1,Hibernating
C05358,161,2,5429.8,1,1,2,Hibernating
C05359,320,1,2227.2,1,1,1,Hibernating
C05360,312,1,4243.5,1,1,2,Hibernating
C05361,6,6,10354.0,5,5,4,Champions
C05362,137,2,2685.6,2,1,1,Hibernating
C05363,304,1,1490.4,1,1,1,Hibernating
C05364,38,3,6747.1,4,3,2,Loyal Customers
C05365,312,2,2263.9,1,1,1,Hibernating
C05366,58,5,11837.5,3,4,4,Loyal Customers
C05367,41,4,14051.6,4,4,4,Champions
C05368,16,2,9803.2,5,1,3,Potential Loyalists
C05369,128,2,5383.2,2,1,2,Hibernating
C05370,278,1,3960.9,1,1,1,Hibernating
C05371,168,7,14866.0,1,5,5,At Risk
C05372,100,4,14015.1,2,4,4,At Risk
C05373,64,4,9241.9,3,4,3,Loyal Customers
C05374,67,6,27523.35,3,5,5,Loyal Customers
C05375,335,1,2644.6,1,1,1,Hibernating
C05376,43,4,11092.1,4,4,4,Champions
C05377,98,4,7116.049999999999,2,4,3,At Risk
C05378,166,2,3827.5,1,1,1,Hibernating
C05379,292,1,1596.6,1,1,1,Hibernating
C05380,73,4,11679.8,3,4,4,Loyal Customers
C05381,32,1,1192.5,4,1,1,Potential Loyalists
C05382,21,5,11726.15,5,4,4,Champions
C05383,95,3,18228.600000000002,2,3,5,At Risk
C05384,98,3,13628.4,2,3,4,At Risk
C05385,120,3,9536.25,2,3,3,At Risk
C05386,58,6,11866.4,3,5,4,Loyal Customers
C05387,207,1,3811.2,1,1,1,Hibernating
C05388,11,6,13016.25,5,5,4,Champions
C05389,34,5,11373.5,4,4,4,Champions
C05390,42,3,6611.25,4,3,2,Loyal Customers
C05391,37,2,4649.4,4,1,2,Potential Loyalists
C05392,89,2,5025.8,3,1,2,Hibernating
C05393,120,3,7618.799999999999,2,3,3,At Risk
C05394,68,6,5394.7,3,5,2,Loyal Customers
C05395,160,3,13411.8,2,3,4,At Risk
C05396,75,2,2826.1,3,1,1,Hibernating
C05397,81,3,12038.050000000001,3,3,4,Loyal Customers
C05398,40,4,20391.6,4,4,5,Champions
C05399,15,4,5603.3,5,4,2,Loyal Customers
C05400,85,5,17612.2,3,4,5,Loyal Customers
C05401,99,4,16546.9,2,4,5,At Risk
C05402,5,1,1375.0,5,1,1,Potential Loyalists
C05403,4,4,11554.3,5,4,4,Champions
C05404,333,1,2579.25,1,1,1,Hibernating
C05405,68,3,15775.3,3,3,5,Loyal Customers
C05406,30,6,18363.65,4,5,5,Champions
C05407,47,3,7776.700000000001,4,3,3,Loyal Customers
C05408,36,6,22470.15,4,5,5,Champions
C05409,56,7,20048.899999999998,3,5,5,Loyal Customers
C05410,106,5,10344.15,2,4,4,At Risk
C05411,72,3,5552.4,3,3,2,Loyal Customers
C05412,53,4,11115.35,4,4,4,Champions
C05413,13,4,12671.7,5,4,4,Champions
C05414,126,2,1684.6,2,1,1,Hibernating
C05415,184,3,15198.899999999998,1,3,5,At Risk
C05417,81,4,12033.05,3,4,4,Loyal Customers
C05418,138,4,7546.6,2,4,3,At Risk
C05419,68,2,3191.6,3,1,1,Hibernating
C05420,182,4,6718.5,1,4,2,At Risk
C05421,306,2,5592.6,1,1,2,Hibernating
C05422,63,3,7366.6,3,3,3,Loyal Customers
C05423,16,3,9263.8,5,3,3,Loyal Customers
C05424,5,7,14931.599999999999,5,5,5,Champions
C05425,25,3,11827.15,4,3,4,Loyal Customers
C05426,95,5,14268.95,2,4,4,At Risk
C05427,180,3,4022.3,1,3,2,At Risk
C05428,1,3,6912.45,5,3,3,Loyal Customers
C05429,25,1,561.4,4,1,1,Potential Loyalists
C05430,38,3,5945.65,4,3,2,Loyal Customers
C05431,13,5,15256.25,5,4,5,Champions
C05432,60,5,15276.3,3,4,5,Loyal Customers
C05433,36,6,15889.900000000001,4,5,5,Champions
C05434,24,4,7218.7,4,4,3,Loyal Customers
C05435,151,3,8626.35,2,3,3,At Risk
C05436,199,2,12840.7,1,1,4,Hibernating
C05438,95,6,12644.65,2,5,4,At Risk
C05439,68,5,8245.75,3,4,3,Loyal Customers
C05440,83,4,8671.85,3,4,3,Loyal Customers
C05441,149,3,3620.7000000000003,2,3,1,At Risk
C05442,78,10,32953.7,3,5,5,Loyal Customers
C05443,40,4,5770.8,4,4,2,Loyal Customers
C05444,169,4,7446.150000000001,1,4,3,At Risk
C05446,41,1,1473.45,4,1,1,Potential Loyalists
C05447,98,2,3108.0,2,1,1,Hibernating
C05448,205,1,987.75,1,1,1,Hibernating
C05449,37,3,3386.7,4,3,1,Loyal Customers
C05450,18,6,17171.0,5,5,5,Champions
C05451,27,4,8862.15,4,4,3,Loyal Customers
C05452,17,3,10378.1,5,3,4,Loyal Customers
C05453,26,6,18371.15,4,5,5,Champions
C05454,147,2,7395.7,2,1,3,Hibernating
C05455,99,2,1868.2,2,1,1,Hibernating
C05456,131,4,6813.2,2,4,3,At Risk
C05457,7,5,8274.7,5,4,3,Loyal Customers
C05458,43,2,5294.7,4,1,2,Potential Loyalists
C05459,284,2,1991.8,1,1,1,Hibernating
C05460,152,1,6232.8,2,1,2,Hibernating
C05461,345,1,480.9,1,1,1,Hibernating
C05462,113,2,1478.1,2,1,1,Hibernating
C05463,47,4,5888.7,4,4,2,Loyal Customers
C05464,198,2,3924.15,1,1,1,Hibernating
C05465,279,1,7587.0,1,1,3,Hibernating
C05466,13,8,31454.800000000003,5,5,5,Champions
C05467,3,6,12749.45,5,5,4,Champions
C05468,59,5,11907.25,3,4,4,Loyal Customers
C05469,26,3,4420.650000000001,4,3,2,Loyal Customers
C05470,281,2,5327.5,1,1,2,Hibernating
C05471,14,7,15897.1,5,5,5,Champions
C05472,36,6,13434.9,4,5,4,Champions
C05473,75,3,11877.55,3,3,4,Loyal Customers
C05474,146,4,13358.4,2,4,4,At Risk
C05475,93,4,19858.2,3,4,5,Loyal Customers
C05476,127,2,5160.0,2,1,2,Hibernating
C05477,188,1,3587.85,1,1,1,Hibernating
C05478,167,2,3913.1,1,1,1,Hibernating
C05479,100,6,14427.4,2,5,5,At Risk
C05480,250,2,4430.1,1,1,2,Hibernating
C05481,128,2,4828.0,2,1,2,Hibernating
C05482,343,1,1432.0,1,1,1,Hibernating
C05483,93,1,2912.0,3,1,1,Hibernating
C05484,50,3,12979.15,4,3,4,Loyal Customers
C05485,260,1,737.8,1,1,1,Hibernating
C05486,16,5,13299.2,5,4,4,Champions
C05487,46,4,9261.15,4,4,3,Loyal Customers
C05488,50,4,15908.5,4,4,5,Champions
C05489,22,4,19573.6,5,4,5,Champions
C05490,183,2,6778.85,1,1,2,Hibernating
C05491,304,2,3359.95,1,1,1,Hibernating
C05492,50,4,14423.650000000001,4,4,5,Champions
C05493,116,7,11674.0,2,5,4,At Risk
C05494,6,6,31594.7,5,5,5,Champions
C05495,208,1,3327.2,1,1,1,Hibernating
C05496,216,2,3616.0,1,1,1,Hibernating
C05497,191,4,8985.9,1,4,3,At Risk
C05498,42,2,2807.5,4,1,1,Potential Loyalists
C05499,307,1,2090.9,1,1,1,Hibernating
C05500,229,3,10460.050000000001,1,3,4,At Risk
C05501,86,3,4973.2,3,3,2,Loyal Customers
C05502,157,3,7083.85,2,3,3,At Risk
C05503,230,1,2165.15,1,1,1,Hibernating
C05504,147,3,7648.9,2,3,3,At Risk
C05505,115,4,15422.05,2,4,5,At Risk
C05506,150,4,6989.4,2,4,3,At Risk
C05507,119,4,11323.5,2,4,4,At Risk
C05508,64,2,1695.2,3,1,1,Hibernating
C05509,33,3,10337.4,4,3,4,Loyal Customers
C05510,38,2,3092.0,4,1,1,Potential Loyalists
C05511,8,4,8490.6,5,4,3,Loyal Customers
C05512,281,2,3609.45,1,1,1,Hibernating
C05513,127,5,11182.85,2,4,4,At Risk
C05514,52,3,3497.15,4,3,1,Loyal Customers
C05515,2,2,3378.6000000000004,5,1,1,Potential Loyalists
C05516,13,2,5749.5,5,1,2,Potential Loyalists
C05517,12,5,24097.800000000003,5,4,5,Champions
C05518,7,3,6909.200000000001,5,3,3,Loyal Customers
C05519,46,3,14821.75,4,3,5,Loyal Customers
C05520,171,2,17175.25,1,1,5,Hibernating
C05521,50,3,7407.65,4,3,3,Loyal Customers
C05522,76,3,5714.4,3,3,2,Loyal Customers
C05523,44,3,7389.3,4,3,3,Loyal Customers
C05524,92,4,6413.7,3,4,2,Loyal Customers
C05525,223,2,4760.8,1,1,2,Hibernating
C05526,74,5,12859.05,3,4,4,Loyal Customers
C05527,71,2,7858.25,3,1,3,Hibernating
C05528,169,1,3478.5,1,1,1,Hibernating
C05529,117,2,7463.0,2,1,3,Hibernating
C05530,12,5,9677.25,5,4,3,Loyal Customers
C05531,42,2,10855.5,4,1,4,Potential Loyalists
C05532,155,4,7721.7,2,4,3,At Risk
C05533,174,2,4173.6,1,1,2,Hibernating
C05534,13,4,5539.3,5,4,2,Loyal Customers
C05535,109,4,12618.15,2,4,4,At Risk
C05537,278,1,2200.1,1,1,1,Hibernating
C05538,75,4,7087.25,3,4,3,Loyal Customers
C05539,212,3,9026.1,1,3,3,At Risk
C05540,41,5,13382.6,4,4,4,Champions
C05541,7,3,4900.6,5,3,2,Loyal Customers
C05542,171,3,9128.9,1,3,3,At Risk
C05543,114,2,4043.4,2,1,2,Hibernating
C05544,138,4,14753.4,2,4,5,At Risk
C05545,5,2,3667.7,5,1,1,Potential Loyalists
C05546,83,2,2264.7,3,1,1,Hibernating
C05547,148,5,14244.8,2,4,4,At Risk
C05548,47,4,13342.75,4,4,4,Champions
C05549,136,3,5174.1,2,3,2,At Risk
C05550,108,4,21539.95,2,4,5,At Risk
C05551,181,4,18239.1,1,4,5,At Risk
C05553,23,2,3970.8,5,1,1,Potential Loyalists
C05554,49,2,3053.2,4,1,1,Potential Loyalists
C05555,18,4,13624.85,5,4,4,Champions
C05556,94,8,21093.7,3,5,5,Loyal Customers
C05557,15,4,8951.25,5,4,3,Loyal Customers
C05558,25,2,2853.3,4,1,1,Potential Loyalists
C05559,67,6,14933.7,3,5,5,Loyal Customers
C05560,15,3,6243.5,5,3,2,Loyal Customers
C05561,250,2,2567.9,1,1,1,Hibernating
C05562,40,7,18658.6,4,5,5,Champions
C05563,159,3,9712.9,2,3,3,At Risk
C05564,41,5,13142.05,4,4,4,Champions
C05565,73,2,5393.3,3,1,2,Hibernating
C05566,12,4,14226.5,5,4,4,Champions
C05567,301,1,1970.5,1,1,1,Hibernating
C05568,85,7,22350.5,3,5,5,Loyal Customers
C05569,75,1,2720.0,3,1,1,Hibernating
C05570,120,1,2687.4,2,1,1,Hibernating
C05571,70,2,8920.1,3,1,3,Hibernating
C05572,10,1,4012.4,5,1,2,Potential Loyalists
C05573,94,6,12028.0,3,5,4,Loyal Customers
C05574,70,4,8008.05,3,4,3,Loyal Customers
C05575,43,4,8552.4,4,4,3,Loyal Customers
C05576,59,4,8766.3,3,4,3,Loyal Customers
C05577,25,5,16821.85,4,4,5,Champions
C05578,11,3,4705.200000000001,5,3,2,Loyal Customers
C05579,293,1,2344.0,1,1,1,Hibernating
C05580,32,3,4304.8,4,3,2,Loyal Customers
C05581,60,4,4180.5,3,4,2,Loyal Customers
C05582,30,3,3242.9,4,3,1,Loyal Customers
C05583,146,2,2070.9,2,1,1,Hibernating
C05584,22,2,7867.05,5,1,3,Potential Loyalists
C05585,109,2,8097.65,2,1,3,Hibernating
C05586,248,2,3924.5,1,1,1,Hibernating
C05587,161,3,6325.7,1,3,2,At Risk
C05588,173,2,9564.1,1,1,3,Hibernating
C05589,33,4,31615.699999999997,4,4,5,Champions
C05590,3,2,5101.15,5,1,2,Potential Loyalists
C05591,54,6,20097.75,3,5,5,Loyal Customers
C05592,25,3,6705.6,4,3,2,Loyal Customers
C05593,11,1,1233.6,5,1,1,Potential Loyalists
C05594,196,4,5288.5,1,4,2,At Risk
C05595,32,4,10983.9,4,4,4,Champions
C05596,55,6,14200.75,3,5,4,Loyal Customers
C05598,203,2,1302.1999999999998,1,1,1,Hibernating
C05599,328,2,4930.0,1,1,2,Hibernating
C05600,7,2,6694.1,5,1,2,Potential Loyalists
C05602,50,3,8028.9,4,3,3,Loyal Customers
C05603,50,3,5011.549999999999,4,3,2,Loyal Customers
C05604,94,4,7223.25,3,4,3,Loyal Customers
C05605,141,6,10214.4,2,5,4,At Risk
C05606,147,4,8485.6,2,4,3,At Risk
C05607,255,1,1036.0,1,1,1,Hibernating
C05608,190,2,2627.0,1,1,1,Hibernating
C05609,26,4,12144.35,4,4,4,Champions
C05610,234,1,392.7,1,1,1,Hibernating
C05611,180,4,3924.15,1,4,1,At Risk
C05612,51,3,9317.75,4,3,3,Loyal Customers
C05613,280,1,2837.1,1,1,1,Hibernating
C05614,192,2,4949.4,1,1,2,Hibernating
C05615,53,3,7331.1,4,3,3,Loyal Customers
C05616,15,4,11967.85,5,4,4,Champions
C05617,4,3,10084.8,5,3,4,Loyal Customers
C05618,187,3,14932.75,1,3,5,At Risk
C05619,30,4,33648.8,4,4,5,Champions
C05620,85,4,4458.9,3,4,2,Loyal Customers
C05621,62,2,3952.4,3,1,1,Hibernating
C05622,166,3,2685.0,1,3,1,At Risk
C05623,77,2,4395.45,3,1,2,Hibernating
C05624,114,2,10251.75,2,1,4,Hibernating
C05625,9,4,8148.450000000001,5,4,3,Loyal Customers
C05626,179,2,3082.95,1,1,1,Hibernating
C05627,30,6,11273.65,4,5,4,Champions
C05628,28,4,12701.9,4,4,4,Champions
C05629,20,3,8235.5,5,3,3,Loyal Customers
C05630,111,3,8220.199999999999,2,3,3,At Risk
C05631,179,2,9667.199999999999,1,1,3,Hibernating
C05632,60,5,5633.6,3,4,2,Loyal Customers
C05633,29,3,9358.0,4,3,3,Loyal Customers
C05634,29,5,10366.95,4,4,4,Champions
C05635,191,2,5825.1,1,1,2,Hibernating
C05636,1,1,1319.2,5,1,1,Potential Loyalists
C05637,104,3,9937.1,2,3,4,At Risk
C05639,61,1,2180.25,3,1,1,Hibernating
C05640,9,6,11434.9,5,5,4,Champions
C05641,276,1,10666.8,1,1,4,Hibernating
C05643,141,2,5922.5,2,1,2,Hibernating
C05644,46,7,21529.75,4,5,5,Champions
C05645,4,5,13907.65,5,4,4,Champions
C05646,26,7,14066.8,4,5,4,Champions
C05647,250,2,6770.700000000001,1,1,2,Hibernating
C05648,31,3,4687.9,4,3,2,Loyal Customers
C05649,52,5,27811.050000000003,4,4,5,Champions
C05650,40,3,4807.2,4,3,2,Loyal Customers
C05651,13,4,6555.7,5,4,2,Loyal Customers
C05652,139,6,15346.4,2,5,5,At Risk
C05653,121,3,3724.95,2,3,1,At Risk
C05654,3,5,12994.15,5,4,4,Champions
C05655,29,6,11872.5,4,5,4,Champions
C05656,32,5,10782.7,4,4,4,Champions
C05657,65,1,1444.5,3,1,1,Hibernating
C05658,233,5,21719.3,1,4,5,At Risk
C05659,19,6,19802.7,5,5,5,Champions
C05660,34,5,12816.0,4,4,4,Champions
C05661,2,4,7751.25,5,4,3,Loyal Customers
C05663,102,4,14741.85,2,4,5,At Risk
C05664,304,1,4968.0,1,1,2,Hibernating
C05665,21,2,4666.2,5,1,2,Potential Loyalists
C05666,240,2,3140.3,1,1,1,Hibernating
C05667,89,3,12798.9,3,3,4,Loyal Customers
C05668,57,4,8088.75,3,4,3,Loyal Customers
C05669,1,1,6732.0,5,1,2,Potential Loyalists
C05670,4,2,4921.8,5,1,2,Potential Loyalists
C05671,188,2,5250.9,1,1,2,Hibernating
C05672,298,2,2689.8,1,1,1,Hibernating
C05673,319,1,715.35,1,1,1,Hibernating
C05674,159,6,8823.1,2,5,3,At Risk
C05675,56,5,14092.25,3,4,4,Loyal Customers
C05676,42,6,13826.7,4,5,4,Champions
C05677,151,2,4655.6,2,1,2,Hibernating
C05678,310,3,5837.8,1,3,2,At Risk
C05679,123,2,2741.7000000000003,2,1,1,Hibernating
C05680,74,3,8412.0,3,3,3,Loyal Customers
C05681,83,2,4264.1,3,1,2,Hibernating
C05682,19,3,14573.5,5,3,5,Loyal Customers
C05683,196,3,6908.9,1,3,3,At Risk
C05684,54,4,17794.95,3,4,5,Loyal Customers
C05685,6,3,16037.2,5,3,5,Loyal Customers
C05686,165,5,17411.35,1,4,5,At Risk
C05687,132,7,18023.300000000003,2,5,5,At Risk
C05688,232,4,16898.05,1,4,5,At Risk
C05689,71,1,2218.5,3,1,1,Hibernating
C05690,24,4,4775.1,4,4,2,Loyal Customers
C05691,210,2,5062.849999999999,1,1,2,Hibernating
C05692,118,2,9080.1,2,1,3,Hibernating
C05693,91,3,9375.199999999999,3,3,3,Loyal Customers
C05694,20,2,4915.1,5,1,2,Potential Loyalists
C05695,178,2,8921.25,1,1,3,Hibernating
C05696,162,4,6772.2,1,4,2,At Risk
C05697,89,1,2939.3,3,1,1,Hibernating
C05698,133,2,3344.5,2,1,1,Hibernating
C05699,323,2,8180.1,1,1,3,Hibernating
C05700,42,3,7340.25,4,3,3,Loyal Customers
C05701,53,4,12131.35,4,4,4,Champions
C05702,6,1,3612.8,5,1,1,Potential Loyalists
C05703,114,6,14388.35,2,5,5,At Risk
C05704,97,5,10872.4,2,4,4,At Risk
C05705,183,2,1649.9,1,1,1,Hibernating
C05706,25,2,4432.5,4,1,2,Potential Loyalists
C05707,44,1,3352.5,4,1,1,Potential Loyalists
C05708,52,1,1328.0,4,1,1,Potential Loyalists
C05709,40,4,3961.3,4,4,1,Loyal Customers
C05710,15,7,28982.45,5,5,5,Champions
C05711,5,5,16637.8,5,4,5,Champions
C05712,291,4,5458.3,1,4,2,At Risk
C05713,213,2,3873.0,1,1,1,Hibernating
C05714,29,1,1121.4,4,1,1,Potential Loyalists
C05715,60,4,8668.8,3,4,3,Loyal Customers
C05716,25,3,10177.05,4,3,4,Loyal Customers
C05718,27,3,15338.0,4,3,5,Loyal Customers
C05719,118,1,2082.5,2,1,1,Hibernating
C05720,59,4,14422.55,3,4,5,Loyal Customers
C05721,163,3,9322.5,1,3,3,At Risk
C05722,28,5,22557.0,4,4,5,Champions
C05723,76,3,8579.9,3,3,3,Loyal Customers
C05724,50,7,18411.5,4,5,5,Champions
C05725,70,2,6137.5,3,1,2,Hibernating
C05726,39,2,5305.1,4,1,2,Potential Loyalists
C05727,361,1,4993.0,1,1,2,Hibernating
C05728,27,2,6896.5,4,1,3,Potential Loyalists
C05729,186,2,5956.2,1,1,2,Hibernating
C05730,22,5,11128.5,5,4,4,Champions
C05731,57,2,3109.1,3,1,1,Hibernating
C05732,183,3,6223.6,1,3,2,At Risk
C05733,6,5,21362.05,5,4,5,Champions
C05734,111,3,5465.25,2,3,2,At Risk
C05735,96,1,1539.2,2,1,1,Hibernating
C05736,137,2,1456.0,2,1,1,Hibernating
C05737,137,5,14986.2,2,4,5,At Risk
C05738,217,3,8873.15,1,3,3,At Risk
C05739,2,3,13300.15,5,3,4,Loyal Customers
C05740,67,5,19590.0,3,4,5,Loyal Customers
C05741,73,5,9571.0,3,4,3,Loyal Customers
C05742,69,4,12566.65,3,4,4,Loyal Customers
C05743,22,4,7268.0,5,4,3,Loyal Customers
C05744,221,3,9797.6,1,3,3,At Risk
C05745,2,4,8968.75,5,4,3,Loyal Customers
C05746,11,2,2973.25,5,1,1,Potential Loyalists
C05747,82,2,5748.400000000001,3,1,2,Hibernating
C05749,363,1,2749.5,1,1,1,Hibernating
C05750,53,3,5942.6,4,3,2,Loyal Customers
C05751,80,4,12003.7,3,4,4,Loyal Customers
C05752,29,1,1597.7,4,1,1,Potential Loyalists
C05753,29,4,15423.699999999999,4,4,5,Champions
C05754,73,5,5642.4,3,4,2,Loyal Customers
C05755,339,1,8289.2,1,1,3,Hibernating
C05756,60,5,10463.7,3,4,4,Loyal Customers
C05757,340,1,2062.8,1,1,1,Hibernating
C05758,30,3,16243.099999999999,4,3,5,Loyal Customers
C05759,109,4,12406.7,2,4,4,At Risk
C05760,120,3,3011.8,2,3,1,At Risk
C05762,88,2,4997.1,3,1,2,Hibernating
C05763,172,2,2188.1,1,1,1,Hibernating
C05764,54,4,5798.85,3,4,2,Loyal Customers
C05765,76,4,24411.399999999998,3,4,5,Loyal Customers
C05766,9,2,2150.3,5,1,1,Potential Loyalists
C05767,38,3,8986.4,4,3,3,Loyal Customers
C05768,13,7,14810.2,5,5,5,Champions
C05769,257,1,952.0,1,1,1,Hibernating
C05771,38,3,6023.75,4,3,2,Loyal Customers
C05772,74,3,14094.0,3,3,4,Loyal Customers
C05773,30,3,5834.85,4,3,2,Loyal Customers
C05774,1,7,20537.05,5,5,5,Champions
C05775,55,2,5431.75,3,1,2,Hibernating
C05776,125,3,6170.150000000001,2,3,2,At Risk
C05777,110,2,6365.0,2,1,2,Hibernating
C05778,24,3,5089.05,4,3,2,Loyal Customers
C05779,16,3,6722.15,5,3,2,Loyal Customers
C05780,124,4,6695.9,2,4,2,At Risk
C05781,189,2,5715.0,1,1,2,Hibernating
C05782,261,2,5683.25,1,1,2,Hibernating
C05783,194,1,771.4,1,1,1,Hibernating
C05784,208,2,2477.85,1,1,1,Hibernating
C05785,180,4,13072.0,1,4,4,At Risk
C05787,3,4,5691.0,5,4,2,Loyal Customers
C05788,17,5,9586.55,5,4,3,Loyal Customers
C05789,45,2,10250.5,4,1,4,Potential Loyalists
C05790,26,4,8449.45,4,4,3,Loyal Customers
C05791,26,3,9041.5,4,3,3,Loyal Customers
C05792,54,3,16119.699999999999,3,3,5,Loyal Customers
C05794,38,3,3469.0,4,3,1,Loyal Customers
C05795,216,3,5752.75,1,3,2,At Risk
C05796,40,4,2920.3,4,4,1,Loyal Customers
C05797,65,1,1025.05,3,1,1,Hibernating
C05798,35,4,5452.8,4,4,2,Loyal Customers
C05799,168,3,7769.200000000001,1,3,3,At Risk
C05800,103,3,6462.9,2,3,2,At Risk
C05801,1,3,10975.35,5,3,4,Loyal Customers
C05802,106,2,4761.9,2,1,2,Hibernating
C05803,20,3,10676.3,5,3,4,Loyal Customers
C05804,32,2,7132.25,4,1,3,Potential Loyalists
C05805,285,1,2879.45,1,1,1,Hibernating
C05806,24,3,9555.2,4,3,3,Loyal Customers
C05807,19,3,8529.25,5,3,3,Loyal Customers
C05809,330,1,2033.1,1,1,1,Hibernating
C05810,171,3,6771.15,1,3,2,At Risk
C05811,106,3,6775.55,2,3,2,At Risk
C05812,13,3,5298.15,5,3,2,Loyal Customers
C05813,33,7,11281.0,4,5,4,Champions
C05814,36,2,3278.0,4,1,1,Potential Loyalists
C05815,183,2,1327.15,1,1,1,Hibernating
C05816,147,2,7144.0,2,1,3,Hibernating
C05818,36,6,10790.5,4,5,4,Champions
C05819,191,4,8131.55,1,4,3,At Risk
C05820,80,1,4074.0,3,1,2,Hibernating
C05821,79,2,9632.9,3,2,3,Hibernating
C05822,297,1,3215.5499999999997,1,1,1,Hibernating
C05823,6,2,7505.8,5,2,3,Potential Loyalists
C05824,3,6,22057.05,5,5,5,Champions
C05825,51,2,8367.8,4,2,3,Potential Loyalists
C05826,43,7,21262.55,4,5,5,Champions
C05827,48,2,4723.65,4,2,2,Potential Loyalists
C05828,79,5,13261.9,3,4,4,Loyal Customers
C05829,240,2,10661.55,1,2,4,Hibernating
C05830,4,7,8991.0,5,5,3,Loyal Customers
C05831,46,3,7769.45,4,3,3,Loyal Customers
C05832,229,3,5372.2,1,3,2,At Risk
C05833,266,1,1643.05,1,1,1,Hibernating
C05834,112,3,5596.55,2,3,2,At Risk
C05835,24,4,12130.050000000001,4,4,4,Champions
C05836,1,3,11302.3,5,3,4,Loyal Customers
C05837,55,5,14518.65,3,4,5,Loyal Customers
C05838,139,1,2751.45,2,1,1,Hibernating
C05839,4,2,3960.45,5,2,1,Potential Loyalists
C05840,124,1,1048.6,2,1,1,Hibernating
C05841,87,4,12234.3,3,4,4,Loyal Customers
C05842,97,1,1600.0,2,1,1,Hibernating
C05843,38,2,6667.0,4,2,2,Potential Loyalists
C05844,12,5,8731.5,5,4,3,Loyal Customers
C05845,292,1,3219.2,1,1,1,Hibernating
C05846,20,4,19353.2,5,4,5,Champions
C05847,26,4,9212.5,4,4,3,Loyal Customers
C05848,51,6,19671.65,4,5,5,Champions
C05849,112,3,10907.0,2,3,4,At Risk
C05850,195,1,2764.0,1,1,1,Hibernating
C05851,147,3,6740.35,2,3,2,At Risk
C05852,52,3,3428.6,4,3,1,Loyal Customers
C05854,3,5,17191.55,5,4,5,Champions
C05855,157,6,16667.35,2,5,5,At Risk
C05856,310,3,7651.5,1,3,3,At Risk
C05857,36,2,2684.0,4,2,1,Potential Loyalists
C05858,138,3,10873.5,2,3,4,At Risk
C05859,2,7,14246.25,5,5,4,Champions
C05860,125,2,4609.6,2,2,2,Hibernating
C05861,32,3,6179.0,4,3,2,Loyal Customers
C05862,92,3,10068.95,3,3,4,Loyal Customers
C05863,81,2,3412.0,3,2,1,Hibernating
C05864,158,4,10583.4,2,4,4,At Risk
C05865,172,3,8797.2,1,3,3,At Risk
C05866,41,4,13507.65,4,4,4,Champions
C05867,18,2,3748.3,5,2,1,Potential Loyalists
C05868,39,2,4266.6,4,2,2,Potential Loyalists
C05869,353,1,3198.0,1,1,1,Hibernating
C05870,101,4,6571.65,2,4,2,At Risk
C05871,47,3,13591.25,4,3,4,Loyal Customers
C05872,153,3,4341.9,2,3,2,At Risk
C05873,249,4,7880.85,1,4,3,At Risk
C05874,71,2,4768.35,3,2,2,Hibernating
C05875,199,2,12910.5,1,2,4,Hibernating
C05876,89,5,12702.95,3,4,4,Loyal Customers
C05877,189,2,4815.2,1,2,2,Hibernating
C05878,38,3,5665.8,4,3,2,Loyal Customers
C05879,34,5,14851.3,4,4,5,Champions
C05880,30,6,20811.7,4,5,5,Champions
C05881,34,6,14807.9,4,5,5,Champions
C05882,93,4,6171.85,3,4,2,Loyal Customers
C05883,10,3,10193.6,5,3,4,Loyal Customers
C05884,197,3,8114.9,1,3,3,At Risk
C05885,2,4,15907.400000000001,5,4,5,Champions
C05886,42,4,10189.7,4,4,4,Champions
C05887,34,7,23123.050000000003,4,5,5,Champions
C05888,3,3,8557.449999999999,5,3,3,Loyal Customers
C05889,149,4,11499.9,2,4,4,At Risk
C05890,78,6,16198.35,3,5,5,Loyal Customers
C05891,120,4,6487.8,2,4,2,At Risk
C05892,112,4,8778.4,2,4,3,At Risk
C05893,203,3,2212.1,1,3,1,At Risk
C05894,62,2,2937.35,3,2,1,Hibernating
C05895,202,2,4349.2,1,2,2,Hibernating
C05896,140,4,8528.6,2,4,3,At Risk
C05897,123,1,1085.85,2,1,1,Hibernating
C05898,74,2,3730.8999999999996,3,2,1,Hibernating
C05899,31,5,20323.85,4,4,5,Champions
C05900,3,4,12178.2,5,4,4,Champions
C05901,12,6,21039.65,5,5,5,Champions
C05902,54,4,6206.85,3,4,2,Loyal Customers
C05903,6,4,9205.2,5,4,3,Loyal Customers
C05904,23,4,7709.3,5,4,3,Loyal Customers
C05905,4,7,14663.7,5,5,5,Champions
C05906,52,4,7165.85,4,4,3,Loyal Customers
C05907,176,5,21853.9,1,4,5,At Risk
C05908,155,3,6389.15,2,3,2,At Risk
C05909,33,5,10886.85,4,4,4,Champions
C05910,142,2,1334.4,2,2,1,Hibernating
C05911,86,7,11308.8,3,5,4,Loyal Customers
C05912,17,8,21416.0,5,5,5,Champions
C05913,93,2,9302.4,3,2,3,Hibernating
C05914,160,3,4806.2,2,3,2,At Risk
C05915,79,2,9306.45,3,2,3,Hibernating
C05916,220,1,2356.9,1,1,1,Hibernating
C05917,280,2,780.9,1,2,1,Hibernating
C05919,146,1,6364.799999999999,2,1,2,Hibernating
C05920,107,5,24911.2,2,4,5,At Risk
C05921,12,4,8053.45,5,4,3,Loyal Customers
C05922,144,2,6719.45,2,2,2,Hibernating
C05923,3,5,9533.0,5,4,3,Loyal Customers
C05924,163,2,4282.4,1,2,2,Hibernating
C05925,8,4,5565.8,5,4,2,Loyal Customers
C05926,6,7,19268.3,5,5,5,Champions
C05927,33,7,27057.35,4,5,5,Champions
C05928,357,1,1385.5,1,1,1,Hibernating
C05929,11,6,20512.35,5,5,5,Champions
C05930,17,4,15913.0,5,4,5,Champions
C05931,176,1,1843.8,1,1,1,Hibernating
C05932,51,2,16969.5,4,2,5,Potential Loyalists
C05934,38,4,6407.2,4,4,2,Loyal Customers
C05935,82,1,3661.0,3,1,1,Hibernating
C05936,55,1,2100.8,3,1,1,Hibernating
C05937,48,4,22543.45,4,4,5,Champions
C05939,59,5,12702.4,3,4,4,Loyal Customers
C05940,88,5,10203.35,3,4,4,Loyal Customers
C05941,112,4,11966.5,2,4,4,At Risk
C05942,55,1,2377.6,3,1,1,Hibernating
C05943,101,4,7971.25,2,4,3,At Risk
C05944,46,2,4137.7,4,2,2,Potential Loyalists
C05946,35,4,9041.05,4,4,3,Loyal Customers
C05947,228,2,5522.6,1,2,2,Hibernating
C05948,48,4,9407.8,4,4,3,Loyal Customers
C05949,124,2,3690.55,2,2,1,Hibernating
C05950,194,3,10227.9,1,3,4,At Risk
C05951,47,5,8823.1,4,4,3,Loyal Customers
C05953,15,4,17933.6,5,4,5,Champions
C05954,6,3,5415.0,5,3,2,Loyal Customers
C05955,27,2,4301.4,4,2,2,Potential Loyalists
C05956,110,5,16108.6,2,4,5,At Risk
C05957,218,2,6383.4,1,2,2,Hibernating
C05958,55,5,14279.150000000001,3,4,5,Loyal Customers
C05959,15,4,8063.4,5,4,3,Loyal Customers
C05960,141,2,2946.3,2,2,1,Hibernating
C05961,75,3,8302.35,3,3,3,Loyal Customers
C05962,109,3,13888.000000000002,2,3,4,At Risk
C05963,55,5,14763.1,3,4,5,Loyal Customers
C05964,161,3,15972.0,1,3,5,At Risk
C05965,153,2,5040.65,2,2,2,Hibernating
C05966,94,4,13666.5,3,4,4,Loyal Customers
C05967,16,5,13291.3,5,4,4,Champions
C05968,1,2,3375.0,5,2,1,Potential Loyalists
C05969,29,7,15409.4,4,5,5,Champions
C05970,214,4,16881.75,1,4,5,At Risk
C05971,99,2,6071.0,2,2,2,Hibernating
C05972,311,1,504.45,1,1,1,Hibernating
C05973,128,1,2933.1,2,1,1,Hibernating
C05974,63,2,4266.45,3,2,2,Hibernating
C05975,45,5,7847.5,4,4,3,Loyal Customers
C05976,153,4,10106.05,2,4,4,At Risk
C05977,73,4,20643.15,3,4,5,Loyal Customers
C05978,256,3,5069.9,1,3,2,At Risk
C05979,54,4,7178.4,3,4,3,Loyal Customers
C05980,54,6,25040.8,3,5,5,Loyal Customers
C05982,82,3,3574.8500000000004,3,3,1,Loyal Customers
C05983,40,5,17554.2,4,4,5,Champions
C05984,207,1,718.4,1,1,1,Hibernating
C05985,170,3,5780.200000000001,1,3,2,At Risk
C05986,6,2,2891.2,5,2,1,Potential Loyalists
C05987,78,3,5145.85,3,3,2,Loyal Customers
C05988,99,3,5737.5,2,3,2,At Risk
C05989,92,3,8653.5,3,3,3,Loyal Customers
C05990,40,4,9350.9,4,4,3,Loyal Customers
C05992,111,2,6547.7,2,2,2,Hibernating
C05993,46,3,9054.800000000001,4,3,3,Loyal Customers
C05994,213,2,5755.8,1,2,2,Hibernating
C05995,13,4,19061.4,5,4,5,Champions
C05996,63,5,7520.950000000001,3,4,3,Loyal Customers
C05997,278,1,3643.5,1,1,1,Hibernating
C05998,283,3,3885.3,1,3,1,At Risk
C05999,88,5,11069.2,3,4,4,Loyal Customers
C06000,34,3,6920.950000000001,4,3,3,Loyal Customers
C06001,61,4,5702.9,3,4,2,Loyal Customers
C06002,156,4,7788.95,2,4,3,At Risk
C06003,76,2,5475.25,3,2,2,Hibernating
C06004,78,5,6928.5,3,4,3,Loyal Customers
C06005,5,4,9606.9,5,4,3,Loyal Customers
C06006,119,2,4276.05,2,2,2,Hibernating
C06007,19,5,10985.05,5,4,4,Champions
C06008,24,7,21785.65,4,5,5,Champions
C06009,115,2,4315.8,2,2,2,Hibernating
C06010,185,2,7378.0,1,2,3,Hibernating
C06011,86,7,25918.75,3,5,5,Loyal Customers
C06012,77,3,8846.85,3,3,3,Loyal Customers
C06013,173,3,13989.0,1,3,4,At Risk
C06014,199,2,3868.15,1,2,1,Hibernating
C06015,27,2,4145.25,4,2,2,Potential Loyalists
C06016,146,3,5552.65,2,3,2,At Risk
C06017,44,4,9903.1,4,4,4,Champions
C06018,338,1,226.8,1,1,1,Hibernating
C06019,65,3,3242.35,3,3,1,Loyal Customers
C06020,13,5,6430.35,5,4,2,Loyal Customers
C06021,61,3,8685.4,3,3,3,Loyal Customers
C06022,38,2,5630.7,4,2,2,Potential Loyalists
C06023,168,2,3392.7,1,2,1,Hibernating
C06024,213,1,1736.25,1,1,1,Hibernating
C06025,25,3,7885.85,4,3,3,Loyal Customers
C06026,58,2,2543.2999999999997,3,2,1,Hibernating
C06027,22,5,7077.7,5,4,3,Loyal Customers
C06028,116,3,6544.6,2,3,2,At Risk
C06029,5,4,13028.6,5,4,4,Champions
C06030,35,7,8479.35,4,5,3,Loyal Customers
C06031,8,4,13827.45,5,4,4,Champions
C06032,160,3,9288.1,2,3,3,At Risk
C06033,180,5,10222.699999999999,1,4,4,At Risk
C06034,133,4,15323.599999999999,2,4,5,At Risk
C06036,150,2,4757.4,2,2,2,Hibernating
C06037,76,5,7072.25,3,4,3,Loyal Customers
C06038,48,3,9146.2,4,3,3,Loyal Customers
C06039,61,3,8426.95,3,3,3,Loyal Customers
C06040,15,5,14127.55,5,4,4,Champions
C06041,156,4,5772.1,2,4,2,At Risk
C06042,113,3,9656.05,2,3,3,At Risk
C06043,14,7,14280.0,5,5,5,Champions
C06044,9,7,26363.199999999997,5,5,5,Champions
C06045,23,6,14486.95,5,5,5,Champions
C06046,132,1,6621.0,2,1,2,Hibernating
C06047,125,2,5728.0,2,2,2,Hibernating
C06048,222,4,15104.3,1,4,5,At Risk
C06049,187,4,9802.0,1,4,3,At Risk
C06050,65,5,16104.5,3,4,5,Loyal Customers
C06051,115,6,12103.75,2,5,4,At Risk
C06052,262,4,13475.599999999999,1,4,4,At Risk
C06053,127,5,11630.2,2,4,4,At Risk
C06054,41,8,17132.25,4,5,5,Champions
C06055,16,3,13809.45,5,3,4,Loyal Customers
C06056,21,5,14906.2,5,4,5,Champions
C06057,114,2,809.0,2,2,1,Hibernating
C06058,87,2,10042.4,3,2,4,Hibernating
C06059,39,6,18206.3,4,5,5,Champions
C06060,57,4,6423.0,3,4,2,Loyal Customers
C06061,58,4,24753.8,3,4,5,Loyal Customers
C06062,135,5,11650.05,2,4,4,At Risk
C06063,103,4,13004.849999999999,2,4,4,At Risk
C06064,103,2,4576.4,2,2,2,Hibernating
C06065,206,3,8277.0,1,3,3,At Risk
C06066,73,5,13493.05,3,4,4,Loyal Customers
C06067,93,3,8807.25,3,3,3,Loyal Customers
C06068,242,1,2862.75,1,1,1,Hibernating
C06070,72,3,6169.2,3,3,2,Loyal Customers
C06071,20,3,4854.2,5,3,2,Loyal Customers
C06072,25,5,6757.5,4,4,2,Loyal Customers
C06073,96,4,10057.4,2,4,4,At Risk
C06074,133,2,5450.799999999999,2,2,2,Hibernating
C06075,194,2,1662.0,1,2,1,Hibernating
C06076,81,3,5598.4,3,3,2,Loyal Customers
C06077,5,2,6884.4,5,2,3,Potential Loyalists
C06078,101,4,5472.55,2,4,2,At Risk
C06079,13,6,20454.7,5,5,5,Champions
C06080,1,3,5175.450000000001,5,3,2,Loyal Customers
C06081,67,3,2657.6,3,3,1,Loyal Customers
C06082,221,3,4197.8,1,3,2,At Risk
C06083,118,3,11204.35,2,3,4,At Risk
C06084,40,4,7588.1,4,4,3,Loyal Customers
C06085,13,2,8246.15,5,2,3,Potential Loyalists
C06086,202,4,7645.6,1,4,3,At Risk
C06087,1,4,6550.85,5,4,2,Loyal Customers
C06089,53,1,1535.1,4,1,1,Potential Loyalists
C06090,18,4,10009.2,5,4,4,Champions
C06091,84,3,4674.25,3,3,2,Loyal Customers
C06092,64,6,8888.2,3,5,3,Loyal Customers
C06093,62,1,1222.65,3,1,1,Hibernating
C06094,159,4,11422.900000000001,2,4,4,At Risk
C06095,78,5,14526.85,3,4,5,Loyal Customers
C06096,61,6,15580.55,3,5,5,Loyal Customers
C06097,225,1,761.4,1,1,1,Hibernating
C06098,74,3,7478.5,3,3,3,Loyal Customers
C06099,195,8,27622.75,1,5,5,At Risk
C06100,210,4,14983.7,1,4,5,At Risk
C06101,31,3,7688.25,4,3,3,Loyal Customers
C06102,340,1,282.0,1,1,1,Hibernating
C06103,82,4,13687.2,3,4,4,Loyal Customers
C06104,52,2,6512.8,4,2,2,Potential Loyalists
C06105,227,3,11496.4,1,3,4,At Risk
C06106,144,4,12371.5,2,4,4,At Risk
C06107,24,5,11504.4,4,4,4,Champions
C06108,200,2,4778.4,1,2,2,Hibernating
C06109,160,3,5874.95,2,3,2,At Risk
C06110,8,4,19315.800000000003,5,4,5,Champions
C06111,187,4,8906.9,1,4,3,At Risk
C06112,129,4,12300.9,2,4,4,At Risk
C06113,114,4,11786.0,2,4,4,At Risk
C06114,68,1,3491.6,3,1,1,Hibernating
C06115,46,6,15139.7,4,5,5,Champions
C06116,32,5,8099.4,4,4,3,Loyal Customers
C06117,132,4,6049.5,2,4,2,At Risk
C06118,104,2,4282.2,2,2,2,Hibernating
C06119,27,7,19709.95,4,5,5,Champions
C06120,86,5,10435.2,3,4,4,Loyal Customers
C06121,353,1,4049.6,1,1,2,Hibernating
C06122,317,1,1951.6,1,1,1,Hibernating
C06123,23,3,8282.9,5,3,3,Loyal Customers
C06124,344,1,1912.8,1,1,1,Hibernating
C06125,71,6,18768.7,3,5,5,Loyal Customers
C06126,8,5,22176.25,5,4,5,Champions
C06127,97,1,276.0,2,1,1,Hibernating
C06128,39,2,4374.3,4,2,2,Potential Loyalists
C06130,116,2,2166.3999999999996,2,2,1,Hibernating
C06131,30,5,9346.1,4,4,3,Loyal Customers
C06132,143,3,8951.0,2,3,3,At Risk
C06133,40,5,12797.15,4,4,4,Champions
C06134,98,5,12242.2,2,4,4,At Risk
C06135,75,3,2667.3500000000004,3,3,1,Loyal Customers
C06136,128,4,17428.5,2,4,5,At Risk
C06137,52,2,6990.9,4,2,3,Potential Loyalists
C06138,5,9,27837.65,5,5,5,Champions
C06139,23,3,7597.099999999999,5,3,3,Loyal Customers
C06140,12,4,8353.3,5,4,3,Loyal Customers
C06141,62,4,5921.3,3,4,2,Loyal Customers
C06142,181,1,2016.85,1,1,1,Hibernating
C06143,29,4,14532.3,4,4,5,Champions
C06144,126,2,4005.8999999999996,2,2,1,Hibernating
C06145,159,2,1316.4,2,2,1,Hibernating
C06146,13,5,7258.2,5,4,3,Loyal Customers
C06147,109,3,13732.65,2,3,4,At Risk
C06148,76,2,4210.8,3,2,2,Hibernating
C06149,85,5,11825.85,3,4,4,Loyal Customers
C06150,1,3,7986.45,5,3,3,Loyal Customers
C06151,43,4,6584.65,4,4,2,Loyal Customers
C06152,51,3,3685.8,4,3,1,Loyal Customers
C06153,5,2,1364.7,5,2,1,Potential Loyalists
C06154,177,4,4826.65,1,4,2,At Risk
C06155,83,3,6048.7,3,3,2,Loyal Customers
C06156,338,1,2476.8,1,1,1,Hibernating
C06157,36,3,9114.6,4,3,3,Loyal Customers
C06158,44,2,5858.400000000001,4,2,2,Potential Loyalists
C06159,67,2,3753.35,3,2,1,Hibernating
C06160,122,3,5244.5,2,3,2,At Risk
C06161,157,5,22528.05,2,4,5,At Risk
C06162,261,3,6523.2,1,3,2,At Risk
C06163,60,4,12437.85,3,4,4,Loyal Customers
C06164,121,4,7434.0,2,4,3,At Risk
C06165,5,3,7342.45,5,3,3,Loyal Customers
C06166,54,6,16722.75,3,5,5,Loyal Customers
C06168,85,3,12535.3,3,3,4,Loyal Customers
C06169,101,7,22348.35,2,5,5,At Risk
C06170,20,5,14207.95,5,4,4,Champions
C06171,94,1,1720.0,3,1,1,Hibernating
C06172,288,1,1593.2,1,1,1,Hibernating
C06173,23,4,4560.75,5,4,2,Loyal Customers
C06174,143,7,18611.600000000002,2,5,5,At Risk
C06175,195,6,15371.55,1,5,5,At Risk
C06176,274,3,3811.85,1,3,1,At Risk
C06177,26,4,12807.699999999999,4,4,4,Champions
C06178,79,3,6212.25,3,3,2,Loyal Customers
C06179,35,5,5983.45,4,4,2,Loyal Customers
C06180,25,6,18752.25,4,5,5,Champions
C06181,213,3,3697.05,1,3,1,At Risk
C06182,38,5,16973.8,4,4,5,Champions
C06183,137,1,5307.4,2,1,2,Hibernating
C06184,207,2,4496.75,1,2,2,Hibernating
C06185,23,4,9000.8,5,4,3,Loyal Customers
C06186,25,3,10847.8,4,3,4,Loyal Customers
C06187,105,4,9558.65,2,4,3,At Risk
C06188,78,4,7442.75,3,4,3,Loyal Customers
C06189,48,4,14353.45,4,4,5,Champions
C06190,53,5,12850.8,4,4,4,Champions
C06191,180,1,1735.5,1,1,1,Hibernating
C06192,1,5,13792.0,5,4,4,Champions
C06193,34,2,11708.05,4,2,4,Potential Loyalists
C06194,51,4,7617.85,4,4,3,Loyal Customers
C06195,55,5,12803.65,3,4,4,Loyal Customers
C06196,14,4,16286.150000000001,5,4,5,Champions
C06197,95,2,3450.4,2,2,1,Hibernating
C06198,50,4,8580.75,4,4,3,Loyal Customers
C06199,282,2,7851.549999999999,1,2,3,Hibernating
C06200,26,6,14266.55,4,5,4,Champions
C06201,53,1,823.8,4,1,1,Potential Loyalists
C06202,217,4,5393.2,1,4,2,At Risk
C06203,7,5,12669.65,5,4,4,Champions
C06204,30,4,14283.9,4,4,5,Champions
C06205,18,5,17089.350000000002,5,4,5,Champions
C06206,99,4,6891.95,2,4,3,At Risk
C06207,69,6,12926.95,3,5,4,Loyal Customers
C06208,87,4,11242.8,3,4,4,Loyal Customers
C06209,8,5,18925.2,5,4,5,Champions
C06210,232,3,6419.05,1,3,2,At Risk
C06211,13,5,13868.6,5,4,4,Champions
C06212,58,1,4041.0,3,1,2,Hibernating
C06213,148,2,6369.5,2,2,2,Hibernating
C06214,23,3,11094.0,5,3,4,Loyal Customers
C06215,73,2,11187.45,3,2,4,Hibernating
C06216,50,4,13966.75,4,4,4,Champions
C06217,9,7,23441.9,5,5,5,Champions
C06218,48,1,3532.8,4,1,1,Potential Loyalists
C06219,4,3,8771.65,5,3,3,Loyal Customers
C06220,141,4,7931.35,2,4,3,At Risk
C06221,65,2,1661.3,3,2,1,Hibernating
C06222,81,6,12863.35,3,5,4,Loyal Customers
C06223,10,6,17483.0,5,5,5,Champions
C06224,12,6,20658.0,5,5,5,Champions
C06225,29,6,8808.05,4,5,3,Loyal Customers
C06226,79,6,22705.6,3,5,5,Loyal Customers
C06227,26,4,7321.450000000001,4,4,3,Loyal Customers
C06228,9,4,13117.7,5,4,4,Champions
C06229,9,3,5109.6,5,3,2,Loyal Customers
C06230,94,4,10695.5,3,4,4,Loyal Customers
C06231,163,1,519.75,1,1,1,Hibernating
C06232,93,4,33395.65,3,4,5,Loyal Customers
C06233,217,3,5942.05,1,3,2,At Risk
C06234,41,5,12831.8,4,4,4,Champions
C06235,26,4,10402.3,4,4,4,Champions
C06236,158,5,19278.65,2,4,5,At Risk
C06237,293,2,5540.55,1,2,2,Hibernating
C06238,16,4,15269.65,5,4,5,Champions
C06239,17,4,7375.4,5,4,3,Loyal Customers
C06240,13,8,30236.35,5,5,5,Champions
C06241,7,4,13462.45,5,4,4,Champions
C06242,82,4,10187.55,3,4,4,Loyal Customers
C06243,75,3,10959.699999999999,3,3,4,Loyal Customers
C06244,8,4,12721.099999999999,5,4,4,Champions
C06245,122,3,9910.1,2,3,4,At Risk
C06246,86,3,10600.7,3,3,4,Loyal Customers
C06247,30,1,1995.5,4,1,1,Potential Loyalists
C06248,198,3,8403.9,1,3,3,At Risk
C06249,15,2,3501.1000000000004,5,2,1,Potential Loyalists
C06250,50,7,13823.05,4,5,4,Champions
C06251,69,7,26371.3,3,5,5,Loyal Customers
C06252,5,4,9880.199999999999,5,4,4,Champions
C06253,38,4,14897.0,4,4,5,Champions
C06254,194,3,6151.299999999999,1,3,2,At Risk
C06256,7,7,23554.05,5,5,5,Champions
C06257,92,4,7056.15,3,4,3,Loyal Customers
C06258,190,2,5700.8,1,2,2,Hibernating
C06259,19,4,8203.85,5,4,3,Loyal Customers
C06260,217,1,305.9,1,1,1,Hibernating
C06261,86,7,21346.9,3,5,5,Loyal Customers
C06262,165,2,5030.5,1,2,2,Hibernating
C06264,8,8,20619.45,5,5,5,Champions
C06265,67,3,13107.65,3,3,4,Loyal Customers
C06266,71,4,15196.699999999999,3,4,5,Loyal Customers
C06267,63,6,11632.2,3,5,4,Loyal Customers
C06268,163,5,12483.5,1,4,4,At Risk
C06270,330,1,2434.0,1,1,1,Hibernating
C06271,4,3,5988.0,5,3,2,Loyal Customers
C06272,289,2,4175.2,1,2,2,Hibernating
C06273,116,1,2781.0,2,1,1,Hibernating
C06274,3,4,13183.0,5,4,4,Champions
C06275,8,3,5133.7,5,3,2,Loyal Customers
C06276,87,7,10689.05,3,5,4,Loyal Customers
C06277,5,5,13374.6,5,4,4,Champions
C06278,74,2,2116.5,3,2,1,Hibernating
C06279,211,3,7485.3,1,3,3,At Risk
C06280,241,3,4275.2,1,3,2,At Risk
C06281,255,2,11864.7,1,2,4,Hibernating
C06282,161,4,7650.1,1,4,3,At Risk
C06283,162,5,20293.6,1,4,5,At Risk
C06284,40,4,7339.200000000001,4,4,3,Loyal Customers
C06285,12,6,11696.55,5,5,4,Champions
C06286,165,1,2096.25,1,1,1,Hibernating
C06287,263,1,4606.5,1,1,2,Hibernating
C06288,275,2,3321.1,1,2,1,Hibernating
C06289,151,1,2157.5,2,1,1,Hibernating
C06290,121,4,12598.3,2,4,4,At Risk
C06291,10,6,19388.95,5,5,5,Champions
C06292,167,5,13571.4,1,4,4,At Risk
C06293,68,4,9238.5,3,4,3,Loyal Customers
C06294,21,2,4499.05,5,2,2,Potential Loyalists
C06295,57,2,1802.95,3,2,1,Hibernating
C06296,8,1,1968.8,5,1,1,Potential Loyalists
C06297,100,4,11639.4,2,4,4,At Risk
C06298,98,4,13585.5,2,4,4,At Risk
C06299,45,5,8431.9,4,4,3,Loyal Customers
C06300,79,3,5476.2,3,3,2,Loyal Customers
C06301,91,4,14663.55,3,4,5,Loyal Customers
C06302,43,3,5552.0,4,3,2,Loyal Customers
C06303,38,6,15002.1,4,5,5,Champions
C06304,38,2,7471.0,4,2,3,Potential Loyalists
C06305,56,4,10450.1,3,4,4,Loyal Customers
C06306,197,1,6448.0,1,1,2,Hibernating
C06307,88,4,9782.05,3,4,3,Loyal Customers
C06308,25,4,8300.3,4,4,3,Loyal Customers
C06309,216,1,5154.0,1,1,2,Hibernating
C06310,269,1,6822.0,1,1,3,Hibernating
C06311,165,2,2337.6,1,2,1,Hibernating
C06312,42,6,19831.8,4,5,5,Champions
C06313,176,3,6038.8,1,3,2,At Risk
C06314,159,5,7443.25,2,4,3,At Risk
C06315,156,1,831.75,2,1,1,Hibernating
C06316,36,4,10335.2,4,4,4,Champions
C06317,137,3,8065.0,2,3,3,At Risk
C06318,32,3,12249.0,4,3,4,Loyal Customers
C06319,1,5,11750.6,5,4,4,Champions
C06320,66,2,14016.25,3,2,4,Hibernating
C06321,27,2,2203.45,4,2,1,Potential Loyalists
C06322,8,3,6700.15,5,3,2,Loyal Customers
C06323,100,2,5393.599999999999,2,2,2,Hibernating
C06324,334,2,7698.25,1,2,3,Hibernating
C06325,106,6,17432.399999999998,2,5,5,At Risk
C06326,58,5,10691.150000000001,3,4,4,Loyal Customers
C06327,15,4,7695.3,5,4,3,Loyal Customers
C06329,136,4,15001.2,2,4,5,At Risk
C06330,321,1,2310.0,1,1,1,Hibernating
C06331,37,7,24248.3,4,5,5,Champions
C06332,10,4,14202.7,5,4,4,Champions
C06333,176,4,12787.35,1,4,4,At Risk
C06335,204,2,4246.2,1,2,2,Hibernating
C06336,7,2,10488.400000000001,5,2,4,Potential Loyalists
C06337,61,1,5136.0,3,1,2,Hibernating
C06338,7,4,5985.3,5,4,2,Loyal Customers
C06339,22,1,1192.2,5,1,1,Potential Loyalists
C06340,159,4,18286.3,2,4,5,At Risk
C06341,195,2,6277.55,1,2,2,Hibernating
C06342,14,2,6037.5,5,2,2,Potential Loyalists
C06343,49,5,18600.6,4,4,5,Champions
C06344,161,4,4003.8,1,4,1,At Risk
C06345,52,3,7334.6,4,3,3,Loyal Customers
C06346,3,4,22959.6,5,4,5,Champions
C06347,52,7,20251.9,4,5,5,Champions
C06348,211,4,5073.4,1,4,2,At Risk
C06349,68,1,10149.0,3,1,4,Hibernating
C06350,105,3,4903.200000000001,2,3,2,At Risk
C06351,88,4,14134.850000000002,3,4,4,Loyal Customers
C06352,89,3,12754.349999999999,3,3,4,Loyal Customers
C06353,4,11,32009.95,5,5,5,Champions
C06354,13,3,4392.0,5,3,2,Loyal Customers
C06355,90,6,8935.6,3,5,3,Loyal Customers
C06356,67,4,5976.15,3,4,2,Loyal Customers
C06357,132,2,16750.05,2,2,5,Hibernating
C06358,168,3,5034.25,1,3,2,At Risk
C06359,187,2,1364.8,1,2,1,Hibernating
C06360,15,4,3276.5,5,4,1,Loyal Customers
C06361,42,5,11933.15,4,4,4,Champions
C06362,13,5,10968.9,5,4,4,Champions
C06363,166,2,6904.8,1,2,3,Hibernating
C06364,283,1,3290.25,1,1,1,Hibernating
C06365,116,3,8175.8,2,3,3,At Risk
C06366,136,7,15919.05,2,5,5,At Risk
C06367,18,4,7443.25,5,4,3,Loyal Customers
C06368,16,5,9841.95,5,4,4,Champions
C06369,232,1,2278.5,1,1,1,Hibernating
C06370,226,3,5860.9,1,3,2,At Risk
C06371,4,2,5071.15,5,2,2,Potential Loyalists
C06372,27,5,10805.85,4,4,4,Champions
C06373,76,2,2565.8,3,2,1,Hibernating
C06374,104,2,11424.6,2,2,4,Hibernating
C06375,37,2,928.2,4,2,1,Potential Loyalists
C06377,8,3,6586.55,5,3,2,Loyal Customers
C06378,28,4,15381.9,4,4,5,Champions
C06379,94,4,7285.5,3,4,3,Loyal Customers
C06380,46,6,18615.55,4,5,5,Champions
C06381,1,5,8858.5,5,4,3,Loyal Customers
C06382,12,6,13559.9,5,5,4,Champions
C06383,14,5,10538.15,5,4,4,Champions
C06384,180,3,5914.25,1,3,2,At Risk
C06385,18,4,6455.8,5,4,2,Loyal Customers
C06386,34,5,10662.75,4,4,4,Champions
C06387,199,4,6132.5,1,4,2,At Risk
C06388,238,5,12437.65,1,4,4,At Risk
C06389,6,3,6154.5,5,3,2,Loyal Customers
C06390,2,5,7887.45,5,4,3,Loyal Customers
C06391,128,2,5016.4,2,2,2,Hibernating
C06392,201,2,2482.4,1,2,1,Hibernating
C06393,222,1,6148.8,1,1,2,Hibernating
C06394,68,4,6294.95,3,4,2,Loyal Customers
C06395,88,1,2565.0,3,1,1,Hibernating
C06396,35,4,12690.0,4,4,4,Champions
C06397,76,3,7209.15,3,3,3,Loyal Customers
C06398,104,3,7611.65,2,3,3,At Risk
C06399,161,1,2988.0,1,1,1,Hibernating
C06400,39,1,633.6,4,1,1,Potential Loyalists
C06401,102,5,10783.6,2,4,4,At Risk
C06402,85,2,5344.0,3,2,2,Hibernating
C06403,33,5,5262.75,4,4,2,Loyal Customers
C06404,3,4,11980.15,5,4,4,Champions
C06405,20,1,6640.0,5,1,2,Potential Loyalists
C06406,131,4,6014.5,2,4,2,At Risk
C06407,3,3,6882.3,5,3,3,Loyal Customers
C06408,5,4,10845.2,5,4,4,Champions
C06409,54,3,8460.5,3,3,3,Loyal Customers
C06410,125,4,8983.05,2,4,3,At Risk
C06411,206,2,2226.4,1,2,1,Hibernating
C06412,9,7,13215.85,5,5,4,Champions
C06413,37,5,8695.5,4,4,3,Loyal Customers
C06414,82,4,13999.75,3,4,4,Loyal Customers
C06415,7,5,14867.7,5,4,5,Champions
C06416,79,2,4579.9,3,2,2,Hibernating
C06417,45,2,7453.400000000001,4,2,3,Potential Loyalists
C06418,128,3,10014.65,2,3,4,At Risk
C06419,11,6,28677.05,5,5,5,Champions
C06420,61,4,13058.4,3,4,4,Loyal Customers
C06421,60,3,2589.6,3,3,1,Loyal Customers
C06422,32,6,14900.3,4,5,5,Champions
C06423,71,4,18229.3,3,4,5,Loyal Customers
C06424,116,4,9133.150000000001,2,4,3,At Risk
C06425,328,1,1555.5,1,1,1,Hibernating
C06426,20,6,10136.55,5,5,4,Champions
C06427,43,4,11206.5,4,4,4,Champions
C06428,74,3,8774.95,3,3,3,Loyal Customers
C06429,60,4,6361.35,3,4,2,Loyal Customers
C06430,112,3,14027.900000000001,2,3,4,At Risk
C06431,70,4,6477.45,3,4,2,Loyal Customers
C06432,178,5,12374.85,1,4,4,At Risk
C06433,6,5,11324.9,5,4,4,Champions
C06434,36,5,19578.75,4,4,5,Champions
C06435,34,1,2418.75,4,1,1,Potential Loyalists
C06436,104,3,1728.1000000000001,2,3,1,At Risk
C06437,42,5,9446.15,4,4,3,Loyal Customers
C06438,3,9,22139.25,5,5,5,Champions
C06439,79,6,29742.7,3,5,5,Loyal Customers
C06440,109,6,9587.5,2,5,3,At Risk
C06441,131,3,8142.299999999999,2,3,3,At Risk
C06442,35,3,6931.200000000001,4,3,3,Loyal Customers
C06444,140,2,2650.75,2,2,1,Hibernating
C06445,138,2,5244.7,2,2,2,Hibernating
C06446,141,1,1590.0,2,1,1,Hibernating
C06447,4,4,11310.45,5,4,4,Champions
C06448,44,3,12345.2,4,3,4,Loyal Customers
C06449,1,5,11121.7,5,4,4,Champions
C06450,145,2,4550.4,2,2,2,Hibernating
C06451,106,4,10263.7,2,4,4,At Risk
C06452,45,3,5833.95,4,3,2,Loyal Customers
C06453,30,2,4867.1,4,2,2,Potential Loyalists
C06454,64,3,9474.45,3,3,3,Loyal Customers
C06456,44,3,6801.3,4,3,3,Loyal Customers
C06457,162,2,1993.1,1,2,1,Hibernating
C06458,75,6,8962.6,3,5,3,Loyal Customers
C06459,43,4,5455.85,4,4,2,Loyal Customers
C06460,159,3,3057.05,2,3,1,At Risk
C06461,184,2,4035.2,1,2,2,Hibernating
C06462,208,3,6550.6,1,3,2,At Risk
C06463,7,3,2944.6,5,3,1,Loyal Customers
C06464,10,2,3044.3,5,2,1,Potential Loyalists
C06465,149,3,16140.0,2,3,5,At Risk
C06466,82,5,17931.9,3,4,5,Loyal Customers
C06467,27,4,11630.9,4,4,4,Champions
C06468,82,3,2790.6,3,3,1,Loyal Customers
C06469,6,2,3970.2,5,2,1,Potential Loyalists
C06470,224,5,14795.45,1,4,5,At Risk
C06471,26,8,29036.45,4,5,5,Champions
C06472,102,6,25279.45,2,5,5,At Risk
C06473,106,2,4358.45,2,2,2,Hibernating
C06474,11,2,3567.95,5,2,1,Potential Loyalists
C06475,25,4,13635.95,4,4,4,Champions
C06476,25,3,10126.0,4,3,4,Loyal Customers
C06477,183,2,3526.8,1,2,1,Hibernating
C06478,9,4,6698.7,5,4,2,Loyal Customers
C06479,62,4,12049.5,3,4,4,Loyal Customers
C06480,85,3,8130.200000000001,3,3,3,Loyal Customers
C06481,25,7,19171.65,4,5,5,Champions
C06482,53,5,9630.25,4,4,3,Loyal Customers
C06483,181,5,9054.9,1,4,3,At Risk
C06484,91,2,1664.0,3,2,1,Hibernating
C06485,45,5,11171.05,4,4,4,Champions
C06486,134,5,15786.1,2,4,5,At Risk
C06487,1,4,15630.45,5,4,5,Champions
C06488,25,3,7400.4,4,3,3,Loyal Customers
C06489,195,2,6671.65,1,2,2,Hibernating
C06490,205,1,530.4,1,1,1,Hibernating
C06491,256,1,271.6,1,1,1,Hibernating
C06492,126,3,11304.2,2,3,4,At Risk
C06493,326,1,3563.45,1,1,1,Hibernating
C06494,178,2,4014.4,1,2,2,Hibernating
C06495,242,2,2215.95,1,2,1,Hibernating
C06496,208,2,1842.25,1,2,1,Hibernating
C06497,22,5,8099.799999999999,5,4,3,Loyal Customers
C06498,33,3,10112.349999999999,4,3,4,Loyal Customers
C06499,240,2,3089.95,1,2,1,Hibernating
C06500,34,2,12538.05,4,2,4,Potential Loyalists
C06501,231,2,3375.6,1,2,1,Hibernating
C06502,28,3,7196.35,4,3,3,Loyal Customers
C06503,73,3,6390.25,3,3,2,Loyal Customers
C06504,120,1,4897.0,2,1,2,Hibernating
C06505,107,4,22464.45,2,4,5,At Risk
C06506,84,4,18584.65,3,4,5,Loyal Customers
C06507,15,4,22238.999999999996,5,4,5,Champions
C06508,56,4,9380.85,3,4,3,Loyal Customers
C06509,130,3,5464.75,2,3,2,At Risk
C06510,33,1,699.55,4,1,1,Potential Loyalists
C06511,90,7,7024.85,3,5,3,Loyal Customers
C06512,88,5,15813.8,3,4,5,Loyal Customers
C06513,148,2,4367.15,2,2,2,Hibernating
C06514,161,3,5961.349999999999,1,3,2,At Risk
C06515,47,4,5784.099999999999,4,4,2,Loyal Customers
C06516,296,2,2598.9,1,2,1,Hibernating
C06517,183,3,4634.3,1,3,2,At Risk
C06518,83,3,9541.4,3,3,3,Loyal Customers
C06519,69,4,15850.45,3,4,5,Loyal Customers
C06520,68,6,29371.95,3,5,5,Loyal Customers
C06521,203,4,14179.0,1,4,4,At Risk
C06522,41,4,16297.2,4,4,5,Champions
C06523,207,4,8169.15,1,4,3,At Risk
C06524,15,5,10445.65,5,4,4,Champions
C06525,6,8,31710.149999999998,5,5,5,Champions
C06526,7,6,16424.45,5,5,5,Champions
C06527,26,6,14928.05,4,5,5,Champions
C06528,47,2,2996.4,4,2,1,Potential Loyalists
C06529,65,3,2075.0,3,3,1,Loyal Customers
C06530,54,5,13829.1,3,4,4,Loyal Customers
C06531,165,3,10675.400000000001,1,3,4,At Risk
C06532,86,3,2173.65,3,3,1,Loyal Customers
C06533,76,3,5540.599999999999,3,3,2,Loyal Customers
C06534,96,2,2873.2,2,2,1,Hibernating
C06535,65,7,21462.0,3,5,5,Loyal Customers
C06536,33,6,10671.2,4,5,4,Champions
C06537,45,5,15430.65,4,4,5,Champions
C06538,125,2,7541.5,2,2,3,Hibernating
C06539,195,1,7137.0,1,1,3,Hibernating
C06540,260,2,7517.700000000001,1,2,3,Hibernating
C06541,16,4,8860.3,5,4,3,Loyal Customers
C06542,277,4,15739.25,1,4,5,At Risk
C06543,247,1,2685.8,1,1,1,Hibernating
C06544,31,5,11972.15,4,4,4,Champions
C06545,212,4,13665.35,1,4,4,At Risk
C06546,67,2,3289.1000000000004,3,2,1,Hibernating
C06547,12,4,13364.0,5,4,4,Champions
C06548,128,3,12673.75,2,3,4,At Risk
C06549,276,2,6826.0,1,2,3,Hibernating
C06551,5,6,11558.0,5,5,4,Champions
C06552,11,4,6326.55,5,4,2,Loyal Customers
C06553,79,4,11680.8,3,4,4,Loyal Customers
C06555,7,5,9267.0,5,4,3,Loyal Customers
C06556,121,2,4703.85,2,2,2,Hibernating
C06557,43,4,11627.8,4,4,4,Champions
C06558,101,5,13712.75,2,4,4,At Risk
C06559,140,3,5440.25,2,3,2,At Risk
C06560,29,6,16110.65,4,5,5,Champions
C06561,38,6,7741.05,4,5,3,Loyal Customers
C06562,197,9,19086.5,1,5,5,At Risk
C06563,133,2,3677.5,2,2,1,Hibernating
C06564,206,2,3761.2000000000003,1,2,1,Hibernating
C06565,58,5,18208.6,3,4,5,Loyal Customers
C06566,187,1,6156.0,1,1,2,Hibernating
C06567,104,3,5646.0,2,3,2,At Risk
C06568,93,5,13064.8,3,4,4,Loyal Customers
C06569,154,4,8629.45,2,4,3,At Risk
C06570,94,4,12683.6,3,4,4,Loyal Customers
C06571,130,2,4070.6000000000004,2,2,2,Hibernating
C06572,15,4,4858.6,5,4,2,Loyal Customers
C06573,7,5,17438.6,5,4,5,Champions
C06574,96,6,22282.2,2,5,5,At Risk
C06575,12,4,8222.2,5,4,3,Loyal Customers
C06576,90,4,13998.0,3,4,4,Loyal Customers
C06577,26,6,16277.2,4,5,5,Champions
C06579,47,4,11657.2,4,4,4,Champions
C06581,157,2,4958.0,2,2,2,Hibernating
C06582,1,2,5801.1,5,2,2,Potential Loyalists
C06583,26,7,12073.25,4,5,4,Champions
C06584,98,1,1437.15,2,1,1,Hibernating
C06585,205,2,4329.75,1,2,2,Hibernating
C06586,46,4,9253.45,4,4,3,Loyal Customers
C06587,24,9,20181.15,4,5,5,Champions
C06588,61,3,3690.45,3,3,1,Loyal Customers
C06589,26,4,7796.95,4,4,3,Loyal Customers
C06590,57,5,29161.4,3,4,5,Loyal Customers
C06591,31,5,16032.75,4,4,5,Champions
C06592,104,2,2442.35,2,2,1,Hibernating
C06593,106,3,13396.8,2,3,4,At Risk
C06594,16,2,5733.0,5,2,2,Potential Loyalists
C06595,293,2,12718.85,1,2,4,Hibernating
C06596,2,2,4376.35,5,2,2,Potential Loyalists
C06597,18,3,5190.6,5,3,2,Loyal Customers
C06598,132,4,10001.199999999999,2,4,4,At Risk
C06599,45,4,12927.25,4,4,4,Champions
C06600,193,6,25766.949999999997,1,5,5,At Risk
C06601,46,2,4702.4,4,2,2,Potential Loyalists
C06602,20,4,9008.25,5,4,3,Loyal Customers
C06603,320,2,1734.9,1,2,1,Hibernating
C06604,140,2,2981.3,2,2,1,Hibernating
C06605,94,4,12533.2,3,4,4,Loyal Customers
C06606,10,5,13418.05,5,4,4,Champions
C06607,119,2,4678.0,2,2,2,Hibernating
C06608,65,4,9652.15,3,4,3,Loyal Customers
C06609,125,4,9457.45,2,4,3,At Risk
C06610,89,4,15748.1,3,4,5,Loyal Customers
C06611,10,3,8479.4,5,3,3,Loyal Customers
C06612,284,3,9066.3,1,3,3,At Risk
C06613,254,2,3363.3999999999996,1,2,1,Hibernating
C06614,1,5,8431.599999999999,5,4,3,Loyal Customers
C06615,85,5,13613.849999999999,3,4,4,Loyal Customers
C06616,71,8,22188.149999999998,3,5,5,Loyal Customers
C06617,110,3,6419.7,2,3,2,At Risk
C06618,149,3,5953.05,2,3,2,At Risk
C06619,19,5,10397.55,5,4,4,Champions
C06621,64,4,9647.95,3,4,3,Loyal Customers
C06622,80,1,3460.8,3,1,1,Hibernating
C06623,4,7,16430.7,5,5,5,Champions
C06624,5,3,5843.25,5,3,2,Loyal Customers
C06625,53,5,14197.4,4,4,4,Champions
C06626,112,2,2332.8999999999996,2,2,1,Hibernating
C06627,69,2,2406.7,3,2,1,Hibernating
C06628,88,5,12541.85,3,4,4,Loyal Customers
C06629,29,6,14280.4,4,5,5,Champions
C06630,65,4,10823.7,3,4,4,Loyal Customers
C06631,294,1,864.0,1,1,1,Hibernating
C06632,29,4,10251.7,4,4,4,Champions
C06633,46,3,2521.7,4,3,1,Loyal Customers
C06634,6,4,5169.8,5,4,2,Loyal Customers
C06635,76,3,7254.15,3,3,3,Loyal Customers
C06636,85,3,6888.6,3,3,3,Loyal Customers
C06637,28,2,7063.0,4,2,3,Potential Loyalists
C06638,187,2,1778.1,1,2,1,Hibernating
C06639,120,2,6343.1,2,2,2,Hibernating
C06640,40,8,22078.8,4,5,5,Champions
C06641,115,5,20964.5,2,4,5,At Risk
C06642,39,4,2715.3999999999996,4,4,1,Loyal Customers
C06643,24,2,9017.1,4,2,3,Potential Loyalists
C06644,41,4,7733.7,4,4,3,Loyal Customers
C06645,48,3,7473.75,4,3,3,Loyal Customers
C06646,93,3,8330.85,3,3,3,Loyal Customers
C06648,20,6,25159.3,5,5,5,Champions
C06650,69,5,12197.7,3,4,4,Loyal Customers
C06652,115,2,6043.6,2,2,2,Hibernating
C06655,132,1,5148.0,2,1,2,Hibernating
C06656,125,2,1499.5,2,2,1,Hibernating
C06657,49,8,21437.05,4,5,5,Champions
C06658,75,1,2410.5,3,1,1,Hibernating
C06659,10,2,5104.15,5,2,2,Potential Loyalists
C06660,197,3,13291.4,1,3,4,At Risk
C06661,33,3,5973.1,4,3,2,Loyal Customers
C06662,12,3,5007.3,5,3,2,Loyal Customers
C06663,30,5,23281.3,4,4,5,Champions
C06665,66,5,18291.45,3,4,5,Loyal Customers
C06666,112,2,1965.6499999999999,2,2,1,Hibernating
C06667,130,3,9591.8,2,3,3,At Risk
C06668,210,4,13434.25,1,4,4,At Risk
C06669,185,2,4423.15,1,2,2,Hibernating
C06670,140,3,5897.3,2,3,2,At Risk
C06671,238,2,4819.799999999999,1,2,2,Hibernating
C06672,126,2,3090.2999999999997,2,2,1,Hibernating
C06673,16,5,16477.1,5,4,5,Champions
C06674,247,2,2598.5,1,2,1,Hibernating
C06675,195,2,3844.55,1,2,1,Hibernating
C06676,27,3,15146.0,4,3,5,Loyal Customers
C06677,147,5,16555.8,2,4,5,At Risk
C06678,146,3,7704.65,2,3,3,At Risk
C06679,12,2,1407.0,5,2,1,Potential Loyalists
C06680,152,5,15552.6,2,4,5,At Risk
C06681,97,1,2773.8,2,1,1,Hibernating
C06682,60,6,15554.0,3,5,5,Loyal Customers
C06683,96,5,9773.35,2,4,3,At Risk
C06685,95,3,16272.6,2,3,5,At Risk
C06686,267,3,2074.05,1,3,1,At Risk
C06687,136,3,3552.7,2,3,1,At Risk
C06688,159,3,17227.050000000003,2,3,5,At Risk
C06689,3,3,6498.6,5,3,2,Loyal Customers
C06690,11,1,936.5,5,1,1,Potential Loyalists
C06691,71,6,14107.2,3,5,4,Loyal Customers
C06692,82,6,27759.2,3,5,5,Loyal Customers
C06693,62,3,7466.6,3,3,3,Loyal Customers
C06694,24,3,7686.7,4,3,3,Loyal Customers
C06695,110,4,8772.9,2,4,3,At Risk
C06696,70,2,3045.5,3,2,1,Hibernating
C06697,70,3,9273.5,3,3,3,Loyal Customers
C06698,281,1,2860.8,1,1,1,Hibernating
C06699,14,7,11920.0,5,5,4,Champions
C06700,165,1,2200.1,1,1,1,Hibernating
C06701,119,2,6324.7,2,2,2,Hibernating
C06702,68,5,13966.1,3,4,4,Loyal Customers
C06703,343,2,3108.9,1,2,1,Hibernating
C06704,93,3,8792.45,3,3,3,Loyal Customers
C06705,237,5,15065.35,1,4,5,At Risk
C06706,21,5,8102.8,5,4,3,Loyal Customers
C06707,185,3,6776.1,1,3,2,At Risk
C06708,112,5,16693.0,2,4,5,At Risk
C06709,1,4,8900.35,5,4,3,Loyal Customers
C06710,160,2,5845.4,2,2,2,Hibernating
C06711,228,4,9325.15,1,4,3,At Risk
C06712,12,2,4648.7,5,2,2,Potential Loyalists
C06713,19,1,3513.0,5,1,1,Potential Loyalists
C06714,5,6,24773.6,5,5,5,Champions
C06715,56,3,6207.9,3,3,2,Loyal Customers
C06716,226,3,4512.3,1,3,2,At Risk
C06717,159,1,1507.5,2,1,1,Hibernating
C06718,101,4,9517.05,2,4,3,At Risk
C06719,47,6,29344.95,4,5,5,Champions
C06720,67,4,14456.75,3,4,5,Loyal Customers
C06721,29,5,19922.05,4,4,5,Champions
C06722,51,2,12749.1,4,2,4,Potential Loyalists
C06723,7,3,7510.700000000001,5,3,3,Loyal Customers
C06724,147,5,9668.55,2,4,3,At Risk
C06725,33,2,3812.0,4,2,1,Potential Loyalists
C06726,92,4,12565.25,3,4,4,Loyal Customers
C06727,177,4,7265.85,1,4,3,At Risk
C06728,82,4,8924.0,3,4,3,Loyal Customers
C06729,143,3,4246.200000000001,2,3,2,At Risk
C06730,256,1,4964.0,1,1,2,Hibernating
C06731,50,9,19443.0,4,5,5,Champions
C06732,115,5,13811.75,2,4,4,At Risk
C06733,152,3,4389.1,2,3,2,At Risk
C06734,201,2,4814.7,1,2,2,Hibernating
C06735,121,3,12656.7,2,3,4,At Risk
C06736,22,2,4234.6,5,2,2,Potential Loyalists
C06737,141,4,9856.95,2,4,4,At Risk
C06738,86,2,6731.9,3,2,2,Hibernating
C06739,118,1,979.2,2,1,1,Hibernating
C06740,33,4,11898.55,4,4,4,Champions
C06741,22,5,6868.95,5,4,3,Loyal Customers
C06742,20,3,16361.199999999999,5,3,5,Loyal Customers
C06743,59,3,8102.35,3,3,3,Loyal Customers
C06744,19,4,9733.75,5,4,3,Loyal Customers
C06745,22,4,7198.8,5,4,3,Loyal Customers
C06746,180,4,15067.2,1,4,5,At Risk
C06747,75,5,18528.8,3,4,5,Loyal Customers
C06748,54,3,9197.65,3,3,3,Loyal Customers
C06749,123,2,4061.7,2,2,2,Hibernating
C06750,15,1,1515.5,5,1,1,Potential Loyalists
C06751,126,4,6317.9,2,4,2,At Risk
C06752,287,1,11445.6,1,1,4,Hibernating
C06753,264,2,10663.849999999999,1,2,4,Hibernating
C06754,12,3,6692.05,5,3,2,Loyal Customers
C06756,86,3,12262.6,3,3,4,Loyal Customers
C06757,55,5,13969.55,3,4,4,Loyal Customers
C06758,319,1,680.0,1,1,1,Hibernating
C06759,125,3,6512.7,2,3,2,At Risk
C06760,147,2,3567.5,2,2,1,Hibernating
C06761,129,1,3157.7,2,1,1,Hibernating
C06762,185,4,12193.5,1,4,4,At Risk
C06763,151,2,4342.2,2,2,2,Hibernating
C06764,56,5,6881.0,3,4,3,Loyal Customers
C06765,76,3,4037.0,3,3,2,Loyal Customers
C06766,155,2,7073.3,2,2,3,Hibernating
C06767,17,9,26874.95,5,5,5,Champions
C06768,101,6,12057.8,2,5,4,At Risk
C06769,252,2,6137.9,1,2,2,Hibernating
C06770,3,4,6132.55,5,4,2,Loyal Customers
C06771,8,4,15044.2,5,4,5,Champions
C06772,74,5,13415.550000000001,3,4,4,Loyal Customers
C06773,110,7,18035.600000000002,2,5,5,At Risk
C06774,113,4,11864.3,2,4,4,At Risk
C06775,175,3,4835.5,1,3,2,At Risk
C06776,13,6,16492.149999999998,5,5,5,Champions
C06777,54,3,19202.1,3,3,5,Loyal Customers
C06778,168,3,6873.700000000001,1,3,3,At Risk
C06779,108,4,8168.75,2,4,3,At Risk
C06780,68,2,2505.75,3,2,1,Hibernating
C06781,40,2,10301.75,4,2,4,Potential Loyalists
C06782,181,3,10268.9,1,3,4,At Risk
C06783,269,1,2342.4,1,1,1,Hibernating
C06784,24,10,15675.3,4,5,5,Champions
C06785,30,3,7635.25,4,3,3,Loyal Customers
C06786,180,5,10898.85,1,4,4,At Risk
C06787,53,5,19894.1,4,4,5,Champions
C06788,106,5,8706.5,2,4,3,At Risk
C06789,142,2,2882.35,2,2,1,Hibernating
C06790,99,1,2133.6,2,1,1,Hibernating
C06792,122,2,3610.65,2,2,1,Hibernating
C06793,295,1,1546.2,1,1,1,Hibernating
C06794,8,6,7484.95,5,5,3,Loyal Customers
C06795,310,1,184.2,1,1,1,Hibernating
C06796,50,2,6588.9,4,2,2,Potential Loyalists
C06797,232,2,4827.95,1,2,2,Hibernating
C06798,97,2,12922.8,2,2,4,Hibernating
C06799,58,3,3754.5,3,3,1,Loyal Customers
C06800,91,9,28387.45,3,5,5,Loyal Customers
C06801,37,3,6154.65,4,3,2,Loyal Customers
C06802,133,2,4915.5,2,2,2,Hibernating
C06803,64,4,9664.2,3,4,3,Loyal Customers
C06804,159,3,5966.9,2,3,2,At Risk
C06805,100,3,12053.7,2,3,4,At Risk
C06806,294,2,3748.8500000000004,1,2,1,Hibernating
C06808,36,3,8547.7,4,3,3,Loyal Customers
C06809,16,2,3695.6,5,2,1,Potential Loyalists
C06810,20,3,4807.0,5,3,2,Loyal Customers
C06811,169,1,2826.85,1,1,1,Hibernating
C06812,64,3,5799.4,3,3,2,Loyal Customers
C06813,32,3,18846.3,4,3,5,Loyal Customers
C06814,215,2,9920.0,1,2,4,Hibernating
C06815,72,4,10885.5,3,4,4,Loyal Customers
C06816,65,4,7807.8,3,4,3,Loyal Customers
C06817,87,6,16172.5,3,5,5,Loyal Customers
C06818,76,7,24159.25,3,5,5,Loyal Customers
C06819,127,2,1898.0,2,2,1,Hibernating
C06820,58,6,14025.4,3,5,4,Loyal Customers
C06821,61,6,13474.85,3,5,4,Loyal Customers
C06822,93,5,10889.25,3,4,4,Loyal Customers
C06823,270,2,2119.7,1,2,1,Hibernating
C06824,103,3,7061.450000000001,2,3,3,At Risk
C06825,2,5,13737.55,5,4,4,Champions
C06826,189,5,12183.6,1,4,4,At Risk
C06827,55,3,5573.2,3,3,2,Loyal Customers
C06829,237,3,15883.5,1,3,5,At Risk
C06830,14,5,11016.05,5,4,4,Champions
C06831,232,2,1739.25,1,2,1,Hibernating
C06832,66,4,3339.5,3,4,1,Loyal Customers
C06833,91,2,3145.45,3,2,1,Hibernating
C06834,50,4,9873.7,4,4,4,Champions
C06835,235,4,14690.8,1,4,5,At Risk
C06836,52,6,9006.4,4,5,3,Loyal Customers
C06837,135,5,9901.05,2,4,4,At Risk
C06838,267,1,4881.0,1,1,2,Hibernating
C06839,97,3,12619.5,2,3,4,At Risk
C06840,34,2,6675.15,4,2,2,Potential Loyalists
C06841,9,5,11486.25,5,4,4,Champions
C06842,100,2,4600.15,2,2,2,Hibernating
C06843,167,4,6612.05,1,4,2,At Risk
C06844,115,4,12295.599999999999,2,4,4,At Risk
C06845,53,5,20953.55,4,4,5,Champions
C06846,86,2,4791.6,3,2,2,Hibernating
C06847,65,3,8274.4,3,3,3,Loyal Customers
C06848,24,1,1234.35,4,1,1,Potential Loyalists
C06849,179,3,7380.5,1,3,3,At Risk
C06850,19,5,16950.399999999998,5,4,5,Champions
C06851,297,1,3063.2,1,1,1,Hibernating
C06852,217,1,2118.0,1,1,1,Hibernating
C06853,34,3,3958.85,4,3,1,Loyal Customers
C06854,2,4,14641.75,5,4,5,Champions
C06855,53,3,8095.3,4,3,3,Loyal Customers
C06856,15,8,22639.6,5,5,5,Champions
C06857,62,2,15038.25,3,2,5,Hibernating
C06858,99,4,9366.0,2,4,3,At Risk
C06859,82,3,11333.849999999999,3,3,4,Loyal Customers
C06860,178,3,20270.65,1,3,5,At Risk
C06861,2,5,16723.9,5,4,5,Champions
C06862,33,3,5949.2,4,3,2,Loyal Customers
C06863,48,3,5692.15,4,3,2,Loyal Customers
C06864,160,2,2298.9,2,2,1,Hibernating
C06865,159,2,10473.0,2,2,4,Hibernating
C06866,136,5,9293.8,2,4,3,At Risk
C06867,1,8,20149.5,5,5,5,Champions
C06868,16,8,29313.899999999998,5,5,5,Champions
C06869,338,2,3722.35,1,2,1,Hibernating
C06870,99,2,2961.4,2,2,1,Hibernating
C06871,62,4,22967.65,3,4,5,Loyal Customers
C06872,9,3,6758.95,5,3,2,Loyal Customers
C06873,70,1,595.0,3,1,1,Hibernating
C06874,33,5,13453.55,4,4,4,Champions
C06875,49,3,5371.2,4,3,2,Loyal Customers
C06876,88,7,16819.85,3,5,5,Loyal Customers
C06877,147,4,9348.1,2,4,3,At Risk
C06878,81,3,10788.15,3,3,4,Loyal Customers
C06879,2,4,9421.7,5,4,3,Loyal Customers
C06880,151,1,929.1,2,1,1,Hibernating
C06882,28,3,8138.450000000001,4,3,3,Loyal Customers
C06883,48,4,14619.95,4,4,5,Champions
C06884,21,8,24767.7,5,5,5,Champions
C06885,77,3,5341.2,3,3,2,Loyal Customers
C06886,330,1,4646.6,1,1,2,Hibernating
C06887,40,2,8316.95,4,2,3,Potential Loyalists
C06888,50,3,6453.900000000001,4,3,2,Loyal Customers
C06889,234,4,13163.0,1,4,4,At Risk
C06890,213,4,6708.950000000001,1,4,2,At Risk
C06891,139,5,15095.349999999999,2,4,5,At Risk
C06893,189,2,9921.25,1,2,4,Hibernating
C06894,174,2,5037.45,1,2,2,Hibernating
C06895,4,2,898.9,5,2,1,Potential Loyalists
C06896,99,4,18901.5,2,4,5,At Risk
C06898,71,4,5249.05,3,4,2,Loyal Customers
C06899,207,3,6605.5,1,3,2,At Risk
C06900,251,2,5680.05,1,2,2,Hibernating
C06901,184,3,7371.1,1,3,3,At Risk
C06902,203,1,2063.2,1,1,1,Hibernating
C06903,8,3,6899.7,5,3,3,Loyal Customers
C06904,1,5,10505.9,5,4,4,Champions
C06905,53,5,16261.75,4,4,5,Champions
C06906,194,3,9060.9,1,3,3,At Risk
C06907,198,2,7817.4000000000015,1,2,3,Hibernating
C06908,9,8,20484.4,5,5,5,Champions
C06909,158,2,3570.5,2,2,1,Hibernating
C06910,203,2,4126.35,1,2,2,Hibernating
C06911,13,2,4367.2,5,2,2,Potential Loyalists
C06912,83,7,16522.35,3,5,5,Loyal Customers
C06913,159,1,1831.6,2,1,1,Hibernating
C06914,18,4,12228.75,5,4,4,Champions
C06915,19,3,9922.2,5,3,4,Loyal Customers
C06916,123,2,1054.15,2,2,1,Hibernating
C06917,102,5,21399.15,2,4,5,At Risk
C06918,169,2,14266.2,1,2,4,Hibernating
C06919,10,4,3513.85,5,4,1,Loyal Customers
C06920,22,3,4580.7,5,3,2,Loyal Customers
C06921,80,6,17011.85,3,5,5,Loyal Customers
C06923,26,3,6466.65,4,3,2,Loyal Customers
C06924,94,5,14338.15,3,4,5,Loyal Customers
C06925,53,4,7958.25,4,4,3,Loyal Customers
C06926,15,7,18011.2,5,5,5,Champions
C06927,81,3,9430.2,3,3,3,Loyal Customers
C06928,13,7,11492.95,5,5,4,Champions
C06929,52,2,4381.5,4,2,2,Potential Loyalists
C06930,20,3,14207.8,5,3,4,Loyal Customers
C06931,37,1,259.0,4,1,1,Potential Loyalists
C06932,1,5,9343.5,5,4,3,Loyal Customers
C06933,230,1,1987.2,1,1,1,Hibernating
C06934,212,2,3328.4,1,2,1,Hibernating
C06935,33,3,11937.300000000001,4,3,4,Loyal Customers
C06936,71,2,2436.75,3,2,1,Hibernating
C06937,76,6,28254.75,3,5,5,Loyal Customers
C06938,41,4,7267.65,4,4,3,Loyal Customers
C06939,154,3,5584.0,2,3,2,At Risk
C06940,3,6,13463.35,5,5,4,Champions
C06941,29,6,11678.8,4,5,4,Champions
C06942,102,4,14334.75,2,4,5,At Risk
C06943,3,2,8713.099999999999,5,2,3,Potential Loyalists
C06944,273,2,1763.1,1,2,1,Hibernating
C06945,50,2,6167.55,4,2,2,Potential Loyalists
C06946,140,6,16102.599999999999,2,5,5,At Risk
C06947,1,4,7700.8,5,4,3,Loyal Customers
C06948,12,3,10380.3,5,3,4,Loyal Customers
C06949,12,5,12237.449999999999,5,4,4,Champions
C06950,106,4,10252.1,2,4,4,At Risk
C06951,40,2,1584.7,4,2,1,Potential Loyalists
C06952,200,1,6781.6,1,1,2,Hibernating
C06953,147,5,9886.5,2,4,4,At Risk
C06954,212,1,825.3,1,1,1,Hibernating
C06955,146,3,9173.15,2,3,3,At Risk
C06956,73,5,8651.35,3,5,3,Loyal Customers
C06957,61,3,5399.85,3,3,2,Loyal Customers
C06958,14,7,22349.7,5,5,5,Champions
C06959,174,5,21510.6,1,5,5,At Risk
C06960,1,2,8000.1,5,2,3,Potential Loyalists
C06961,223,3,13391.55,1,3,4,At Risk
C06962,36,10,27525.899999999998,4,5,5,Champions
C06963,6,2,4544.3,5,2,2,Potential Loyalists
C06964,47,3,7856.599999999999,4,3,3,Loyal Customers
C06965,49,5,15010.25,4,5,5,Champions
C06966,109,4,8885.2,2,4,3,At Risk
C06967,68,2,4053.0,3,2,2,Hibernating
C06968,83,2,13113.8,3,2,4,Hibernating
C06969,173,1,7371.2,1,1,3,Hibernating
C06970,155,5,10191.4,2,5,4,At Risk
C06971,75,4,13905.7,3,4,4,Loyal Customers
C06973,63,4,16985.4,3,4,5,Loyal Customers
C06974,40,5,20665.05,4,5,5,Champions
C06975,40,5,10002.45,4,5,4,Champions
C06976,71,2,3874.0,3,2,1,Hibernating
C06977,65,2,3885.0,3,2,1,Hibernating
C06978,25,1,1195.35,4,1,1,Potential Loyalists
C06979,23,3,8297.0,5,3,3,Loyal Customers
C06981,60,4,11461.95,3,4,4,Loyal Customers
C06982,237,2,12731.0,1,2,4,Hibernating
C06983,123,3,11072.9,2,3,4,At Risk
C06984,83,3,10835.1,3,3,4,Loyal Customers
C06985,300,1,2887.2,1,1,1,Hibernating
C06987,47,2,6302.1,4,2,2,Potential Loyalists
C06988,72,2,2212.8,3,2,1,Hibernating
C06989,259,1,1080.0,1,1,1,Hibernating
C06990,4,5,7038.6,5,5,3,Loyal Customers
C06991,3,3,6668.5,5,3,2,Loyal Customers
C06992,118,2,5215.05,2,2,2,Hibernating
C06993,79,1,6321.0,3,1,2,Hibernating
C06994,17,5,11875.1,5,5,4,Champions
C06995,78,4,7103.1,3,4,3,Loyal Customers
C06996,111,1,1733.6,2,1,1,Hibernating
C06997,12,3,3977.7000000000003,5,3,1,Loyal Customers
C06998,144,5,16688.1,2,5,5,At Risk
C06999,218,1,319.2,1,1,1,Hibernating
C07000,63,2,3418.45,3,2,1,Hibernating
C07001,196,4,18997.75,1,4,5,At Risk
C07002,85,3,5183.4,3,3,2,Loyal Customers
C07003,18,3,8036.700000000001,5,3,3,Loyal Customers
C07004,143,4,10757.3,2,4,4,At Risk
C07005,212,1,3043.95,1,1,1,Hibernating
C07006,42,2,2684.1,4,2,1,Potential Loyalists
C07007,195,4,8980.65,1,4,3,At Risk
C07009,323,2,3005.5,1,2,1,Hibernating
C07010,259,2,2185.5,1,2,1,Hibernating
C07011,4,5,8072.4,5,5,3,Loyal Customers
C07012,232,2,5288.799999999999,1,2,2,Hibernating
C07013,112,3,9639.95,2,3,3,At Risk
C07014,85,3,7452.1,3,3,3,Loyal Customers
C07015,57,3,7650.6,3,3,3,Loyal Customers
C07016,109,4,10007.1,2,4,4,At Risk
C07017,309,1,2042.0,1,1,1,Hibernating
C07018,37,4,16859.0,4,4,5,Champions
C07019,71,2,2723.7,3,2,1,Hibernating
C07020,57,4,12289.9,3,4,4,Loyal Customers
C07021,182,3,6347.05,1,3,2,At Risk
C07022,9,2,3062.1,5,2,1,Potential Loyalists
C07023,9,2,2346.3,5,2,1,Potential Loyalists
C07024,19,6,10537.4,5,5,4,Champions
C07025,66,2,6735.75,3,2,2,Hibernating
C07026,147,3,13447.3,2,3,4,At Risk
C07027,6,6,12127.4,5,5,4,Champions
C07029,117,4,22487.55,2,4,5,At Risk
C07031,113,2,4446.4,2,2,2,Hibernating
C07032,13,5,12246.55,5,5,4,Champions
C07033,65,1,518.5,3,1,1,Hibernating
C07034,17,5,21847.3,5,5,5,Champions
C07035,252,4,15253.800000000001,1,4,5,At Risk
C07036,131,5,21191.95,2,5,5,At Risk
C07037,64,6,17191.55,3,5,5,Loyal Customers
C07038,262,3,5441.1,1,3,2,At Risk
C07039,63,3,9413.55,3,3,3,Loyal Customers
C07040,117,3,5333.0,2,3,2,At Risk
C07041,34,3,5028.1,4,3,2,Loyal Customers
C07042,5,2,6090.0,5,2,2,Potential Loyalists
C07043,112,2,4406.5,2,2,2,Hibernating
C07044,15,6,22404.0,5,5,5,Champions
C07045,234,2,3383.8,1,2,1,Hibernating
C07046,67,3,5724.900000000001,3,3,2,Loyal Customers
C07047,61,6,14806.6,3,5,5,Loyal Customers
C07048,77,3,6750.3,3,3,2,Loyal Customers
C07049,76,6,21729.95,3,5,5,Loyal Customers
C07050,37,6,12165.5,4,5,4,Champions
C07051,86,3,8405.15,3,3,3,Loyal Customers
C07052,166,1,2179.3,1,1,1,Hibernating
C07053,234,3,2971.25,1,3,1,At Risk
C07054,49,3,8611.9,4,3,3,Loyal Customers
C07055,29,5,7937.799999999999,4,5,3,Loyal Customers
C07056,191,1,2392.5,1,1,1,Hibernating
C07057,101,4,7439.0,2,4,3,At Risk
C07058,22,2,4524.6,5,2,2,Potential Loyalists
C07059,64,3,6210.05,3,3,2,Loyal Customers
C07060,49,5,17871.1,4,5,5,Champions
C07061,11,4,5649.45,5,4,2,Loyal Customers
C07062,95,3,7672.85,2,3,3,At Risk
C07063,69,3,6652.5,3,3,2,Loyal Customers
C07064,124,2,4249.4,2,2,2,Hibernating
C07065,106,4,9887.0,2,4,4,At Risk
C07066,83,1,2849.25,3,1,1,Hibernating
C07067,280,2,2194.5,1,2,1,Hibernating
C07068,22,4,7333.9,5,4,3,Loyal Customers
C07069,121,3,6656.75,2,3,2,At Risk
C07070,10,7,10314.4,5,5,4,Champions
C07071,48,2,3926.5,4,2,1,Potential Loyalists
C07072,90,3,3867.3999999999996,3,3,1,Loyal Customers
C07073,152,4,5651.15,2,4,2,At Risk
C07074,31,1,364.5,4,1,1,Potential Loyalists
C07075,68,5,5944.1,3,5,2,Loyal Customers
C07076,147,3,8356.2,2,3,3,At Risk
C07077,23,5,13021.2,5,5,4,Champions
C07078,139,4,15469.35,2,4,5,At Risk
C07080,94,4,11246.15,3,4,4,Loyal Customers
C07081,71,3,4026.95,3,3,2,Loyal Customers
C07082,48,5,11917.95,4,5,4,Champions
C07083,14,9,36977.2,5,5,5,Champions
C07084,161,2,3464.1,1,2,1,Hibernating
C07085,64,8,20718.85,3,5,5,Loyal Customers
C07086,167,3,8901.05,1,3,3,At Risk
C07087,34,3,6699.85,4,3,2,Loyal Customers
C07088,75,5,19165.3,3,5,5,Loyal Customers
C07089,12,5,12472.0,5,5,4,Champions
C07090,47,5,15657.9,4,5,5,Champions
C07091,7,3,12493.099999999999,5,3,4,Loyal Customers
C07092,187,3,6065.05,1,3,2,At Risk
C07093,36,2,17892.300000000003,4,2,5,Potential Loyalists
C07094,13,5,8041.95,5,5,3,Loyal Customers
C07095,3,4,10103.55,5,4,4,Champions
C07096,75,3,7520.5,3,3,3,Loyal Customers
C07097,95,5,13131.05,2,5,4,At Risk
C07098,71,3,8488.8,3,3,3,Loyal Customers
C07099,111,2,4586.55,2,2,2,Hibernating
C07100,73,3,8998.6,3,3,3,Loyal Customers
C07101,131,3,6418.2,2,3,2,At Risk
C07102,328,1,8040.6,1,1,3,Hibernating
C07103,39,3,7234.2,4,3,3,Loyal Customers
C07104,11,3,4587.3,5,3,2,Loyal Customers
C07105,14,4,6113.650000000001,5,4,2,Loyal Customers
C07106,86,2,4612.15,3,2,2,Hibernating
C07107,34,2,3792.65,4,2,1,Potential Loyalists
C07108,19,9,33420.35,5,5,5,Champions
C07109,95,3,2084.6,2,3,1,At Risk
C07110,75,2,4931.15,3,2,2,Hibernating
C07111,61,5,9089.0,3,5,3,Loyal Customers
C07112,6,4,14330.3,5,4,5,Champions
C07113,221,2,5119.4,1,2,2,Hibernating
C07114,288,2,3072.8999999999996,1,2,1,Hibernating
C07115,15,4,16085.7,5,4,5,Champions
C07116,236,2,10770.6,1,2,4,Hibernating
C07117,100,4,12829.599999999999,2,4,4,At Risk
C07118,245,2,1988.1,1,2,1,Hibernating
C07119,108,2,3811.2,2,2,1,Hibernating
C07120,9,2,7148.4,5,2,3,Potential Loyalists
C07121,23,5,10432.5,5,5,4,Champions
C07122,252,5,15246.8,1,5,5,At Risk
C07123,102,6,17974.35,2,5,5,At Risk
C07124,120,4,8821.2,2,4,3,At Risk
C07125,274,2,7685.15,1,2,3,Hibernating
C07126,118,8,14189.25,2,5,4,At Risk
C07127,12,1,6665.4,5,1,2,Potential Loyalists
C07128,55,5,11646.45,3,5,4,Loyal Customers
C07129,59,5,10152.95,3,5,4,Loyal Customers
C07130,106,3,6615.200000000001,2,3,2,At Risk
C07131,20,3,4016.55,5,3,2,Loyal Customers
C07132,101,3,5280.4,2,3,2,At Risk
C07133,102,4,8552.65,2,4,3,At Risk
C07134,112,4,10246.1,2,4,4,At Risk
C07135,112,3,5843.9,2,3,2,At Risk
C07136,40,8,15616.85,4,5,5,Champions
C07137,40,5,12392.45,4,5,4,Champions
C07138,18,3,9253.0,5,3,3,Loyal Customers
C07139,62,7,18838.25,3,5,5,Loyal Customers
C07140,131,1,729.0,2,1,1,Hibernating
C07141,29,3,9116.7,4,3,3,Loyal Customers
C07142,71,4,9641.5,3,4,3,Loyal Customers
C07143,36,7,12937.0,4,5,4,Champions
C07144,72,4,11838.25,3,4,4,Loyal Customers
C07145,5,4,11069.65,5,4,4,Champions
C07146,50,4,11917.2,4,4,4,Champions
C07147,94,1,1580.25,3,1,1,Hibernating
C07148,82,5,13639.3,3,5,4,Loyal Customers
C07149,63,2,6517.4,3,2,2,Hibernating
C07151,53,3,9051.35,4,3,3,Loyal Customers
C07152,3,6,7881.5,5,5,3,Loyal Customers
C07153,198,5,10384.4,1,5,4,At Risk
C07154,147,2,1419.7,2,2,1,Hibernating
C07155,104,2,1566.8,2,2,1,Hibernating
C07156,168,3,4129.25,1,3,2,At Risk
C07157,70,6,15530.0,3,5,5,Loyal Customers
C07158,109,1,3955.9,2,1,1,Hibernating
C07159,15,6,9113.25,5,5,3,Loyal Customers
C07160,331,1,3546.2,1,1,1,Hibernating
C07161,11,4,18601.05,5,4,5,Champions
C07162,163,6,17059.45,1,5,5,At Risk
C07163,48,3,4380.8,4,3,2,Loyal Customers
C07164,44,1,2189.0,4,1,1,Potential Loyalists
C07165,37,4,7611.0,4,4,3,Loyal Customers
C07166,235,2,8002.8,1,2,3,Hibernating
C07167,53,4,6717.45,4,4,2,Loyal Customers
C07169,27,4,5662.5,4,4,2,Loyal Customers
C07170,28,3,5613.4,4,3,2,Loyal Customers
C07171,37,10,24656.15,4,5,5,Champions
C07172,19,3,7908.5,5,3,3,Loyal Customers
C07173,111,4,11744.6,2,4,4,At Risk
C07174,19,2,11392.8,5,2,4,Potential Loyalists
C07175,6,2,5232.4,5,2,2,Potential Loyalists
C07176,168,3,6774.25,1,3,2,At Risk
C07177,124,4,12053.25,2,4,4,At Risk
C07178,42,5,9066.75,4,5,3,Loyal Customers
C07179,6,2,3408.5,5,2,1,Potential Loyalists
C07180,197,1,2759.4,1,1,1,Hibernating
C07181,47,3,6810.0,4,3,3,Loyal Customers
C07182,117,3,9099.2,2,3,3,At Risk
C07183,137,4,4741.15,2,4,2,At Risk
C07184,113,6,14917.6,2,5,5,At Risk
C07185,144,3,7272.4,2,3,3,At Risk
C07186,20,7,15064.2,5,5,5,Champions
C07187,37,2,6484.7,4,2,2,Potential Loyalists
C07188,99,3,6576.9,2,3,2,At Risk
C07189,62,4,5846.85,3,4,2,Loyal Customers
C07190,14,6,10501.7,5,5,4,Champions
C07191,78,6,16818.2,3,5,5,Loyal Customers
C07192,213,5,13432.7,1,5,4,At Risk
C07193,31,1,4268.7,4,1,2,Potential Loyalists
C07194,79,3,4398.2,3,3,2,Loyal Customers
C07195,137,1,3618.0,2,1,1,Hibernating
C07196,68,3,12278.6,3,3,4,Loyal Customers
C07197,32,2,6668.1,4,2,2,Potential Loyalists
C07198,17,4,8978.8,5,4,3,Loyal Customers
C07199,318,1,707.2,1,1,1,Hibernating
C07200,171,1,392.0,1,1,1,Hibernating
C07201,257,2,3527.2,1,2,1,Hibernating
C07202,39,2,4325.6,4,2,2,Potential Loyalists
C07203,13,5,10115.8,5,5,4,Champions
C07204,64,3,6193.450000000001,3,3,2,Loyal Customers
C07205,306,1,3693.6,1,1,1,Hibernating
C07206,30,2,2107.6,4,2,1,Potential Loyalists
C07207,66,4,11836.300000000001,3,4,4,Loyal Customers
C07208,63,3,8035.450000000001,3,3,3,Loyal Customers
C07209,13,2,6085.2,5,2,2,Potential Loyalists
C07210,12,4,9260.9,5,4,3,Loyal Customers
C07211,207,3,5138.799999999999,1,3,2,At Risk
C07212,76,1,381.6,3,1,1,Hibernating
C07213,175,2,3334.25,1,2,1,Hibernating
C07214,1,10,15589.95,5,5,5,Champions
C07215,67,2,4119.3,3,2,2,Hibernating
C07216,40,3,3044.15,4,3,1,Loyal Customers
C07217,49,3,3774.4,4,3,1,Loyal Customers
C07218,13,5,11576.15,5,5,4,Champions
C07219,255,3,6292.55,1,3,2,At Risk
C07220,55,7,19171.1,3,5,5,Loyal Customers
C07221,151,3,6962.65,2,3,3,At Risk
C07222,143,1,1110.75,2,1,1,Hibernating
C07223,17,5,19438.4,5,5,5,Champions
C07224,287,1,2718.75,1,1,1,Hibernating
C07225,76,4,10272.6,3,4,4,Loyal Customers
C07226,43,4,10222.55,4,4,4,Champions
C07227,297,2,3285.95,1,2,1,Hibernating
C07228,241,2,2833.2,1,2,1,Hibernating
C07229,8,6,14866.85,5,5,5,Champions
C07230,85,3,9271.15,3,3,3,Loyal Customers
C07231,67,5,10917.1,3,5,4,Loyal Customers
C07232,23,3,8505.6,5,3,3,Loyal Customers
C07233,40,7,16611.15,4,5,5,Champions
C07234,62,4,15447.4,3,4,5,Loyal Customers
C07235,6,4,10025.2,5,4,4,Champions
C07236,12,5,11064.35,5,5,4,Champions
C07237,81,2,3279.2,3,2,1,Hibernating
C07239,26,4,18332.4,4,4,5,Champions
C07240,31,2,4587.45,4,2,2,Potential Loyalists
C07241,35,4,6541.95,4,4,2,Loyal Customers
C07242,49,2,3093.0,4,2,1,Potential Loyalists
C07243,24,4,13253.499999999998,4,4,4,Champions
C07244,243,4,11917.5,1,4,4,At Risk
C07245,60,2,3903.85,3,2,1,Hibernating
C07246,262,1,1860.8,1,1,1,Hibernating
C07247,71,7,23634.55,3,5,5,Loyal Customers
C07248,91,5,9790.6,3,5,3,Loyal Customers
C07249,149,3,11035.0,2,3,4,At Risk
C07250,36,5,8856.5,4,5,3,Loyal Customers
C07251,170,5,10840.949999999999,1,5,4,At Risk
C07252,211,4,10499.2,1,4,4,At Risk
C07253,160,4,9152.75,2,4,3,At Risk
C07254,10,1,3243.8,5,1,1,Potential Loyalists
C07255,19,5,18370.3,5,5,5,Champions
C07256,109,1,258.3,2,1,1,Hibernating
C07257,296,1,3667.5,1,1,1,Hibernating
C07258,201,3,11966.6,1,3,4,At Risk
C07260,10,6,16364.4,5,5,5,Champions
C07261,96,3,11031.2,2,3,4,At Risk
C07262,134,3,4665.5,2,3,2,At Risk
C07263,155,1,7459.2,2,1,3,Hibernating
C07264,8,6,17774.55,5,5,5,Champions
C07265,257,1,3688.5,1,1,1,Hibernating
C07266,194,2,5955.9,1,2,2,Hibernating
C07267,20,2,5749.700000000001,5,2,2,Potential Loyalists
C07268,205,1,2148.6,1,1,1,Hibernating
C07270,20,4,12865.1,5,4,4,Champions
C07271,323,2,6397.75,1,2,2,Hibernating
C07272,89,4,9797.65,3,4,3,Loyal Customers
C07273,99,2,4569.3,2,2,2,Hibernating
C07274,170,2,3128.6,1,2,1,Hibernating
C07275,80,2,9038.6,3,2,3,Hibernating
C07276,148,1,736.25,2,1,1,Hibernating
C07277,12,1,1998.0,5,1,1,Potential Loyalists
C07278,5,3,9862.0,5,3,4,Loyal Customers
C07279,81,1,1322.4,3,1,1,Hibernating
C07280,22,2,4007.1,5,2,1,Potential Loyalists
C07281,119,4,13212.7,2,4,4,At Risk
C07282,8,3,16620.8,5,3,5,Loyal Customers
C07283,78,2,4058.8,3,2,2,Hibernating
C07284,96,3,2518.25,2,3,1,At Risk
C07285,323,2,1077.9,1,2,1,Hibernating
C07286,182,2,3266.75,1,2,1,Hibernating
C07287,40,1,5274.1,4,1,2,Potential Loyalists
C07288,138,1,4737.0,2,1,2,Hibernating
C07289,51,2,9608.400000000001,4,2,3,Potential Loyalists
C07290,75,5,8738.25,3,5,3,Loyal Customers
C07291,255,3,5347.85,1,3,2,At Risk
C07292,21,4,8324.2,5,4,3,Loyal Customers
C07293,16,8,20771.05,5,5,5,Champions
C07294,177,2,6003.950000000001,1,2,2,Hibernating
C07295,65,7,45630.5,3,5,5,Loyal Customers
C07296,166,4,8189.95,1,4,3,At Risk
C07297,102,1,536.2,2,1,1,Hibernating
C07298,81,6,25177.35,3,5,5,Loyal Customers
C07299,133,1,910.0,2,1,1,Hibernating
C07300,7,5,12475.650000000001,5,5,4,Champions
C07301,5,3,6261.3,5,3,2,Loyal Customers
C07302,213,3,5373.55,1,3,2,At Risk
C07303,196,1,842.4,1,1,1,Hibernating
C07304,227,1,3114.4,1,1,1,Hibernating
C07305,9,2,5070.0,5,2,2,Potential Loyalists
C07306,8,3,5517.0,5,3,2,Loyal Customers
C07307,206,3,6890.3,1,3,3,At Risk
C07308,64,3,8025.9,3,3,3,Loyal Customers
C07309,13,3,6409.7,5,3,2,Loyal Customers
C07310,218,3,6959.7,1,3,3,At Risk
C07311,185,4,21937.3,1,4,5,At Risk
C07312,117,3,16059.6,2,3,5,At Risk
C07313,5,6,13056.85,5,5,4,Champions
C07314,25,4,11790.65,4,4,4,Champions
C07315,95,2,16604.3,2,2,5,Hibernating
C07316,84,2,5583.6,3,2,2,Hibernating
C07317,123,2,7626.4,2,2,3,Hibernating
C07318,191,1,2349.75,1,1,1,Hibernating
C07319,49,2,3160.15,4,2,1,Potential Loyalists
C07320,64,3,4169.200000000001,3,3,2,Loyal Customers
C07321,183,2,4188.45,1,2,2,Hibernating
C07322,28,1,2238.9,4,1,1,Potential Loyalists
C07323,40,4,11051.95,4,4,4,Champions
C07324,40,3,4399.9,4,3,2,Loyal Customers
C07325,35,2,6110.55,4,2,2,Potential Loyalists
C07326,230,4,14982.75,1,4,5,At Risk
C07327,135,1,451.5,2,1,1,Hibernating
C07328,278,3,3972.75,1,3,1,At Risk
C07329,57,3,3263.7,3,3,1,Loyal Customers
C07330,68,2,4144.6,3,2,2,Hibernating
C07331,4,4,14418.4,5,4,5,Champions
C07332,55,4,8710.7,3,4,3,Loyal Customers
C07333,57,2,8363.9,3,2,3,Hibernating
C07334,89,5,9716.7,3,5,3,Loyal Customers
C07335,134,4,6773.8,2,4,2,At Risk
C07337,69,3,9659.8,3,3,3,Loyal Customers
C07338,34,2,4958.799999999999,4,2,2,Potential Loyalists
C07339,117,6,8280.4,2,5,3,At Risk
C07340,130,5,8243.05,2,5,3,At Risk
C07341,43,3,12042.0,4,3,4,Loyal Customers
C07342,20,5,6929.4,5,5,3,Loyal Customers
C07343,64,4,4205.8,3,4,2,Loyal Customers
C07344,29,7,13604.15,4,5,4,Champions
C07345,252,5,9458.5,1,5,3,At Risk
C07346,54,4,7706.7,3,4,3,Loyal Customers
C07347,64,6,11638.75,3,5,4,Loyal Customers
C07348,109,4,10318.2,2,4,4,At Risk
C07349,8,6,18244.55,5,5,5,Champions
C07350,120,5,15633.35,2,5,5,At Risk
C07351,46,3,3229.25,4,3,1,Loyal Customers
C07352,63,4,8751.1,3,4,3,Loyal Customers
C07353,110,4,11377.1,2,4,4,At Risk
C07354,70,4,16741.8,3,4,5,Loyal Customers
C07355,114,3,13175.75,2,3,4,At Risk
C07356,51,6,14839.1,4,5,5,Champions
C07357,97,2,581.1,2,2,1,Hibernating
C07358,164,5,16014.8,1,5,5,At Risk
C07359,39,2,3361.8,4,2,1,Potential Loyalists
C07360,115,3,8400.9,2,3,3,At Risk
C07361,58,4,13766.65,3,4,4,Loyal Customers
C07362,15,4,3996.8999999999996,5,4,1,Loyal Customers
C07363,8,6,11898.85,5,5,4,Champions
C07364,87,5,20186.3,3,5,5,Loyal Customers
C07365,78,3,6511.2,3,3,2,Loyal Customers
C07366,39,5,14215.8,4,5,4,Champions
C07367,281,3,6489.200000000001,1,3,2,At Risk
C07368,171,2,3901.8,1,2,1,Hibernating
C07369,26,5,9267.9,4,5,3,Loyal Customers
C07370,180,2,2443.5,1,2,1,Hibernating
C07371,142,2,4297.05,2,2,2,Hibernating
C07372,119,5,10778.95,2,5,4,At Risk
C07373,78,6,15451.5,3,5,5,Loyal Customers
C07374,6,3,8031.25,5,3,3,Loyal Customers
C07375,6,5,9795.599999999999,5,5,3,Loyal Customers
C07376,117,2,8804.15,2,2,3,Hibernating
C07377,208,1,246.0,1,1,1,Hibernating
C07378,210,2,1733.25,1,2,1,Hibernating
C07379,112,3,6345.5,2,3,2,At Risk
C07380,29,7,19447.05,4,5,5,Champions
C07381,9,5,14142.900000000001,5,5,4,Champions
C07382,3,5,13650.6,5,5,4,Champions
C07383,2,5,9276.6,5,5,3,Loyal Customers
C07384,80,4,17264.7,3,4,5,Loyal Customers
C07385,4,5,10172.849999999999,5,5,4,Champions
C07386,7,4,14624.3,5,4,5,Champions
C07387,115,3,5510.45,2,3,2,At Risk
C07388,74,3,9196.8,3,3,3,Loyal Customers
C07389,28,5,15143.0,4,5,5,Champions
C07390,138,2,6549.8,2,2,2,Hibernating
C07391,111,6,19652.15,2,5,5,At Risk
C07392,158,3,5821.4,2,3,2,At Risk
C07393,56,3,6389.2,3,3,2,Loyal Customers
C07394,132,2,8366.75,2,2,3,Hibernating
C07395,10,4,9617.1,5,4,3,Loyal Customers
C07396,119,3,5360.599999999999,2,3,2,At Risk
C07397,34,4,8174.1,4,4,3,Loyal Customers
C07398,15,6,17094.3,5,5,5,Champions
C07399,108,3,14779.400000000001,2,3,5,At Risk
C07400,146,3,7848.450000000001,2,3,3,At Risk
C07402,92,2,5642.15,3,2,2,Hibernating
C07403,53,4,7241.2,4,4,3,Loyal Customers
C07404,34,4,4792.4,4,4,2,Loyal Customers
C07405,175,5,17922.85,1,5,5,At Risk
C07406,24,4,10848.95,4,4,4,Champions
C07407,172,2,4398.95,1,2,2,Hibernating
C07408,148,5,17594.7,2,5,5,At Risk
C07409,97,3,7709.8,2,3,3,At Risk
C07410,27,2,5047.75,4,2,2,Potential Loyalists
C07411,143,2,5545.950000000001,2,2,2,Hibernating
C07412,62,5,15099.25,3,5,5,Loyal Customers
C07413,13,5,9525.7,5,5,3,Loyal Customers
C07414,169,3,10125.5,1,3,4,At Risk
C07415,46,5,14506.7,4,5,5,Champions
C07416,73,4,11138.6,3,4,4,Loyal Customers
C07417,40,2,8056.0,4,2,3,Potential Loyalists
C07418,247,2,2982.95,1,2,1,Hibernating
C07419,87,2,2451.5,3,2,1,Hibernating
C07420,24,2,14497.6,4,2,5,Potential Loyalists
C07421,22,3,7904.7,5,3,3,Loyal Customers
C07422,40,6,20569.95,4,5,5,Champions
C07423,80,3,7429.1,3,3,3,Loyal Customers
C07424,8,7,23802.6,5,5,5,Champions
C07426,111,2,6983.0,2,2,3,Hibernating
C07427,16,4,6316.5,5,4,2,Loyal Customers
C07428,59,2,5938.9,3,2,2,Hibernating
C07429,240,1,6945.0,1,1,3,Hibernating
C07430,198,3,15453.9,1,3,5,At Risk
C07431,214,3,11378.4,1,3,4,At Risk
C07432,175,3,13256.55,1,3,4,At Risk
C07433,15,6,27062.300000000003,5,5,5,Champions
C07434,94,4,9021.849999999999,3,4,3,Loyal Customers
C07435,27,4,12248.3,4,4,4,Champions
C07436,69,6,16362.600000000002,3,5,5,Loyal Customers
C07437,267,1,433.6,1,1,1,Hibernating
C07438,12,3,4830.6,5,3,2,Loyal Customers
C07439,211,4,8149.0,1,4,3,At Risk
C07440,123,2,2807.4,2,2,1,Hibernating
C07441,7,7,14095.4,5,5,4,Champions
C07442,93,4,4998.7,3,4,2,Loyal Customers
C07443,159,3,7823.7,2,3,3,At Risk
C07444,361,1,4619.85,1,1,2,Hibernating
C07445,80,6,14440.349999999999,3,5,5,Loyal Customers
C07446,23,2,5509.25,5,2,2,Potential Loyalists
C07447,30,6,12319.9,4,5,4,Champions
C07448,27,4,10159.2,4,4,4,Champions
C07449,74,3,8092.65,3,3,3,Loyal Customers
C07450,19,5,14627.75,5,5,5,Champions
C07451,180,2,7054.85,1,2,3,Hibernating
C07452,40,4,24831.15,4,4,5,Champions
C07453,28,4,6796.05,4,4,3,Loyal Customers
C07454,24,7,15704.0,4,5,5,Champions
C07455,17,6,13099.7,5,5,4,Champions
C07456,118,2,5326.9,2,2,2,Hibernating
C07457,91,4,9518.800000000001,3,4,3,Loyal Customers
C07458,16,4,8949.2,5,4,3,Loyal Customers
C07460,81,3,11215.2,3,3,4,Loyal Customers
C07461,256,2,2953.15,1,2,1,Hibernating
C07462,171,3,14777.849999999999,1,3,5,At Risk
C07463,41,3,4466.299999999999,4,3,2,Loyal Customers
C07464,3,2,5634.65,5,2,2,Potential Loyalists
C07465,76,1,2606.25,3,1,1,Hibernating
C07466,142,3,6765.95,2,3,2,At Risk
C07467,189,2,8743.0,1,2,3,Hibernating
C07468,84,3,8372.1,3,3,3,Loyal Customers
C07469,5,6,17010.7,5,5,5,Champions
C07470,131,4,7339.5,2,4,3,At Risk
C07471,348,1,2392.2,1,1,1,Hibernating
C07472,143,1,1554.0,2,1,1,Hibernating
C07473,29,3,12861.05,4,3,4,Loyal Customers
C07474,7,3,8194.2,5,3,3,Loyal Customers
C07475,104,4,7876.35,2,4,3,At Risk
C07476,33,3,6641.8,4,3,2,Loyal Customers
C07478,19,5,17157.25,5,5,5,Champions
C07479,49,3,15980.25,4,3,5,Loyal Customers
C07480,7,6,13724.099999999999,5,5,4,Champions
C07481,60,2,4470.0,3,2,2,Hibernating
C07482,47,3,16051.300000000003,4,3,5,Loyal Customers
C07483,42,6,11702.3,4,5,4,Champions
C07484,13,3,5817.7,5,3,2,Loyal Customers
C07485,40,3,9113.05,4,3,3,Loyal Customers
C07486,2,4,10645.1,5,4,4,Champions
C07487,86,1,1616.0,3,1,1,Hibernating
C07488,108,7,19396.0,2,5,5,At Risk
C07489,59,4,4953.6,3,4,2,Loyal Customers
C07490,23,3,4434.65,5,3,2,Loyal Customers
C07491,298,2,958.25,1,2,1,Hibernating
C07492,58,1,4082.4,3,1,2,Hibernating
C07493,9,3,4756.1,5,3,2,Loyal Customers
C07494,127,3,4601.8,2,3,2,At Risk
C07495,79,1,3163.5,3,1,1,Hibernating
C07496,23,9,21475.7,5,5,5,Champions
C07497,78,1,1094.0,3,1,1,Hibernating
C07498,19,3,3573.2,5,3,1,Loyal Customers
C07499,49,2,1663.25,4,2,1,Potential Loyalists
C07500,68,2,3106.05,3,2,1,Hibernating
C07501,34,3,12133.65,4,3,4,Loyal Customers
C07502,4,3,4663.1,5,3,2,Loyal Customers
C07503,30,7,8685.0,4,5,3,Loyal Customers
C07504,97,3,4562.8,2,3,2,At Risk
C07505,81,5,19223.3,3,5,5,Loyal Customers
C07506,207,3,7210.7,1,3,3,At Risk
C07507,83,3,9720.0,3,3,3,Loyal Customers
C07508,148,1,7134.0,2,1,3,Hibernating
C07509,103,3,16067.0,2,3,5,At Risk
C07510,137,5,16072.5,2,5,5,At Risk
C07511,48,5,25236.3,4,5,5,Champions
C07512,13,6,13176.95,5,5,4,Champions
C07513,37,4,6595.6,4,4,2,Loyal Customers
C07514,78,4,9453.5,3,4,3,Loyal Customers
C07515,140,5,19008.949999999997,2,5,5,At Risk
C07516,113,4,5898.8,2,4,2,At Risk
C07517,13,4,9406.75,5,4,3,Loyal Customers
C07518,4,3,7168.45,5,3,3,Loyal Customers
C07519,55,4,5631.45,3,4,2,Loyal Customers
C07520,71,6,18499.85,3,5,5,Loyal Customers
C07521,63,1,1267.35,3,1,1,Hibernating
C07522,135,1,2629.2,2,1,1,Hibernating
C07524,39,5,11838.4,4,5,4,Champions
C07525,135,3,4783.5,2,3,2,At Risk
C07526,109,2,4896.05,2,2,2,Hibernating
C07527,23,7,13764.949999999999,5,5,4,Champions
C07528,104,2,3671.2,2,2,1,Hibernating
C07529,21,3,9270.0,5,3,3,Loyal Customers
C07530,179,1,2215.1,1,1,1,Hibernating
C07531,91,2,2112.0,3,2,1,Hibernating
C07532,1,5,18306.4,5,5,5,Champions
C07533,133,7,17817.45,2,5,5,At Risk
C07534,338,1,995.35,1,1,1,Hibernating
C07535,91,2,3259.6000000000004,3,2,1,Hibernating
C07536,288,1,7585.2,1,1,3,Hibernating
C07537,52,7,29284.45,4,5,5,Champions
C07538,7,3,5072.5,5,3,2,Loyal Customers
C07539,16,4,12305.0,5,4,4,Champions
C07540,48,3,7261.4,4,3,3,Loyal Customers
C07541,93,3,10543.85,3,3,4,Loyal Customers
C07542,34,6,18895.8,4,5,5,Champions
C07543,111,5,11662.7,2,5,4,At Risk
C07544,62,4,8506.8,3,4,3,Loyal Customers
C07545,15,5,7575.05,5,5,3,Loyal Customers
C07546,133,6,12881.0,2,5,4,At Risk
C07547,39,4,8409.9,4,4,3,Loyal Customers
C07548,51,4,6746.9,4,4,2,Loyal Customers
C07549,144,3,5593.5,2,3,2,At Risk
C07550,22,5,9145.6,5,5,3,Loyal Customers
C07551,31,6,19954.7,4,5,5,Champions
C07552,231,3,9479.65,1,3,3,At Risk
C07553,77,1,1159.5,3,1,1,Hibernating
C07554,186,3,6248.700000000001,1,3,2,At Risk
C07555,141,3,4924.7,2,3,2,At Risk
C07556,133,2,1485.3,2,2,1,Hibernating
C07557,52,5,22485.1,4,5,5,Champions
C07558,115,4,32552.100000000002,2,4,5,At Risk
C07559,4,5,14584.5,5,5,5,Champions
C07560,128,4,5848.2,2,4,2,At Risk
C07561,250,4,13062.1,1,4,4,At Risk
C07562,185,2,4070.3999999999996,1,2,2,Hibernating
C07563,27,3,4213.8,4,3,2,Loyal Customers
C07564,8,4,12050.2,5,4,4,Champions
C07565,22,4,13191.7,5,4,4,Champions
C07566,6,2,3747.35,5,2,1,Potential Loyalists
C07568,141,6,8738.45,2,5,3,At Risk
C07569,24,3,8961.75,4,3,3,Loyal Customers
C07570,161,3,8595.25,1,3,3,At Risk
C07571,50,3,17295.3,4,3,5,Loyal Customers
C07572,85,3,16319.6,3,3,5,Loyal Customers
C07573,47,3,11107.9,4,3,4,Loyal Customers
C07574,305,2,3967.05,1,2,1,Hibernating
C07575,89,4,4737.849999999999,3,4,2,Loyal Customers
C07576,96,4,10371.7,2,4,4,At Risk
C07577,71,3,6428.200000000001,3,3,2,Loyal Customers
C07578,25,4,10298.45,4,4,4,Champions
C07579,162,1,3126.4,1,1,1,Hibernating
C07580,205,1,1084.2,1,1,1,Hibernating
C07581,6,4,7378.950000000001,5,4,3,Loyal Customers
C07582,107,2,8236.2,2,2,3,Hibernating
C07583,29,6,15109.449999999999,4,5,5,Champions
C07584,16,3,7215.900000000001,5,3,3,Loyal Customers
C07585,11,5,14015.05,5,5,4,Champions
C07586,334,1,1773.9,1,1,1,Hibernating
C07587,37,4,12629.75,4,4,4,Champions
C07588,26,3,6681.45,4,3,2,Loyal Customers
C07589,25,3,7557.65,4,3,3,Loyal Customers
C07590,47,5,10660.9,4,5,4,Champions
C07591,1,4,7550.45,5,4,3,Loyal Customers
C07592,68,3,10224.15,3,3,4,Loyal Customers
C07593,163,3,4763.15,1,3,2,At Risk
C07594,59,4,9727.7,3,4,3,Loyal Customers
C07595,117,3,5417.0,2,3,2,At Risk
C07596,11,3,6636.05,5,3,2,Loyal Customers
C07597,22,5,12416.95,5,5,4,Champions
C07598,10,9,27916.649999999998,5,5,5,Champions
C07599,31,3,6728.4,4,3,2,Loyal Customers
C07600,15,3,9734.0,5,3,3,Loyal Customers
C07601,35,4,8953.8,4,4,3,Loyal Customers
C07602,230,3,12002.2,1,3,4,At Risk
C07603,113,6,10327.949999999999,2,5,4,At Risk
C07604,15,3,22071.7,5,3,5,Loyal Customers
C07605,79,3,10665.4,3,3,4,Loyal Customers
C07606,6,3,4399.2,5,3,2,Loyal Customers
C07607,104,4,10988.1,2,4,4,At Risk
C07608,154,5,11351.8,2,5,4,At Risk
C07609,17,5,23653.25,5,5,5,Champions
C07610,224,4,21707.7,1,4,5,At Risk
C07611,106,4,14720.0,2,4,5,At Risk
C07612,65,5,17497.3,3,5,5,Loyal Customers
C07613,61,4,13479.099999999999,3,4,4,Loyal Customers
C07614,154,2,8703.6,2,2,3,Hibernating
C07615,124,2,3595.75,2,2,1,Hibernating
C07616,19,4,6105.5,5,4,2,Loyal Customers
C07617,242,1,3131.1,1,1,1,Hibernating
C07618,102,5,15170.55,2,5,5,At Risk
C07619,12,2,855.5,5,2,1,Potential Loyalists
C07620,89,3,3332.3500000000004,3,3,1,Loyal Customers
C07621,60,3,9640.3,3,3,3,Loyal Customers
C07622,76,2,5427.9,3,2,2,Hibernating
C07623,73,9,32332.350000000002,3,5,5,Loyal Customers
C07624,51,5,15207.650000000001,4,5,5,Champions
C07625,167,2,3733.1,1,2,1,Hibernating
C07626,45,3,5718.6,4,3,2,Loyal Customers
C07627,129,3,5834.85,2,3,2,At Risk
C07628,161,4,6664.85,1,4,2,At Risk
C07629,281,2,2258.8,1,2,1,Hibernating
C07630,129,2,3122.5,2,2,1,Hibernating
C07631,39,5,13627.900000000001,4,5,4,Champions
C07632,26,4,13768.2,4,4,4,Champions
C07633,50,3,8961.45,4,3,3,Loyal Customers
C07634,46,4,9095.3,4,4,3,Loyal Customers
C07635,22,3,11223.2,5,3,4,Loyal Customers
C07636,8,4,7045.7,5,4,3,Loyal Customers
C07637,70,4,10599.0,3,4,4,Loyal Customers
C07639,10,4,19660.6,5,4,5,Champions
C07640,94,7,17657.7,3,5,5,Loyal Customers
C07641,1,3,10652.75,5,3,4,Loyal Customers
C07642,130,3,5923.25,2,3,2,At Risk
C07643,102,4,5304.8,2,4,2,At Risk
C07644,42,7,16332.85,4,5,5,Champions
C07645,15,3,8487.1,5,3,3,Loyal Customers
C07646,56,1,1944.75,3,1,1,Hibernating
C07647,88,4,6655.7,3,4,2,Loyal Customers
C07648,16,4,6319.85,5,4,2,Loyal Customers
C07649,183,2,2740.05,1,2,1,Hibernating
C07650,92,3,5947.7,3,3,2,Loyal Customers
C07651,31,9,24036.7,4,5,5,Champions
C07652,235,2,1936.5,1,2,1,Hibernating
C07653,360,2,1252.2,1,2,1,Hibernating
C07654,78,2,5462.549999999999,3,2,2,Hibernating
C07655,36,3,7851.8,4,3,3,Loyal Customers
C07656,185,2,3251.25,1,2,1,Hibernating
C07657,116,6,20314.8,2,5,5,At Risk
C07658,3,3,9237.1,5,3,3,Loyal Customers
C07659,46,2,1731.5,4,2,1,Potential Loyalists
C07660,68,3,7900.0,3,3,3,Loyal Customers
C07661,61,4,7348.9,3,4,3,Loyal Customers
C07662,41,4,6091.35,4,4,2,Loyal Customers
C07663,192,3,6110.200000000001,1,3,2,At Risk
C07664,39,3,6152.049999999999,4,3,2,Loyal Customers
C07665,31,4,10286.65,4,4,4,Champions
C07666,36,3,7960.450000000001,4,3,3,Loyal Customers
C07668,46,3,4152.15,4,3,2,Loyal Customers
C07669,86,5,14189.150000000001,3,5,4,Loyal Customers
C07670,106,3,4646.5,2,3,2,At Risk
C07671,277,3,11251.8,1,3,4,At Risk
C07672,16,2,6014.45,5,2,2,Potential Loyalists
C07673,84,6,22533.4,3,5,5,Loyal Customers
C07674,57,4,4289.6,3,4,2,Loyal Customers
C07675,55,1,1206.75,3,1,1,Hibernating
C07676,220,4,9411.65,1,4,3,At Risk
C07677,248,2,1037.6,1,2,1,Hibernating
C07678,5,6,13349.3,5,5,4,Champions
C07679,8,2,6263.2,5,2,2,Potential Loyalists
C07680,167,1,1329.3,1,1,1,Hibernating
C07681,30,2,4641.15,4,2,2,Potential Loyalists
C07682,23,2,6717.599999999999,5,2,2,Potential Loyalists
C07683,149,3,7453.6,2,3,3,At Risk
C07684,143,5,13496.15,2,5,4,At Risk
C07685,7,6,28180.1,5,5,5,Champions
C07686,9,2,595.3,5,2,1,Potential Loyalists
C07687,27,6,19112.2,4,5,5,Champions
C07688,62,8,24709.9,3,5,5,Loyal Customers
C07689,35,7,11791.0,4,5,4,Champions
C07690,43,5,9145.25,4,5,3,Loyal Customers
C07691,243,1,1674.75,1,1,1,Hibernating
C07692,261,4,9491.35,1,4,3,At Risk
C07693,42,3,3329.6,4,3,1,Loyal Customers
C07694,22,6,13155.9,5,5,4,Champions
C07695,251,2,7220.55,1,2,3,Hibernating
C07696,128,3,4626.0,2,3,2,At Risk
C07697,7,3,3857.2,5,3,1,Loyal Customers
C07698,174,3,17725.2,1,3,5,At Risk
C07699,52,5,12331.7,4,5,4,Champions
C07700,236,1,1596.7,1,1,1,Hibernating
C07701,175,2,2646.05,1,2,1,Hibernating
C07702,166,1,13904.0,1,1,4,Hibernating
C07703,26,2,4069.35,4,2,2,Potential Loyalists
C07704,17,3,8385.15,5,3,3,Loyal Customers
C07705,60,4,14270.1,3,4,4,Loyal Customers
C07706,5,6,20068.15,5,5,5,Champions
C07707,72,3,5963.4,3,3,2,Loyal Customers
C07708,54,2,11716.2,3,2,4,Hibernating
C07709,164,1,443.6,1,1,1,Hibernating
C07710,17,2,5045.6,5,2,2,Potential Loyalists
C07711,89,6,9340.15,3,5,3,Loyal Customers
C07712,92,1,1360.8,3,1,1,Hibernating
C07713,20,3,2664.7,5,3,1,Loyal Customers
C07714,37,5,15054.4,4,5,5,Champions
C07715,171,6,14891.9,1,5,5,At Risk
C07716,34,1,1847.5,4,1,1,Potential Loyalists
C07718,100,2,2734.2,2,2,1,Hibernating
C07719,4,5,7360.200000000001,5,5,3,Loyal Customers
C07720,51,3,8493.9,4,3,3,Loyal Customers
C07722,133,2,10388.8,2,2,4,Hibernating
C07723,144,3,3887.2,2,3,1,At Risk
C07724,23,6,16080.0,5,5,5,Champions
C07725,145,1,1067.25,2,1,1,Hibernating
C07726,69,2,13332.9,3,2,4,Hibernating
C07727,127,3,14876.7,2,3,5,At Risk
C07728,77,5,11360.25,3,5,4,Loyal Customers
C07729,157,5,13579.0,2,5,4,At Risk
C07731,54,6,19165.8,3,5,5,Loyal Customers
C07732,269,1,3501.6,1,1,1,Hibernating
C07733,49,2,3088.2,4,2,1,Potential Loyalists
C07734,29,7,21166.8,4,5,5,Champions
C07735,168,3,10920.900000000001,1,3,4,At Risk
C07736,175,3,7301.1,1,3,3,At Risk
C07737,18,6,18033.5,5,5,5,Champions
C07738,108,4,15883.65,2,4,5,At Risk
C07739,131,2,9085.35,2,2,3,Hibernating
C07740,10,3,21908.7,5,3,5,Loyal Customers
C07741,178,2,3991.5,1,2,1,Hibernating
C07742,92,2,8222.4,3,2,3,Hibernating
C07743,20,5,8540.65,5,5,3,Loyal Customers
C07744,105,1,1771.0,2,1,1,Hibernating
C07745,282,1,189.2,1,1,1,Hibernating
C07746,38,4,9979.2,4,4,4,Champions
C07747,43,4,9165.0,4,4,3,Loyal Customers
C07748,55,3,5321.55,3,3,2,Loyal Customers
C07749,117,4,13554.8,2,4,4,At Risk
C07750,45,2,7837.2,4,2,3,Potential Loyalists
C07752,30,7,24720.9,4,5,5,Champions
C07753,3,3,15215.8,5,3,5,Loyal Customers
C07754,126,5,25555.25,2,5,5,At Risk
C07755,197,4,15063.249999999998,1,4,5,At Risk
C07756,203,3,4695.3,1,3,2,At Risk
C07757,16,4,9121.15,5,4,3,Loyal Customers
C07758,72,3,4291.55,3,3,2,Loyal Customers
C07759,29,2,3340.0,4,2,1,Potential Loyalists
C07760,90,3,11903.7,3,3,4,Loyal Customers
C07761,120,3,8460.1,2,3,3,At Risk
C07762,189,3,7020.299999999999,1,3,3,At Risk
C07763,23,4,12807.15,5,4,4,Champions
C07764,25,3,14404.8,4,3,5,Loyal Customers
C07765,100,4,8456.55,2,4,3,At Risk
C07766,113,2,6911.5,2,2,3,Hibernating
C07767,144,3,6468.450000000001,2,3,2,At Risk
C07768,134,2,4536.2,2,2,2,Hibernating
C07769,27,2,5784.85,4,2,2,Potential Loyalists
C07770,36,4,9168.9,4,4,3,Loyal Customers
C07771,127,3,3624.8,2,3,1,At Risk
C07772,94,3,6872.400000000001,3,3,3,Loyal Customers
C07773,66,5,14950.75,3,5,5,Loyal Customers
C07774,97,8,22375.75,2,5,5,At Risk
C07775,75,4,13999.05,3,4,4,Loyal Customers
C07776,6,5,9410.95,5,5,3,Loyal Customers
C07777,40,3,4425.7,4,3,2,Loyal Customers
C07778,74,3,6784.05,3,3,3,Loyal Customers
C07779,90,5,8604.8,3,5,3,Loyal Customers
C07780,220,3,9161.7,1,3,3,At Risk
C07781,68,2,16105.5,3,2,5,Hibernating
C07782,5,4,7160.9,5,4,3,Loyal Customers
C07783,5,6,13121.7,5,5,4,Champions
C07784,157,5,15327.1,2,5,5,At Risk
C07787,39,2,1354.5,4,2,1,Potential Loyalists
C07788,7,3,4763.4,5,3,2,Loyal Customers
C07789,19,3,6576.9,5,3,2,Loyal Customers
C07790,16,5,10400.6,5,5,4,Champions
C07791,71,4,13575.9,3,4,4,Loyal Customers
C07792,90,5,17496.5,3,5,5,Loyal Customers
C07793,134,2,2134.0,2,2,1,Hibernating
C07794,22,7,20480.05,5,5,5,Champions
C07795,17,4,6760.6,5,4,2,Loyal Customers
C07796,31,3,16398.6,4,3,5,Loyal Customers
C07797,157,4,11854.75,2,4,4,At Risk
C07799,63,1,2881.45,3,1,1,Hibernating
C07800,122,6,9946.95,2,5,4,At Risk
C07801,71,6,11043.05,3,5,4,Loyal Customers
C07802,37,4,7192.5,4,4,3,Loyal Customers
C07803,50,2,3504.8999999999996,4,2,1,Potential Loyalists
C07804,197,1,3337.6,1,1,1,Hibernating
C07805,95,6,10332.65,2,5,4,At Risk
C07806,28,8,10241.0,4,5,4,Champions
C07807,23,2,9883.0,5,2,4,Potential Loyalists
C07808,157,2,2395.1,2,2,1,Hibernating
C07809,4,3,7805.6,5,3,3,Loyal Customers
C07810,29,1,8124.4,4,1,3,Potential Loyalists
C07811,12,4,6007.35,5,4,2,Loyal Customers
C07812,152,3,5511.2,2,3,2,At Risk
C07813,7,4,15135.050000000001,5,4,5,Champions
C07814,135,5,11970.6,2,5,4,At Risk
C07815,85,5,11484.0,3,5,4,Loyal Customers
C07816,17,6,20720.7,5,5,5,Champions
C07817,22,5,13812.5,5,5,4,Champions
C07818,299,2,4494.8,1,2,2,Hibernating
C07819,118,4,7369.4,2,4,3,At Risk
C07820,62,3,10762.85,3,3,4,Loyal Customers
C07821,99,3,4389.849999999999,2,3,2,At Risk
C07822,52,8,30944.35,4,5,5,Champions
C07823,93,4,9845.949999999999,3,4,4,Loyal Customers
C07824,297,1,1556.1000000000001,1,1,1,Hibernating
C07825,65,2,3989.1,3,2,1,Hibernating
C07826,41,3,9310.050000000001,4,3,3,Loyal Customers
C07827,15,3,10124.6,5,3,4,Loyal Customers
C07828,137,1,1610.5,2,1,1,Hibernating
C07829,54,5,10836.1,3,5,4,Loyal Customers
C07830,83,3,7881.1,3,3,3,Loyal Customers
C07831,15,5,9127.85,5,5,3,Loyal Customers
C07832,29,8,15614.1,4,5,5,Champions
C07833,17,3,9495.95,5,3,3,Loyal Customers
C07834,121,2,5003.8,2,2,2,Hibernating
C07835,71,4,7661.45,3,4,3,Loyal Customers
C07836,62,5,14751.25,3,5,5,Loyal Customers
C07837,140,5,22050.85,2,5,5,At Risk
C07838,69,4,11722.15,3,4,4,Loyal Customers
C07839,44,3,2023.65,4,3,1,Loyal Customers
C07840,24,8,17219.05,4,5,5,Champions
C07841,189,1,3210.4,1,1,1,Hibernating
C07842,15,4,7328.3,5,4,3,Loyal Customers
C07843,25,6,17159.25,4,5,5,Champions
C07844,61,2,5147.4,3,2,2,Hibernating
C07846,117,4,11791.75,2,4,4,At Risk
C07847,224,2,5635.7,1,2,2,Hibernating
C07848,39,3,6758.8,4,3,2,Loyal Customers
C07849,229,2,5695.9,1,2,2,Hibernating
C07850,39,4,10310.7,4,4,4,Champions
C07851,165,1,2669.1,1,1,1,Hibernating
C07852,23,6,9181.8,5,5,3,Loyal Customers
C07853,14,4,7123.0,5,4,3,Loyal Customers
C07854,18,3,5976.65,5,3,2,Loyal Customers
C07855,109,3,3976.25,2,3,1,At Risk
C07856,96,1,1643.4,2,1,1,Hibernating
C07857,54,3,5348.450000000001,3,3,2,Loyal Customers
C07858,86,2,14624.099999999999,3,2,5,Hibernating
C07859,110,4,9974.3,2,4,4,At Risk
C07860,44,6,6547.3,4,5,2,Loyal Customers
C07861,71,6,15355.25,3,5,5,Loyal Customers
C07862,39,4,12202.55,4,4,4,Champions
C07863,74,3,8311.15,3,3,3,Loyal Customers
C07864,79,1,2562.4,3,1,1,Hibernating
C07865,98,3,5219.5,2,3,2,At Risk
C07866,211,2,6733.299999999999,1,2,2,Hibernating
C07867,16,2,6692.1,5,2,2,Potential Loyalists
C07868,142,4,7338.900000000001,2,4,3,At Risk
C07869,3,4,10094.800000000001,5,4,4,Champions
C07870,153,2,1959.8500000000001,2,2,1,Hibernating
C07871,107,6,19483.15,2,5,5,At Risk
C07872,15,4,8322.65,5,4,3,Loyal Customers
C07873,24,5,12189.55,4,5,4,Champions
C07874,4,7,18665.0,5,5,5,Champions
C07875,182,2,5231.2,1,2,2,Hibernating
C07876,98,4,11643.8,2,4,4,At Risk
C07877,93,8,20270.1,3,5,5,Loyal Customers
C07878,7,5,22621.5,5,5,5,Champions
C07879,55,3,6205.95,3,3,2,Loyal Customers
C07880,71,5,10206.5,3,5,4,Loyal Customers
C07881,154,3,6517.7,2,3,2,At Risk
C07882,82,4,8996.05,3,4,3,Loyal Customers
C07884,162,3,5847.45,1,3,2,At Risk
C07885,19,3,6030.95,5,3,2,Loyal Customers
C07886,39,5,21606.3,4,5,5,Champions
C07887,342,1,3760.4,1,1,1,Hibernating
C07888,326,2,15602.2,1,2,5,Hibernating
C07889,133,2,6598.1,2,2,2,Hibernating
C07890,64,4,5257.4,3,4,2,Loyal Customers
C07891,208,1,2156.0,1,1,1,Hibernating
C07892,63,3,10596.45,3,3,4,Loyal Customers
C07893,31,3,2825.2,4,3,1,Loyal Customers
C07894,8,7,10379.15,5,5,4,Champions
C07895,196,1,1786.5,1,1,1,Hibernating
C07896,204,3,8652.5,1,3,3,At Risk
C07897,28,5,4619.55,4,5,2,Loyal Customers
C07898,50,4,10824.7,4,4,4,Champions
C07899,5,4,14278.5,5,4,5,Champions
C07900,1,6,10933.849999999999,5,5,4,Champions
C07902,61,4,9503.15,3,4,3,Loyal Customers
C07903,4,3,7114.2,5,3,3,Loyal Customers
C07904,94,3,13380.300000000001,3,3,4,Loyal Customers
C07905,115,2,14591.7,2,2,5,Hibernating
C07906,42,7,14780.400000000001,4,5,5,Champions
C07907,44,6,12538.35,4,5,4,Champions
C07908,220,2,5623.55,1,2,2,Hibernating
C07909,153,1,3104.0,2,1,1,Hibernating
C07910,59,3,3560.95,3,3,1,Loyal Customers
C07911,245,3,8979.75,1,3,3,At Risk
C07912,149,2,8133.0,2,2,3,Hibernating
C07913,108,3,4037.45,2,3,2,At Risk
C07914,260,4,21974.8,1,4,5,At Risk
C07915,137,3,8930.95,2,3,3,At Risk
C07916,38,9,29414.45,4,5,5,Champions
C07917,231,2,590.1,1,2,1,Hibernating
C07918,72,4,10886.7,3,4,4,Loyal Customers
C07919,26,2,2356.8,4,2,1,Potential Loyalists
C07920,73,4,10641.3,3,4,4,Loyal Customers
C07921,13,10,20256.85,5,5,5,Champions
C07922,135,4,4581.6,2,4,2,At Risk
C07923,3,4,14745.300000000001,5,4,5,Champions
C07924,18,4,22602.4,5,4,5,Champions
C07925,65,4,9004.9,3,4,3,Loyal Customers
C07926,16,6,14238.6,5,5,4,Champions
C07927,24,6,14728.5,4,5,5,Champions
C07928,172,3,6273.05,1,3,2,At Risk
C07929,127,5,17778.95,2,5,5,At Risk
C07930,29,8,36857.15,4,5,5,Champions
C07931,82,4,9838.35,3,4,3,Loyal Customers
C07932,53,5,17120.65,4,5,5,Champions
C07933,31,4,15627.55,4,4,5,Champions
C07934,112,3,6731.1,2,3,2,At Risk
C07935,246,4,7615.6,1,4,3,At Risk
C07936,4,6,14976.4,5,5,5,Champions
C07937,39,1,306.15,4,1,1,Potential Loyalists
C07938,48,5,14713.45,4,5,5,Champions
C07939,78,2,1361.9,3,2,1,Hibernating
C07940,136,7,21158.35,2,5,5,At Risk
C07941,11,5,15221.85,5,5,5,Champions
C07942,14,3,6290.1,5,3,2,Loyal Customers
C07943,75,3,11542.2,3,3,4,Loyal Customers
C07944,60,4,7453.35,3,4,3,Loyal Customers
C07945,41,2,2330.2,4,2,1,Potential Loyalists
C07946,325,1,2251.2,1,1,1,Hibernating
C07947,35,7,31782.5,4,5,5,Champions
C07948,142,2,5274.85,2,2,2,Hibernating
C07949,229,1,840.0,1,1,1,Hibernating
C07950,195,1,701.4,1,1,1,Hibernating
C07951,62,4,9042.7,3,4,3,Loyal Customers
C07952,73,2,12971.400000000001,3,2,4,Hibernating
C07953,74,3,10271.2,3,3,4,Loyal Customers
C07954,41,4,11611.099999999999,4,4,4,Champions
C07955,16,3,13218.35,5,3,4,Loyal Customers
C07956,3,5,10669.65,5,5,4,Champions
C07957,7,2,9845.900000000001,5,2,4,Potential Loyalists
C07958,5,6,10628.8,5,5,4,Champions
C07959,213,3,7811.5,1,3,3,At Risk
C07960,8,3,18069.3,5,3,5,Loyal Customers
C07961,83,5,8302.15,3,5,3,Loyal Customers
C07962,226,4,7450.0,1,4,3,At Risk
C07963,119,5,14972.35,2,5,5,At Risk
C07965,218,1,2849.0,1,1,1,Hibernating
C07966,34,6,13330.3,4,5,4,Champions
C07967,36,4,15330.7,4,4,5,Champions
C07968,11,2,4934.6,5,2,2,Potential Loyalists
C07969,56,3,25250.65,3,3,5,Loyal Customers
C07970,111,4,17485.8,2,4,5,At Risk
C07971,8,7,18314.9,5,5,5,Champions
C07972,30,5,19317.85,4,5,5,Champions
C07973,13,7,24186.95,5,5,5,Champions
C07974,70,2,3770.0,3,2,1,Hibernating
C07975,60,2,4914.9,3,2,2,Hibernating
C07976,151,3,9767.1,2,3,3,At Risk
C07977,32,3,12302.25,4,3,4,Loyal Customers
C07978,98,6,18101.5,2,5,5,At Risk
C07979,86,4,8477.2,3,4,3,Loyal Customers
C07980,150,1,527.85,2,1,1,Hibernating
C07982,117,4,10502.6,2,4,4,At Risk
C07983,29,7,28922.199999999997,4,5,5,Champions
C07984,191,1,3239.2,1,1,1,Hibernating
C07985,188,1,1330.4,1,1,1,Hibernating
C07986,300,1,442.85,1,1,1,Hibernating
C07987,48,5,9785.2,4,5,3,Loyal Customers
C07988,61,6,16712.75,3,5,5,Loyal Customers
C07989,72,4,6490.049999999999,3,4,2,Loyal Customers
C07990,96,5,13924.95,2,5,4,At Risk
C07991,175,5,6626.85,1,5,2,At Risk
C07992,354,1,1368.5,1,1,1,Hibernating
C07993,47,2,4798.25,4,2,2,Potential Loyalists
C07994,117,3,4030.3,2,3,2,At Risk
C07995,2,5,16254.85,5,5,5,Champions
C07996,133,5,5619.45,2,5,2,At Risk
C07997,56,5,17268.100000000002,3,5,5,Loyal Customers
C07998,186,4,15295.3,1,4,5,At Risk
C07999,38,5,15175.5,4,5,5,Champions
C08000,64,2,6290.4,3,2,2,Hibernating
C08001,79,6,9577.85,3,5,3,Loyal Customers
C08003,41,3,4828.45,4,3,2,Loyal Customers
C08004,1,7,19865.55,5,5,5,Champions
C08005,19,4,6871.15,5,4,3,Loyal Customers
C08006,80,2,4272.1,3,2,2,Hibernating
C08007,229,1,2776.1,1,1,1,Hibernating
C08008,176,2,3670.3,1,2,1,Hibernating
C08009,319,1,7440.0,1,1,3,Hibernating
C08010,147,4,12367.1,2,4,4,At Risk
C08011,94,2,7581.5,3,2,3,Hibernating
C08012,141,3,7186.3,2,3,3,At Risk
C08013,42,3,5411.25,4,3,2,Loyal Customers
C08015,156,3,9040.3,2,3,3,At Risk
C08016,127,5,4906.6,2,5,2,At Risk
C08017,7,5,19756.7,5,5,5,Champions
C08018,239,1,2115.0,1,1,1,Hibernating
C08019,126,5,15141.7,2,5,5,At Risk
C08020,14,3,4237.45,5,3,2,Loyal Customers
C08021,84,4,13887.85,3,4,4,Loyal Customers
C08022,57,1,2332.8,3,1,1,Hibernating
C08023,86,6,10036.0,3,5,4,Loyal Customers
C08024,55,4,9520.5,3,4,3,Loyal Customers
C08025,34,4,7225.0,4,4,3,Loyal Customers
C08026,49,4,5853.8,4,4,2,Loyal Customers
C08027,178,1,3284.0,1,1,1,Hibernating
C08028,354,1,2646.7,1,1,1,Hibernating
C08029,221,3,8129.599999999999,1,3,3,At Risk
C08031,43,3,7035.099999999999,4,3,3,Loyal Customers
C08032,93,4,14950.600000000002,3,4,5,Loyal Customers
C08033,100,5,17856.35,2,5,5,At Risk
C08034,176,2,1527.8,1,2,1,Hibernating
C08035,21,6,15795.75,5,5,5,Champions
C08036,65,5,19051.9,3,5,5,Loyal Customers
C08037,360,1,1719.5,1,1,1,Hibernating
C08039,200,4,13611.75,1,4,4,At Risk
C08040,17,2,6081.0,5,2,2,Potential Loyalists
C08041,173,4,5140.2,1,4,2,At Risk
C08042,44,4,9579.9,4,4,3,Loyal Customers
C08043,7,4,13343.55,5,4,4,Champions
C08044,92,2,2408.55,3,2,1,Hibernating
C08045,38,3,9283.4,4,3,3,Loyal Customers
C08046,98,4,18718.3,2,4,5,At Risk
C08047,137,4,13770.8,2,4,4,At Risk
C08048,80,5,6234.5,3,5,2,Loyal Customers
C08049,85,3,8463.6,3,3,3,Loyal Customers
C08050,105,3,8839.349999999999,2,3,3,At Risk
C08051,142,1,2972.7,2,1,1,Hibernating
C08052,100,5,10872.65,2,5,4,At Risk
C08053,190,1,4259.7,1,1,2,Hibernating
C08054,12,6,13515.25,5,5,4,Champions
C08055,99,5,7351.950000000001,2,5,3,At Risk
C08056,232,1,1107.0,1,1,1,Hibernating
C08057,37,8,18461.7,4,5,5,Champions
C08058,117,3,9201.2,2,3,3,At Risk
C08059,150,3,3200.45,2,3,1,At Risk
C08060,72,2,2002.9,3,2,1,Hibernating
C08061,137,7,24711.9,2,5,5,At Risk
C08062,108,4,10526.0,2,4,4,At Risk
C08063,90,6,18046.05,3,5,5,Loyal Customers
C08064,64,2,8694.4,3,2,3,Hibernating
C08065,278,1,169.0,1,1,1,Hibernating
C08066,96,4,6815.7,2,4,3,At Risk
C08067,138,3,11049.65,2,3,4,At Risk
C08068,50,3,5889.65,4,3,2,Loyal Customers
C08069,333,1,4413.0,1,1,2,Hibernating
C08070,142,1,2614.0,2,1,1,Hibernating
C08071,95,2,2096.6,2,2,1,Hibernating
C08072,179,2,8607.75,1,2,3,Hibernating
C08073,44,1,1284.0,4,1,1,Potential Loyalists
C08074,1,5,4822.0,5,5,2,Loyal Customers
C08075,57,2,2874.65,3,2,1,Hibernating
C08076,20,7,17619.35,5,5,5,Champions
C08078,11,3,10023.8,5,3,4,Loyal Customers
C08079,85,4,18873.3,3,4,5,Loyal Customers
C08080,246,3,5723.0,1,3,2,At Risk
C08081,198,3,9661.1,1,3,3,At Risk
C08082,9,8,38770.05,5,5,5,Champions
C08083,73,4,6597.15,3,4,2,Loyal Customers
C08084,38,3,11310.8,4,3,4,Loyal Customers
C08085,45,5,13085.95,4,5,4,Champions
C08086,26,5,10236.4,4,5,4,Champions
C08087,155,2,5563.65,2,2,2,Hibernating
C08088,250,3,5653.1,1,3,2,At Risk
C08089,73,7,12313.25,3,5,4,Loyal Customers
C08090,67,5,9313.0,3,5,3,Loyal Customers
C08091,243,3,3485.7,1,3,1,At Risk
C08092,223,2,4130.45,1,2,2,Hibernating
C08093,140,3,6037.2,2,3,2,At Risk
C08094,140,5,12027.0,2,5,4,At Risk
C08095,187,1,3050.45,1,1,1,Hibernating
C08096,116,4,11184.3,2,4,4,At Risk
C08097,172,1,1800.0,1,1,1,Hibernating
C08098,79,4,9909.3,3,4,4,Loyal Customers
C08099,46,10,17735.5,4,5,5,Champions
C08100,103,5,8060.9,2,5,3,At Risk
C08101,155,5,18596.8,2,5,5,At Risk
C08102,147,1,2018.4,2,1,1,Hibernating
C08103,6,4,9831.95,5,4,3,Loyal Customers
C08104,183,2,6987.4,1,2,3,Hibernating
C08105,16,3,6593.6,5,3,2,Loyal Customers
C08106,20,1,1200.6,5,1,1,Potential Loyalists
C08107,10,4,7113.5,5,4,3,Loyal Customers
C08108,6,5,8021.45,5,5,3,Loyal Customers
C08109,23,8,21763.55,5,5,5,Champions
C08110,106,6,25281.2,2,5,5,At Risk
C08111,54,6,12083.6,3,5,4,Loyal Customers
C08112,66,3,7858.15,3,3,3,Loyal Customers
C08113,108,5,22684.2,2,5,5,At Risk
C08114,181,1,5683.1,1,1,2,Hibernating
C08115,102,3,7284.75,2,3,3,At Risk
C08116,124,2,7094.4,2,2,3,Hibernating
C08117,28,1,1313.0,4,1,1,Potential Loyalists
C08118,126,5,11630.5,2,5,4,At Risk
C08119,88,2,3050.4,3,2,1,Hibernating
C08120,181,1,9372.0,1,1,3,Hibernating
C08121,12,2,2161.0,5,2,1,Potential Loyalists
C08122,110,2,5370.2,2,2,2,Hibernating
C08123,41,7,27474.2,4,5,5,Champions
C08124,4,3,6055.8,5,3,2,Loyal Customers
C08125,348,1,10473.75,1,1,4,Hibernating
C08126,8,5,7215.8,5,5,3,Loyal Customers
C08127,37,3,9068.65,4,3,3,Loyal Customers
C08128,19,2,6119.7,5,2,2,Potential Loyalists
C08129,170,3,14795.9,1,3,5,At Risk
C08130,34,6,12819.9,4,5,4,Champions
C08131,35,4,12997.2,4,4,4,Champions
C08132,293,2,11404.8,1,2,4,Hibernating
C08133,279,1,3352.8,1,1,1,Hibernating
C08134,14,4,13212.2,5,4,4,Champions
C08135,126,4,5670.65,2,4,2,At Risk
C08136,161,5,11085.85,1,5,4,At Risk
C08137,100,2,6078.4,2,2,2,Hibernating
C08138,4,1,2631.75,5,1,1,Potential Loyalists
C08139,31,3,6648.2,4,3,2,Loyal Customers
C08140,62,3,7457.1,3,3,3,Loyal Customers
C08141,23,5,18774.45,5,5,5,Champions
C08143,26,4,12355.8,4,4,4,Champions
C08144,154,3,5772.700000000001,2,3,2,At Risk
C08145,135,4,5952.2,2,4,2,At Risk
C08146,111,6,12088.1,2,5,4,At Risk
C08147,1,4,9195.75,5,4,3,Loyal Customers
C08148,49,2,3970.3999999999996,4,2,1,Potential Loyalists
C08149,272,1,2668.4,1,1,1,Hibernating
C08150,325,2,5950.5,1,2,2,Hibernating
C08151,96,4,11099.0,2,4,4,At Risk
C08152,76,2,9647.3,3,2,3,Hibernating
C08153,41,2,1295.4,4,2,1,Potential Loyalists
C08154,5,3,5014.6,5,3,2,Loyal Customers
C08155,32,4,12939.1,4,4,4,Champions
C08156,82,8,19217.55,3,5,5,Loyal Customers
C08157,109,3,5569.35,2,3,2,At Risk
C08158,27,5,15093.6,4,5,5,Champions
C08159,71,5,9204.8,3,5,3,Loyal Customers
C08160,29,2,7583.25,4,2,3,Potential Loyalists
C08161,221,5,13392.05,1,5,4,At Risk
C08162,93,4,10242.3,3,4,4,Loyal Customers
C08163,11,4,7082.2,5,4,3,Loyal Customers
C08164,139,1,3153.5,2,1,1,Hibernating
C08165,161,1,5592.15,1,1,2,Hibernating
C08166,62,3,15012.15,3,3,5,Loyal Customers
C08167,3,4,7109.45,5,4,3,Loyal Customers
C08168,3,3,2434.9,5,3,1,Loyal Customers
C08169,317,1,2560.5,1,1,1,Hibernating
C08170,28,4,11622.75,4,4,4,Champions
C08171,296,2,7093.45,1,2,3,Hibernating
C08172,53,8,12860.2,4,5,4,Champions
C08173,89,7,20424.75,3,5,5,Loyal Customers
C08174,216,2,5122.6,1,2,2,Hibernating
C08175,188,5,12682.55,1,5,4,At Risk
C08176,164,4,5282.5,1,4,2,At Risk
C08177,97,2,3309.85,2,2,1,Hibernating
C08178,234,4,10949.5,1,4,4,At Risk
C08179,4,2,8559.55,5,2,3,Potential Loyalists
C08180,106,1,8578.8,2,1,3,Hibernating
C08181,91,4,10823.6,3,4,4,Loyal Customers
C08182,53,4,8190.0,4,4,3,Loyal Customers
C08183,89,3,13186.75,3,3,4,Loyal Customers
C08184,79,4,6740.55,3,4,2,Loyal Customers
C08185,286,1,953.4,1,1,1,Hibernating
C08186,51,5,16075.0,4,5,5,Champions
C08187,41,2,14403.3,4,2,5,Potential Loyalists
C08188,18,5,20817.35,5,5,5,Champions
C08189,105,5,16871.25,2,5,5,At Risk
C08190,119,2,3175.8,2,2,1,Hibernating
C08191,118,5,14918.1,2,5,5,At Risk
C08192,316,2,4483.85,1,2,2,Hibernating
C08193,170,2,5830.7,1,2,2,Hibernating
C08194,66,4,15328.9,3,4,5,Loyal Customers
C08195,36,1,2404.5,4,1,1,Potential Loyalists
C08196,120,3,11191.8,2,3,4,At Risk
C08197,22,6,13535.85,5,5,4,Champions
C08198,343,1,6525.599999999999,1,1,2,Hibernating
C08199,28,3,4494.25,4,3,2,Loyal Customers
C08200,91,5,12345.849999999999,3,5,4,Loyal Customers
C08201,112,4,10898.7,2,4,4,At Risk
C08202,55,2,2299.2,3,2,1,Hibernating
C08203,72,5,7436.650000000001,3,5,3,Loyal Customers
C08204,50,4,10446.4,4,4,4,Champions
C08205,108,2,3486.6000000000004,2,2,1,Hibernating
C08206,2,7,36023.85,5,5,5,Champions
C08207,57,3,7385.35,3,3,3,Loyal Customers
C08208,28,4,17319.949999999997,4,4,5,Champions
C08209,180,4,8897.85,1,4,3,At Risk
C08210,45,4,12054.55,4,4,4,Champions
C08211,37,5,13037.3,4,5,4,Champions
C08212,72,2,4237.1,3,2,2,Hibernating
C08213,25,1,1643.6,4,1,1,Potential Loyalists
C08214,70,1,2141.6,3,1,1,Hibernating
C08215,138,3,14063.699999999999,2,3,4,At Risk
C08216,46,2,16918.4,4,2,5,Potential Loyalists
C08217,1,3,11549.750000000002,5,3,4,Loyal Customers
C08218,14,4,9899.899999999998,5,4,4,Champions
C08219,24,1,1511.0,4,1,1,Potential Loyalists
C08220,9,1,2268.8,5,1,1,Potential Loyalists
C08221,73,3,6903.9,3,3,3,Loyal Customers
C08222,235,1,623.0,1,1,1,Hibernating
C08223,11,4,4618.7,5,4,2,Loyal Customers
C08224,55,4,15906.3,3,4,5,Loyal Customers
C08225,35,7,31762.05,4,5,5,Champions
C08226,29,5,13230.6,4,5,4,Champions
C08227,96,2,8107.8,2,2,3,Hibernating
C08228,168,3,5479.700000000001,1,3,2,At Risk
C08229,51,3,7529.4,4,3,3,Loyal Customers
C08230,87,2,1773.9,3,2,1,Hibernating
C08231,149,1,7699.5,2,1,3,Hibernating
C08232,2,3,5982.45,5,3,2,Loyal Customers
C08233,35,4,19275.3,4,4,5,Champions
C08234,77,2,7065.2,3,2,3,Hibernating
C08235,115,4,11432.55,2,4,4,At Risk
C08236,101,2,2984.5,2,2,1,Hibernating
C08237,32,2,2895.45,4,2,1,Potential Loyalists
C08238,47,1,4434.0,4,1,2,Potential Loyalists
C08239,154,3,6121.2,2,3,2,At Risk
C08240,49,4,10361.0,4,4,4,Champions
C08241,164,2,1161.9,1,2,1,Hibernating
C08242,29,4,7787.349999999999,4,4,3,Loyal Customers
C08243,191,3,7653.599999999999,1,3,3,At Risk
C08245,24,5,8656.15,4,5,3,Loyal Customers
C08246,37,4,21313.25,4,4,5,Champions
C08247,220,1,3264.0,1,1,1,Hibernating
C08248,29,1,355.6,4,1,1,Potential Loyalists
C08249,283,1,564.0,1,1,1,Hibernating
C08251,158,3,8396.85,2,3,3,At Risk
C08252,207,1,2207.8,1,1,1,Hibernating
C08253,75,4,6568.1,3,4,2,Loyal Customers
C08254,25,5,7974.5,4,5,3,Loyal Customers
C08255,173,4,9938.5,1,4,4,At Risk
C08256,48,5,8238.05,4,5,3,Loyal Customers
C08257,66,2,2186.4,3,2,1,Hibernating
C08258,118,6,19731.15,2,5,5,At Risk
C08259,137,2,7663.2,2,2,3,Hibernating
C08260,39,3,8895.6,4,3,3,Loyal Customers
C08261,242,2,1426.3999999999999,1,2,1,Hibernating
C08262,114,2,2165.0,2,2,1,Hibernating
C08263,13,3,5021.6,5,3,2,Loyal Customers
C08264,34,4,15536.2,4,4,5,Champions
C08265,105,1,2561.25,2,1,1,Hibernating
C08266,65,5,22193.6,3,5,5,Loyal Customers
C08267,26,4,9984.4,4,4,4,Champions
C08268,32,5,9598.65,4,5,3,Loyal Customers
C08269,226,2,7209.2,1,2,3,Hibernating
C08270,114,2,7529.95,2,2,3,Hibernating
C08271,49,4,16049.1,4,4,5,Champions
C08272,70,3,9747.55,3,3,3,Loyal Customers
C08273,229,2,2636.0,1,2,1,Hibernating
C08274,81,6,23921.0,3,5,5,Loyal Customers
C08275,126,2,4707.3,2,2,2,Hibernating
C08276,58,3,14044.5,3,3,4,Loyal Customers
C08277,176,1,3445.5,1,1,1,Hibernating
C08278,153,4,6270.55,2,4,2,At Risk
C08279,74,4,8026.0,3,4,3,Loyal Customers
C08280,88,1,2080.5,3,1,1,Hibernating
C08281,146,4,11167.05,2,4,4,At Risk
C08283,126,5,13729.349999999999,2,5,4,At Risk
C08284,57,4,17686.8,3,4,5,Loyal Customers
C08285,259,2,4152.65,1,2,2,Hibernating
C08286,6,5,9435.65,5,5,3,Loyal Customers
C08287,49,3,4723.0,4,3,2,Loyal Customers
C08288,61,4,11029.65,3,4,4,Loyal Customers
C08289,66,8,20051.4,3,5,5,Loyal Customers
C08290,102,5,10140.05,2,5,4,At Risk
C08291,223,2,5967.0,1,2,2,Hibernating
C08292,32,3,5647.75,4,3,2,Loyal Customers
C08293,30,5,11935.2,4,5,4,Champions
C08294,96,7,35644.0,2,5,5,At Risk
C08295,24,5,13328.2,4,5,4,Champions
C08296,116,3,3988.25,2,3,1,At Risk
C08297,74,3,8650.7,3,3,3,Loyal Customers
C08298,135,7,24044.4,2,5,5,At Risk
C08299,341,1,2526.0,1,1,1,Hibernating
C08300,168,2,4808.0,1,2,2,Hibernating
C08301,32,5,14470.4,4,5,5,Champions
C08302,36,3,5808.6,4,3,2,Loyal Customers
C08303,118,2,4668.599999999999,2,2,2,Hibernating
C08304,23,3,11247.3,5,3,4,Loyal Customers
C08305,52,3,6640.0,4,3,2,Loyal Customers
C08306,264,1,3858.15,1,1,1,Hibernating
C08307,117,3,9878.4,2,3,4,At Risk
C08308,5,5,10103.15,5,5,4,Champions
C08309,27,4,5893.349999999999,4,4,2,Loyal Customers
C08310,68,3,8543.5,3,3,3,Loyal Customers
C08311,73,5,13126.199999999999,3,5,4,Loyal Customers
C08312,6,3,13968.1,5,3,4,Loyal Customers
C08315,67,2,1956.2,3,2,1,Hibernating
C08316,20,4,13681.8,5,4,4,Champions
C08317,44,4,9388.95,4,4,3,Loyal Customers
C08318,20,7,18442.0,5,5,5,Champions
C08319,136,4,9331.300000000001,2,4,3,At Risk
C08320,348,1,7804.8,1,1,3,Hibernating
C08321,337,1,1635.2,1,1,1,Hibernating
C08322,76,2,3715.3500000000004,3,2,1,Hibernating
C08323,2,9,23649.3,5,5,5,Champions
C08324,28,3,7468.35,4,3,3,Loyal Customers
C08325,11,4,12463.1,5,4,4,Champions
C08326,35,5,14234.4,4,5,4,Champions
C08327,228,3,5373.8,1,3,2,At Risk
C08328,51,1,9012.0,4,1,3,Potential Loyalists
C08329,58,3,5273.6,3,3,2,Loyal Customers
C08330,2,5,15017.9,5,5,5,Champions
C08331,14,9,24148.0,5,5,5,Champions
C08332,17,2,10657.6,5,2,4,Potential Loyalists
C08333,51,3,3074.85,4,3,1,Loyal Customers
C08334,101,3,12742.7,2,3,4,At Risk
C08335,8,7,18598.199999999997,5,5,5,Champions
C08336,86,1,1823.6,3,1,1,Hibernating
C08337,20,6,8796.05,5,5,3,Loyal Customers
C08338,264,2,6165.75,1,2,2,Hibernating
C08339,190,2,5399.5,1,2,2,Hibernating
C08340,346,1,1686.75,1,1,1,Hibernating
C08341,58,2,2410.8,3,2,1,Hibernating
C08342,25,2,1060.5,4,2,1,Potential Loyalists
C08343,29,3,4137.25,4,3,2,Loyal Customers
C08344,22,4,15534.45,5,4,5,Champions
C08345,37,2,3206.2,4,2,1,Potential Loyalists
C08346,164,4,7667.2,1,4,3,At Risk
C08347,338,1,675.0,1,1,1,Hibernating
C08348,19,3,8550.1,5,3,3,Loyal Customers
C08349,9,3,11373.2,5,3,4,Loyal Customers
C08350,32,5,10932.9,4,5,4,Champions
C08351,235,2,1302.25,1,2,1,Hibernating
C08352,176,3,7822.049999999999,1,3,3,At Risk
C08353,119,3,7029.8,2,3,3,At Risk
C08354,5,3,5266.5,5,3,2,Loyal Customers
C08355,93,6,6866.5,3,5,3,Loyal Customers
C08356,142,4,5240.4,2,4,2,At Risk
C08357,73,6,16021.349999999999,3,5,5,Loyal Customers
C08358,15,4,11570.6,5,4,4,Champions
C08359,100,2,4757.75,2,2,2,Hibernating
C08360,201,2,7038.3,1,2,3,Hibernating
C08361,96,6,17567.25,2,5,5,At Risk
C08362,151,2,1808.3999999999999,2,2,1,Hibernating
C08363,29,5,23288.9,4,5,5,Champions
C08364,69,5,13723.5,3,5,4,Loyal Customers
C08365,29,6,10986.45,4,5,4,Champions
C08367,36,6,31487.15,4,5,5,Champions
C08368,68,4,12755.199999999999,3,4,4,Loyal Customers
C08369,162,3,10637.2,1,3,4,At Risk
C08370,107,8,28666.2,2,5,5,At Risk
C08371,180,3,9383.25,1,3,3,At Risk
C08372,25,4,21013.8,4,4,5,Champions
C08373,215,3,6050.0,1,3,2,At Risk
C08374,50,1,7767.0,4,1,3,Potential Loyalists
C08375,4,4,6844.95,5,4,3,Loyal Customers
C08376,234,3,5060.200000000001,1,3,2,At Risk
C08377,207,1,3142.5,1,1,1,Hibernating
C08378,18,6,12585.1,5,5,4,Champions
C08379,17,7,15174.95,5,5,5,Champions
C08380,193,1,2713.2,1,1,1,Hibernating
C08381,72,3,4426.3,3,3,2,Loyal Customers
C08382,114,4,9197.0,2,4,3,At Risk
C08383,36,2,17170.1,4,2,5,Potential Loyalists
C08384,15,2,5333.599999999999,5,2,2,Potential Loyalists
C08385,40,2,11314.599999999999,4,2,4,Potential Loyalists
C08386,86,2,2341.5,3,2,1,Hibernating
C08387,36,2,4125.35,4,2,2,Potential Loyalists
C08388,7,6,15902.45,5,5,5,Champions
C08389,140,3,12562.449999999999,2,3,4,At Risk
C08390,227,3,11829.0,1,3,4,At Risk
C08392,89,2,3699.8,3,2,1,Hibernating
C08393,68,5,15078.25,3,5,5,Loyal Customers
C08394,46,6,18109.9,4,5,5,Champions
C08395,36,5,15062.0,4,5,5,Champions
C08396,190,1,2378.0,1,1,1,Hibernating
C08397,59,4,4142.15,3,4,2,Loyal Customers
C08398,62,4,16804.600000000002,3,4,5,Loyal Customers
C08399,199,2,2880.2000000000003,1,2,1,Hibernating
C08400,63,7,18245.7,3,5,5,Loyal Customers
C08401,59,3,7275.1,3,3,3,Loyal Customers
C08402,331,1,7349.2,1,1,3,Hibernating
C08403,126,2,3731.6,2,2,1,Hibernating
C08404,80,4,8357.6,3,4,3,Loyal Customers
C08405,52,2,4928.25,4,2,2,Potential Loyalists
C08406,184,3,14151.15,1,3,4,At Risk
C08407,28,1,2304.75,4,1,1,Potential Loyalists
C08408,39,4,8428.8,4,4,3,Loyal Customers
C08409,10,4,8473.45,5,4,3,Loyal Customers
C08410,86,6,12609.2,3,5,4,Loyal Customers
C08411,309,2,8697.35,1,2,3,Hibernating
C08412,271,2,4054.5,1,2,2,Hibernating
C08413,288,2,4869.6,1,2,2,Hibernating
C08414,14,4,17081.600000000002,5,4,5,Champions
C08415,39,7,12880.6,4,5,4,Champions
C08416,40,3,4347.8,4,3,2,Loyal Customers
C08417,34,2,4501.5,4,2,2,Potential Loyalists
C08418,59,6,18892.95,3,5,5,Loyal Customers
C08419,196,5,15957.25,1,5,5,At Risk
C08420,132,1,2585.25,2,1,1,Hibernating
C08421,49,4,7649.950000000001,4,4,3,Loyal Customers
C08422,281,1,1246.5,1,1,1,Hibernating
C08423,35,3,10117.9,4,3,4,Loyal Customers
C08424,23,5,11721.25,5,5,4,Champions
C08425,202,1,1028.0,1,1,1,Hibernating
C08426,285,1,2034.0,1,1,1,Hibernating
C08427,105,1,835.0,2,1,1,Hibernating
C08428,106,2,1590.0,2,2,1,Hibernating
C08429,186,2,2415.9,1,2,1,Hibernating
C08430,200,5,8571.55,1,5,3,At Risk
C08431,107,6,10606.35,2,5,4,At Risk
C08432,1,4,3192.5499999999997,5,4,1,Loyal Customers
C08433,57,7,16798.0,3,5,5,Loyal Customers
C08434,202,2,6630.3,1,2,2,Hibernating
C08435,31,2,7584.0,4,2,3,Potential Loyalists
C08436,232,1,1720.5,1,1,1,Hibernating
C08437,27,6,17438.75,4,5,5,Champions
C08438,115,1,2508.0,2,1,1,Hibernating
C08439,16,3,4490.2,5,3,2,Loyal Customers
C08440,232,1,1307.6,1,1,1,Hibernating
C08441,3,5,16414.55,5,5,5,Champions
C08442,82,3,6490.2,3,3,2,Loyal Customers
C08443,132,4,20942.8,2,4,5,At Risk
C08444,105,3,8169.25,2,3,3,At Risk
C08445,25,6,16421.9,4,5,5,Champions
C08446,98,3,3743.1,2,3,1,At Risk
C08447,20,5,18291.2,5,5,5,Champions
C08448,143,5,16404.8,2,5,5,At Risk
C08449,72,5,16048.800000000001,3,5,5,Loyal Customers
C08450,254,2,5637.35,1,2,2,Hibernating
C08451,44,3,4102.95,4,3,2,Loyal Customers
C08452,34,3,3081.4,4,3,1,Loyal Customers
C08453,13,6,19559.8,5,5,5,Champions
C08454,273,2,3713.25,1,2,1,Hibernating
C08455,313,1,1671.6,1,1,1,Hibernating
C08456,169,1,791.6,1,1,1,Hibernating
C08457,111,1,644.4,2,1,1,Hibernating
C08458,107,5,6707.0,2,5,2,At Risk
C08459,132,1,3133.9,2,1,1,Hibernating
C08460,266,1,3054.6,1,1,1,Hibernating
C08461,346,1,1990.1,1,1,1,Hibernating
C08462,155,3,3641.2,2,3,1,At Risk
C08463,38,2,9439.25,4,2,3,Potential Loyalists
C08464,42,4,6407.5,4,4,2,Loyal Customers
C08465,70,5,9739.35,3,5,3,Loyal Customers
C08466,31,6,18666.5,4,5,5,Champions
C08467,46,2,10270.2,4,2,4,Potential Loyalists
C08468,89,2,1635.4,3,2,1,Hibernating
C08469,127,4,12089.45,2,4,4,At Risk
C08470,56,4,18278.45,3,4,5,Loyal Customers
C08471,4,5,15122.3,5,5,5,Champions
C08472,272,2,6368.2,1,2,2,Hibernating
C08473,190,4,5854.35,1,4,2,At Risk
C08474,40,2,8319.5,4,2,3,Potential Loyalists
C08475,129,4,11899.1,2,4,4,At Risk
C08476,5,4,4551.4,5,4,2,Loyal Customers
C08477,134,3,8649.25,2,3,3,At Risk
C08478,14,6,13040.8,5,5,4,Champions
C08479,43,4,6899.35,4,4,3,Loyal Customers
C08480,25,2,5731.7,4,2,2,Potential Loyalists
C08481,44,3,5297.3,4,3,2,Loyal Customers
C08482,19,7,14760.05,5,5,5,Champions
C08483,80,5,4211.8,3,5,2,Loyal Customers
C08485,17,2,5062.2,5,2,2,Potential Loyalists
C08486,163,2,4116.4,1,2,2,Hibernating
C08487,53,8,19788.45,4,5,5,Champions
C08488,36,2,14465.8,4,2,5,Potential Loyalists
C08489,49,3,2722.4,4,3,1,Loyal Customers
C08490,33,2,3311.7000000000003,4,2,1,Potential Loyalists
C08491,40,2,3760.5,4,2,1,Potential Loyalists
C08492,44,3,9064.6,4,3,3,Loyal Customers
C08493,98,3,14192.850000000002,2,3,4,At Risk
C08494,70,4,4091.95,3,4,2,Loyal Customers
C08495,29,2,3185.25,4,2,1,Potential Loyalists
C08496,17,5,25970.35,5,5,5,Champions
C08497,12,3,9085.2,5,3,3,Loyal Customers
C08498,68,6,16303.45,3,5,5,Loyal Customers
C08499,65,1,659.75,3,1,1,Hibernating
C08500,153,4,10367.2,2,4,4,At Risk
C08501,65,2,10822.5,3,2,4,Hibernating
C08502,8,4,10227.9,5,4,4,Champions
C08503,42,5,10771.55,4,5,4,Champions
C08504,132,3,20252.7,2,3,5,At Risk
C08505,127,3,4854.4,2,3,2,At Risk
C08506,225,4,15664.199999999999,1,4,5,At Risk
C08507,93,7,21774.5,3,5,5,Loyal Customers
C08508,74,3,6219.25,3,3,2,Loyal Customers
C08509,75,6,11330.800000000001,3,5,4,Loyal Customers
C08510,3,8,16302.3,5,5,5,Champions
C08511,69,6,19610.6,3,5,5,Loyal Customers
C08512,64,4,6518.05,3,4,2,Loyal Customers
C08513,124,3,7055.25,2,3,3,At Risk
C08514,114,1,1816.4,2,1,1,Hibernating
C08515,146,3,6202.35,2,3,2,At Risk
C08517,25,7,21248.85,4,5,5,Champions
C08518,126,6,10874.05,2,5,4,At Risk
C08519,215,3,12382.9,1,3,4,At Risk
C08520,3,4,8001.450000000001,5,4,3,Loyal Customers
C08521,47,7,27793.15,4,5,5,Champions
C08522,145,1,4546.8,2,1,2,Hibernating
C08523,192,1,3312.0,1,1,1,Hibernating
C08524,31,5,6595.1,4,5,2,Loyal Customers
C08525,82,2,2005.9,3,2,1,Hibernating
C08526,135,1,3222.8,2,1,1,Hibernating
C08527,162,5,8000.05,1,5,3,At Risk
C08528,225,3,2716.2,1,3,1,At Risk
C08529,26,4,17980.05,4,4,5,Champions
C08530,46,3,4792.799999999999,4,3,2,Loyal Customers
C08531,161,2,5130.8,1,2,2,Hibernating
C08532,131,5,16399.25,2,5,5,At Risk
C08533,83,3,3269.45,3,3,1,Loyal Customers
C08534,91,2,3678.0,3,2,1,Hibernating
C08535,8,2,8920.15,5,2,3,Potential Loyalists
C08536,230,2,3947.7,1,2,1,Hibernating
C08537,177,3,11361.85,1,3,4,At Risk
C08538,144,3,7385.5,2,3,3,At Risk
C08539,32,5,8246.35,4,5,3,Loyal Customers
C08540,30,3,9279.4,4,3,3,Loyal Customers
C08541,218,2,1537.75,1,2,1,Hibernating
C08542,87,3,2931.7,3,3,1,Loyal Customers
C08543,30,3,9838.6,4,3,3,Loyal Customers
C08544,31,3,7422.4,4,3,3,Loyal Customers
C08545,178,3,7730.0,1,3,3,At Risk
C08546,96,5,11532.900000000001,2,5,4,At Risk
C08547,163,2,5960.9,1,2,2,Hibernating
C08548,46,3,11320.65,4,3,4,Loyal Customers
C08549,203,3,4458.2,1,3,2,At Risk
C08550,84,5,20293.0,3,5,5,Loyal Customers
C08551,196,1,601.2,1,1,1,Hibernating
C08552,14,3,5947.0,5,3,2,Loyal Customers
C08553,55,6,11294.1,3,5,4,Loyal Customers
C08554,7,4,8468.0,5,4,3,Loyal Customers
C08556,214,1,3667.95,1,1,1,Hibernating
C08557,90,2,4106.25,3,2,2,Hibernating
C08558,28,3,4102.9,4,3,2,Loyal Customers
C08559,265,2,1259.2,1,2,1,Hibernating
C08560,61,3,5313.3,3,3,2,Loyal Customers
C08561,27,8,22305.6,4,5,5,Champions
C08562,256,1,1554.75,1,1,1,Hibernating
C08563,211,2,6847.5,1,2,3,Hibernating
C08564,183,2,7866.3,1,2,3,Hibernating
C08565,102,5,25326.05,2,5,5,At Risk
C08566,105,2,2049.55,2,2,1,Hibernating
C08567,66,4,8922.6,3,4,3,Loyal Customers
C08568,50,3,6998.3,4,3,3,Loyal Customers
C08569,49,6,11376.8,4,5,4,Champions
C08570,30,1,1636.0,4,1,1,Potential Loyalists
C08571,90,7,17061.0,3,5,5,Loyal Customers
C08572,236,3,6231.3,1,3,2,At Risk
C08573,112,3,4153.8,2,3,2,At Risk
C08574,2,3,8909.8,5,3,3,Loyal Customers
C08575,37,2,4514.25,4,2,2,Potential Loyalists
C08576,52,4,7231.95,4,4,3,Loyal Customers
C08577,57,1,4051.8,3,1,2,Hibernating
C08578,225,4,7985.95,1,4,3,At Risk
C08579,50,2,4165.1,4,2,2,Potential Loyalists
C08580,155,3,5566.5,2,3,2,At Risk
C08581,73,1,2045.4,3,1,1,Hibernating
C08582,101,4,18309.649999999998,2,4,5,At Risk
C08583,16,5,10193.2,5,5,4,Champions
C08584,60,6,10641.1,3,5,4,Loyal Customers
C08585,150,2,3729.05,2,2,1,Hibernating
C08586,219,3,6078.05,1,3,2,At Risk
C08587,1,10,19002.25,5,5,5,Champions
C08588,212,3,13547.3,1,3,4,At Risk
C08589,28,5,11442.4,4,5,4,Champions
C08590,96,1,3920.4,2,1,1,Hibernating
C08591,10,6,13193.7,5,5,4,Champions
C08592,12,3,14375.899999999998,5,3,5,Loyal Customers
C08593,157,2,8035.2,2,2,3,Hibernating
C08594,93,2,6012.299999999999,3,2,2,Hibernating
C08595,43,4,16114.75,4,4,5,Champions
C08596,100,2,3597.4,2,2,1,Hibernating
C08597,173,1,1969.5,1,1,1,Hibernating
C08598,232,2,5086.25,1,2,2,Hibernating
C08599,257,3,7651.6,1,3,3,At Risk
C08600,182,3,5735.6,1,3,2,At Risk
C08601,45,3,12994.449999999999,4,3,4,Loyal Customers
C08602,39,4,7034.6,4,4,3,Loyal Customers
C08603,63,5,25659.85,3,5,5,Loyal Customers
C08604,131,3,6189.200000000001,2,3,2,At Risk
C08605,61,2,5401.7,3,2,2,Hibernating
C08606,26,2,3816.4,4,2,1,Potential Loyalists
C08607,68,3,12073.900000000001,3,3,4,Loyal Customers
C08608,73,5,11290.55,3,5,4,Loyal Customers
C08609,285,1,636.0,1,1,1,Hibernating
C08610,131,6,16030.65,2,5,5,At Risk
C08611,77,3,15499.05,3,3,5,Loyal Customers
C08612,330,2,17301.0,1,2,5,Hibernating
C08613,227,1,2420.25,1,1,1,Hibernating
C08614,84,5,8820.6,3,5,3,Loyal Customers
C08615,85,5,8566.7,3,5,3,Loyal Customers
C08616,134,5,21995.95,2,5,5,At Risk
C08617,350,1,1020.75,1,1,1,Hibernating
C08618,212,1,2670.2,1,1,1,Hibernating
C08619,54,5,8849.75,3,5,3,Loyal Customers
C08620,158,4,9188.8,2,4,3,At Risk
C08621,89,3,9875.3,3,3,4,Loyal Customers
C08622,136,1,4111.45,2,1,2,Hibernating
C08623,58,3,3891.8,3,3,1,Loyal Customers
C08624,47,5,10261.85,4,5,4,Champions
C08625,4,3,14189.55,5,3,4,Loyal Customers
C08626,318,1,2897.1,1,1,1,Hibernating
C08628,73,5,13976.349999999999,3,5,4,Loyal Customers
C08629,48,2,1810.15,4,2,1,Potential Loyalists
C08630,48,5,14271.5,4,5,4,Champions
C08631,142,1,1375.4,2,1,1,Hibernating
C08632,326,1,2010.0,1,1,1,Hibernating
C08633,34,5,8716.4,4,5,3,Loyal Customers
C08634,159,4,15454.1,2,4,5,At Risk
C08635,114,3,4314.5,2,3,2,At Risk
C08636,230,1,2520.0,1,1,1,Hibernating
C08637,229,5,17355.25,1,5,5,At Risk
C08638,134,3,6247.5,2,3,2,At Risk
C08639,214,2,1829.4,1,2,1,Hibernating
C08640,276,1,3510.0,1,1,1,Hibernating
C08641,5,2,12354.6,5,2,4,Potential Loyalists
C08642,288,3,3003.6499999999996,1,3,1,At Risk
C08643,235,2,8909.75,1,2,3,Hibernating
C08644,51,4,9707.85,4,4,3,Loyal Customers
C08645,208,2,4393.6,1,2,2,Hibernating
C08646,87,1,880.75,3,1,1,Hibernating
C08647,13,6,14235.95,5,5,4,Champions
C08648,176,2,2391.3,1,2,1,Hibernating
C08650,45,3,15899.05,4,3,5,Loyal Customers
C08651,137,4,18016.75,2,4,5,At Risk
C08652,174,2,4364.9,1,2,2,Hibernating
C08653,16,5,11616.8,5,5,4,Champions
C08654,50,5,18088.7,4,5,5,Champions
C08655,118,3,13286.5,2,3,4,At Risk
C08656,214,3,9392.9,1,3,3,At Risk
C08657,16,4,8060.45,5,4,3,Loyal Customers
C08658,48,3,5373.6,4,3,2,Loyal Customers
C08659,12,3,5140.7,5,3,2,Loyal Customers
C08660,94,5,13654.7,3,5,4,Loyal Customers
C08661,215,2,14151.199999999999,1,2,4,Hibernating
C08662,144,3,8173.0,2,3,3,At Risk
C08663,230,2,2989.5,1,2,1,Hibernating
C08664,7,4,9899.9,5,4,4,Champions
C08665,161,1,1604.85,1,1,1,Hibernating
C08666,86,2,5093.0,3,2,2,Hibernating
C08667,14,1,1618.2,5,1,1,Potential Loyalists
C08668,128,4,5722.85,2,4,2,At Risk
C08669,12,6,15941.65,5,5,5,Champions
C08670,175,3,21087.600000000002,1,3,5,At Risk
C08671,84,7,25138.65,3,5,5,Loyal Customers
C08672,53,4,10376.7,4,4,4,Champions
C08673,89,6,17354.6,3,5,5,Loyal Customers
C08674,257,2,453.6,1,2,1,Hibernating
C08675,155,3,7351.799999999999,2,3,3,At Risk
C08676,184,2,2112.95,1,2,1,Hibernating
C08677,91,1,932.8,3,1,1,Hibernating
C08679,43,1,6609.4,4,1,2,Potential Loyalists
C08680,27,5,16821.15,4,5,5,Champions
C08681,116,1,10498.8,2,1,4,Hibernating
C08682,58,1,6036.0,3,1,2,Hibernating
C08683,274,3,19345.45,1,3,5,At Risk
C08684,248,4,7596.4,1,4,3,At Risk
C08685,158,3,10933.0,2,3,4,At Risk
C08686,192,7,6328.0,1,5,2,At Risk
C08687,13,4,8085.9,5,4,3,Loyal Customers
C08688,182,3,4315.6,1,3,2,At Risk
C08689,210,4,6509.55,1,4,2,At Risk
C08690,170,2,533.55,1,2,1,Hibernating
C08691,12,5,12390.45,5,5,4,Champions
C08692,350,1,3369.75,1,1,1,Hibernating
C08693,71,2,4441.8,3,2,2,Hibernating
C08694,327,1,2029.2,1,1,1,Hibernating
C08695,100,4,16617.65,2,4,5,At Risk
C08696,65,2,1162.05,3,2,1,Hibernating
C08697,145,3,9031.2,2,3,3,At Risk
C08698,44,3,9175.95,4,3,3,Loyal Customers
C08699,52,3,10658.2,4,3,4,Loyal Customers
C08700,219,3,11014.400000000001,1,3,4,At Risk
C08701,38,2,13218.600000000002,4,2,4,Potential Loyalists
C08702,280,2,1537.3,1,2,1,Hibernating
C08703,239,4,5428.9,1,4,2,At Risk
C08704,19,7,25766.9,5,5,5,Champions
C08705,118,3,9324.900000000001,2,3,3,At Risk
C08706,16,1,1448.0,5,1,1,Potential Loyalists
C08707,72,5,12625.5,3,5,4,Loyal Customers
C08708,7,5,14501.8,5,5,5,Champions
C08709,124,2,2390.3999999999996,2,2,1,Hibernating
C08710,265,2,3398.3,1,2,1,Hibernating
C08712,65,7,12712.3,3,5,4,Loyal Customers
C08713,44,1,857.2,4,1,1,Potential Loyalists
C08714,13,4,7643.45,5,4,3,Loyal Customers
C08715,32,3,6098.5,4,3,2,Loyal Customers
C08716,106,3,7533.75,2,3,3,At Risk
C08717,71,3,10878.449999999999,3,3,4,Loyal Customers
C08718,162,2,5883.6,1,2,2,Hibernating
C08719,26,4,7872.9,4,4,3,Loyal Customers
C08720,289,1,3510.0,1,1,1,Hibernating
C08721,232,1,3189.75,1,1,1,Hibernating
C08722,172,4,7438.150000000001,1,4,3,At Risk
C08723,162,1,2916.0,1,1,1,Hibernating
C08724,42,4,18532.6,4,4,5,Champions
C08725,170,4,12574.2,1,4,4,At Risk
C08726,2,2,5076.6,5,2,2,Potential Loyalists
C08727,270,1,2061.15,1,1,1,Hibernating
C08728,65,3,11702.95,3,3,4,Loyal Customers
C08729,238,1,2068.2,1,1,1,Hibernating
C08730,70,6,11159.0,3,5,4,Loyal Customers
C08731,46,1,2622.0,4,1,1,Potential Loyalists
C08732,110,2,813.6999999999999,2,2,1,Hibernating
C08733,29,3,4379.3,4,3,2,Loyal Customers
C08734,65,5,18339.5,3,5,5,Loyal Customers
C08735,134,4,8402.7,2,4,3,At Risk
C08736,53,4,12171.9,4,4,4,Champions
C08737,36,4,8957.9,4,4,3,Loyal Customers
C08738,187,3,2031.8,1,3,1,At Risk
C08739,43,3,5806.85,4,3,2,Loyal Customers
C08740,183,1,3698.0,1,1,1,Hibernating
C08741,91,2,8230.25,3,2,3,Hibernating
C08742,137,5,21137.9,2,5,5,At Risk
C08743,59,4,11441.9,3,4,4,Loyal Customers
C08744,101,3,8451.6,2,3,3,At Risk
C08745,19,7,28090.75,5,5,5,Champions
C08746,8,2,8701.2,5,2,3,Potential Loyalists
C08747,54,3,10914.3,3,3,4,Loyal Customers
C08748,195,2,4220.549999999999,1,2,2,Hibernating
C08750,305,2,4048.4,1,2,2,Hibernating
C08751,158,1,3483.2,2,1,1,Hibernating
C08752,105,2,9993.45,2,2,4,Hibernating
C08753,123,4,8640.75,2,4,3,At Risk
C08754,92,4,7662.75,3,4,3,Loyal Customers
C08755,14,5,8531.35,5,5,3,Loyal Customers
C08756,116,4,5161.3,2,4,2,At Risk
C08757,199,3,6366.1,1,3,2,At Risk
C08758,112,6,13567.05,2,5,4,At Risk
C08759,162,1,3448.0,1,1,1,Hibernating
C08760,35,4,12666.05,4,4,4,Champions
C08761,60,6,13174.35,3,5,4,Loyal Customers
C08762,75,5,25857.2,3,5,5,Loyal Customers
C08763,66,5,10483.6,3,5,4,Loyal Customers
C08764,210,2,6041.0,1,2,2,Hibernating
C08765,155,2,9812.900000000001,2,2,3,Hibernating
C08766,123,3,10651.199999999999,2,3,4,At Risk
C08768,119,4,11466.4,2,4,4,At Risk
C08769,14,3,6876.85,5,3,3,Loyal Customers
C08770,50,3,7585.8,4,3,3,Loyal Customers
C08771,20,1,4269.6,5,1,2,Potential Loyalists
C08772,46,4,8383.5,4,4,3,Loyal Customers
C08773,5,4,14074.0,5,4,4,Champions
C08774,351,1,438.5,1,1,1,Hibernating
C08775,69,2,6103.8,3,2,2,Hibernating
C08776,10,5,18720.35,5,5,5,Champions
C08777,242,2,2456.6,1,2,1,Hibernating
C08778,1,4,6923.8,5,4,3,Loyal Customers
C08780,43,4,9502.65,4,4,3,Loyal Customers
C08781,34,4,12784.8,4,4,4,Champions
C08782,121,2,4864.450000000001,2,2,2,Hibernating
C08783,43,5,9112.4,4,5,3,Loyal Customers
C08784,16,5,6382.35,5,5,2,Loyal Customers
C08785,20,6,10755.0,5,5,4,Champions
C08786,232,1,1024.8,1,1,1,Hibernating
C08787,150,3,7312.25,2,3,3,At Risk
C08788,150,2,3540.0,2,2,1,Hibernating
C08789,7,5,10235.65,5,5,4,Champions
C08790,30,3,15107.400000000001,4,3,5,Loyal Customers
C08791,107,1,6731.2,2,1,2,Hibernating
C08792,206,1,624.75,1,1,1,Hibernating
C08793,14,4,9190.0,5,4,3,Loyal Customers
C08794,29,6,15879.4,4,5,5,Champions
C08795,68,3,6561.8,3,3,2,Loyal Customers
C08796,58,4,4907.6,3,4,2,Loyal Customers
C08797,98,6,26207.45,2,5,5,At Risk
C08798,77,3,6451.299999999999,3,3,2,Loyal Customers
C08799,121,5,20582.550000000003,2,5,5,At Risk
C08800,132,4,11328.3,2,4,4,At Risk
C08801,3,3,4390.4,5,3,2,Loyal Customers
C08802,222,2,943.8,1,2,1,Hibernating
C08803,3,3,12394.5,5,3,4,Loyal Customers
C08805,5,3,10337.7,5,3,4,Loyal Customers
C08806,4,3,14278.35,5,3,5,Loyal Customers
C08807,87,1,3550.45,3,1,1,Hibernating
C08808,138,4,7817.7,2,4,3,At Risk
C08809,313,1,1929.75,1,1,1,Hibernating
C08810,7,5,17277.100000000002,5,5,5,Champions
C08811,57,2,7087.6,3,2,3,Hibernating
C08812,9,6,10764.1,5,5,4,Champions
C08813,14,7,32264.9,5,5,5,Champions
C08814,72,3,15247.05,3,3,5,Loyal Customers
C08815,63,1,2578.5,3,1,1,Hibernating
C08817,343,1,11392.0,1,1,4,Hibernating
C08818,11,3,6024.6,5,3,2,Loyal Customers
C08819,12,3,6288.549999999999,5,3,2,Loyal Customers
C08820,156,2,3205.7,2,2,1,Hibernating
C08821,5,2,3482.2,5,2,1,Potential Loyalists
C08823,167,2,5801.2,1,2,2,Hibernating
C08824,92,3,14472.8,3,3,5,Loyal Customers
C08825,102,6,9729.6,2,5,3,At Risk
C08826,12,3,12181.3,5,3,4,Loyal Customers
C08827,174,2,11386.3,1,2,4,Hibernating
C08828,42,3,12081.9,4,3,4,Loyal Customers
C08829,17,5,16612.65,5,5,5,Champions
C08830,63,1,7515.2,3,1,3,Hibernating
C08831,360,1,3062.25,1,1,1,Hibernating
C08832,22,8,24450.2,5,5,5,Champions
C08833,11,4,7758.0,5,4,3,Loyal Customers
C08834,351,1,1559.6,1,1,1,Hibernating
C08835,7,3,6703.2,5,3,2,Loyal Customers
C08836,71,3,5461.2,3,3,2,Loyal Customers
C08837,320,1,539.7,1,1,1,Hibernating
C08838,41,2,2230.1499999999996,4,2,1,Potential Loyalists
C08839,64,3,11016.55,3,3,4,Loyal Customers
C08840,50,3,4111.7,4,3,2,Loyal Customers
C08841,295,1,429.6,1,1,1,Hibernating
C08842,90,3,8753.0,3,3,3,Loyal Customers
C08843,155,2,1606.4,2,2,1,Hibernating
C08844,16,4,10802.35,5,4,4,Champions
C08845,228,1,1506.2,1,1,1,Hibernating
C08846,42,3,5833.2,4,3,2,Loyal Customers
C08847,58,8,16406.4,3,5,5,Loyal Customers
C08848,79,3,4297.7,3,3,2,Loyal Customers
C08849,66,5,12540.150000000001,3,5,4,Loyal Customers
C08850,51,2,10647.4,4,2,4,Potential Loyalists
C08851,65,2,7959.5,3,2,3,Hibernating
C08852,84,1,1873.8,3,1,1,Hibernating
C08853,31,6,14138.05,4,5,4,Champions
C08854,10,3,6873.0,5,3,3,Loyal Customers
C08855,1,4,23585.1,5,4,5,Champions
C08856,273,2,4761.25,1,2,2,Hibernating
C08857,131,4,16892.6,2,4,5,At Risk
C08858,89,2,4541.5,3,2,2,Hibernating
C08859,177,2,5599.35,1,2,2,Hibernating
C08860,179,2,9017.2,1,2,3,Hibernating
C08862,5,2,3852.2,5,2,1,Potential Loyalists
C08863,2,3,4037.75,5,3,2,Loyal Customers
C08864,42,6,10108.55,4,5,4,Champions
C08865,98,3,8085.5,2,3,3,At Risk
C08866,97,2,2021.6000000000001,2,2,1,Hibernating
C08867,71,4,8307.2,3,4,3,Loyal Customers
C08868,68,5,8234.25,3,5,3,Loyal Customers
C08869,111,3,2765.9,2,3,1,At Risk
C08870,88,3,6421.05,3,3,2,Loyal Customers
C08871,140,3,10062.15,2,3,4,At Risk
C08872,109,1,3447.75,2,1,1,Hibernating
C08873,80,3,11435.4,3,3,4,Loyal Customers
C08874,172,3,8852.150000000001,1,3,3,At Risk
C08875,23,2,5362.700000000001,5,2,2,Potential Loyalists
C08876,182,2,4127.75,1,2,2,Hibernating
C08877,59,6,14424.1,3,5,5,Loyal Customers
C08878,14,4,13528.8,5,4,4,Champions
C08879,13,7,19777.0,5,5,5,Champions
C08880,200,3,22655.6,1,3,5,At Risk
C08881,83,6,11655.1,3,5,4,Loyal Customers
C08882,109,1,835.2,2,1,1,Hibernating
C08883,30,4,14442.8,4,4,5,Champions
C08884,77,7,22503.05,3,5,5,Loyal Customers
C08885,191,3,5112.55,1,3,2,At Risk
C08886,30,6,15724.8,4,5,5,Champions
C08887,8,2,2090.3,5,2,1,Potential Loyalists
C08888,127,2,8607.0,2,2,3,Hibernating
C08889,143,4,4813.05,2,4,2,At Risk
C08890,16,4,6216.5,5,4,2,Loyal Customers
C08891,54,2,3801.3,3,2,1,Hibernating
C08892,106,3,5251.75,2,3,2,At Risk
C08893,327,1,2772.0,1,1,1,Hibernating
C08894,26,2,6396.6,4,2,2,Potential Loyalists
C08895,134,3,8367.3,2,3,3,At Risk
C08896,5,2,6893.8,5,2,3,Potential Loyalists
C08897,107,3,7256.950000000001,2,3,3,At Risk
C08898,64,4,18615.15,3,4,5,Loyal Customers
C08899,141,1,2480.4,2,1,1,Hibernating
C08901,19,6,7248.6,5,5,3,Loyal Customers
C08902,311,2,7164.900000000001,1,2,3,Hibernating
C08903,86,3,5083.7,3,3,2,Loyal Customers
C08904,142,3,7627.4,2,3,3,At Risk
C08905,26,4,6631.4,4,4,2,Loyal Customers
C08906,36,4,6994.7,4,4,3,Loyal Customers
C08908,70,3,9271.9,3,3,3,Loyal Customers
C08909,326,1,1200.0,1,1,1,Hibernating
C08910,17,5,17037.8,5,5,5,Champions
C08911,49,3,14365.0,4,3,5,Loyal Customers
C08912,100,4,10968.6,2,4,4,At Risk
C08914,165,1,1288.8,1,1,1,Hibernating
C08915,197,6,20974.35,1,5,5,At Risk
C08916,207,2,8967.2,1,2,3,Hibernating
C08917,334,1,1210.0,1,1,1,Hibernating
C08918,45,2,4558.4,4,2,2,Potential Loyalists
C08919,36,9,22165.600000000002,4,5,5,Champions
C08920,22,5,4408.6,5,5,2,Loyal Customers
C08921,55,4,6154.0,3,4,2,Loyal Customers
C08922,224,2,17726.4,1,2,5,Hibernating
C08923,13,1,6951.3,5,1,3,Potential Loyalists
C08924,20,3,13005.7,5,3,4,Loyal Customers
C08925,78,3,7347.5,3,3,3,Loyal Customers
C08926,245,3,6839.6,1,3,3,At Risk
C08928,218,2,3165.4,1,2,1,Hibernating
C08929,4,4,11040.5,5,4,4,Champions
C08930,200,4,12288.25,1,4,4,At Risk
C08931,97,1,1005.75,2,1,1,Hibernating
C08932,82,1,1187.2,3,1,1,Hibernating
C08933,151,3,18033.8,2,3,5,At Risk
C08934,160,4,6997.95,2,4,3,At Risk
C08935,18,6,7664.6,5,5,3,Loyal Customers
C08936,68,2,5623.75,3,2,2,Hibernating
C08937,13,6,10550.65,5,5,4,Champions
C08938,5,4,16192.2,5,4,5,Champions
C08939,128,3,7156.65,2,3,3,At Risk
C08940,164,6,14965.599999999999,1,5,5,At Risk
C08941,76,7,16360.099999999999,3,5,5,Loyal Customers
C08942,284,4,13126.4,1,4,4,At Risk
C08943,87,5,15538.8,3,5,5,Loyal Customers
C08944,18,1,852.0,5,1,1,Potential Loyalists
C08946,50,2,1771.1999999999998,4,2,1,Potential Loyalists
C08947,184,2,5196.45,1,2,2,Hibernating
C08948,80,3,10862.55,3,3,4,Loyal Customers
C08949,149,1,1577.0,2,1,1,Hibernating
C08950,145,2,6439.200000000001,2,2,2,Hibernating
C08951,218,2,9036.6,1,2,3,Hibernating
C08953,25,6,11949.4,4,5,4,Champions
C08954,33,3,20025.2,4,3,5,Loyal Customers
C08955,44,8,28405.2,4,5,5,Champions
C08957,295,2,4867.9,1,2,2,Hibernating
C08958,74,3,3323.5,3,3,1,Loyal Customers
C08959,21,4,5784.55,5,4,2,Loyal Customers
C08960,17,4,13829.95,5,4,4,Champions
C08961,62,3,2574.25,3,3,1,Loyal Customers
C08962,53,3,10787.8,4,3,4,Loyal Customers
C08963,174,1,533.4,1,1,1,Hibernating
C08964,56,8,18150.55,3,5,5,Loyal Customers
C08965,223,2,3578.25,1,2,1,Hibernating
C08966,60,1,1627.6,3,1,1,Hibernating
C08967,147,6,10968.4,2,5,4,At Risk
C08968,104,2,13315.5,2,2,4,Hibernating
C08969,33,10,27123.55,4,5,5,Champions
C08970,40,4,12757.95,4,4,4,Champions
C08971,97,2,5324.4,2,2,2,Hibernating
C08972,140,3,7851.0,2,3,3,At Risk
C08973,85,4,8964.4,3,4,3,Loyal Customers
C08974,32,3,14868.3,4,3,5,Loyal Customers
C08975,31,2,4705.95,4,2,2,Potential Loyalists
C08976,6,4,14128.400000000001,5,4,4,Champions
C08977,199,2,2037.0,1,2,1,Hibernating
C08978,45,4,8995.4,4,4,3,Loyal Customers
C08979,242,3,6728.35,1,3,2,At Risk
C08980,53,6,8210.8,4,5,3,Loyal Customers
C08981,120,5,9347.4,2,5,3,At Risk
C08982,240,3,16774.449999999997,1,3,5,At Risk
C08983,41,5,24225.45,4,5,5,Champions
C08984,239,2,3451.7,1,2,1,Hibernating
C08985,146,2,9792.05,2,2,3,Hibernating
C08986,165,2,5173.9,1,2,2,Hibernating
C08987,27,5,11027.35,4,5,4,Champions
C08988,9,6,26832.9,5,5,5,Champions
C08989,216,2,4379.1,1,2,2,Hibernating
C08990,44,3,7359.300000000001,4,3,3,Loyal Customers
C08991,216,2,8303.6,1,2,3,Hibernating
C08992,15,8,22055.5,5,5,5,Champions
C08993,12,5,14623.3,5,5,5,Champions
C08994,1,4,6115.45,5,4,2,Loyal Customers
C08995,223,4,12665.599999999999,1,4,4,At Risk
C08996,32,6,27184.550000000003,4,5,5,Champions
C08997,35,3,7416.8,4,3,3,Loyal Customers
C08998,9,7,11004.2,5,5,4,Champions
C08999,26,5,17337.600000000002,4,5,5,Champions
C09000,152,4,4573.65,2,4,2,At Risk
C09001,58,4,12237.6,3,4,4,Loyal Customers
C09002,72,4,11413.0,3,4,4,Loyal Customers
C09003,208,1,2627.8,1,1,1,Hibernating
C09004,110,4,15473.849999999999,2,4,5,At Risk
C09005,7,6,21007.1,5,5,5,Champions
C09006,88,3,14227.599999999999,3,3,4,Loyal Customers
C09007,40,4,7506.85,4,4,3,Loyal Customers
C09008,246,1,1200.2,1,1,1,Hibernating
C09010,127,2,8690.5,2,2,3,Hibernating
C09011,1,6,9514.0,5,5,3,Loyal Customers
C09012,123,3,10379.35,2,3,4,At Risk
C09013,266,5,9723.95,1,5,3,At Risk
C09014,115,4,11950.4,2,4,4,At Risk
C09015,209,1,5574.0,1,1,2,Hibernating
C09016,6,3,15600.45,5,3,5,Loyal Customers
C09017,3,1,1686.4,5,1,1,Potential Loyalists
C09018,20,2,4078.8999999999996,5,2,2,Potential Loyalists
C09019,119,5,6294.549999999999,2,5,2,At Risk
C09020,28,3,3776.95,4,3,1,Loyal Customers
C09021,59,3,6345.25,3,3,2,Loyal Customers
C09022,36,1,1861.5,4,1,1,Potential Loyalists
C09023,14,5,17359.8,5,5,5,Champions
C09024,73,8,25293.25,3,5,5,Loyal Customers
C09025,4,3,11138.4,5,3,4,Loyal Customers
C09026,311,1,1509.3,1,1,1,Hibernating
C09027,47,5,15047.2,4,5,5,Champions
C09028,28,4,5971.1,4,4,2,Loyal Customers
C09029,290,1,1273.3,1,1,1,Hibernating
C09030,34,4,9322.8,4,4,3,Loyal Customers
C09031,71,4,8006.9,3,4,3,Loyal Customers
C09032,45,4,7904.6,4,4,3,Loyal Customers
C09033,67,3,9156.9,3,3,3,Loyal Customers
C09034,51,1,3126.9,4,1,1,Potential Loyalists
C09035,178,2,6571.5,1,2,2,Hibernating
C09036,102,1,5431.5,2,1,2,Hibernating
C09037,17,4,13840.099999999999,5,4,4,Champions
C09038,120,3,4783.7,2,3,2,At Risk
C09039,46,7,19607.899999999998,4,5,5,Champions
C09040,26,4,6396.35,4,4,2,Loyal Customers
C09041,167,2,7937.6,1,2,3,Hibernating
C09042,115,2,4456.6,2,2,2,Hibernating
C09043,93,4,16222.8,3,4,5,Loyal Customers
C09044,16,6,12052.9,5,5,4,Champions
C09045,11,2,10550.75,5,2,4,Potential Loyalists
C09046,140,2,2869.3999999999996,2,2,1,Hibernating
C09047,97,5,13096.65,2,5,4,At Risk
C09048,83,4,12751.55,3,4,4,Loyal Customers
C09049,60,6,14638.25,3,5,5,Loyal Customers
C09050,153,2,6701.6,2,2,2,Hibernating
C09051,149,2,3848.05,2,2,1,Hibernating
C09052,21,7,19272.75,5,5,5,Champions
C09053,126,5,22503.6,2,5,5,At Risk
C09054,56,4,12191.35,3,4,4,Loyal Customers
C09055,104,4,19962.0,2,4,5,At Risk
C09056,16,6,8987.45,5,5,3,Loyal Customers
C09057,290,3,7014.95,1,3,3,At Risk
C09058,43,3,6830.8,4,3,3,Loyal Customers
C09059,149,3,7161.6,2,3,3,At Risk
C09060,14,5,11948.7,5,5,4,Champions
C09062,13,7,24059.15,5,5,5,Champions
C09063,8,8,22562.9,5,5,5,Champions
C09064,205,2,4094.25,1,2,2,Hibernating
C09065,49,3,2722.2,4,3,1,Loyal Customers
C09066,121,3,1269.25,2,3,1,At Risk
C09067,257,1,304.0,1,1,1,Hibernating
C09068,51,3,11832.099999999999,4,3,4,Loyal Customers
C09069,190,2,5806.2,1,2,2,Hibernating
C09070,108,4,9075.65,2,4,3,At Risk
C09071,11,4,6973.9,5,4,3,Loyal Customers
C09072,118,2,15336.8,2,2,5,Hibernating
C09073,184,2,3309.05,1,2,1,Hibernating
C09074,122,4,9100.5,2,4,3,At Risk
C09075,59,4,14802.6,3,4,5,Loyal Customers
C09076,331,1,3542.7000000000003,1,1,1,Hibernating
C09077,324,1,1436.4,1,1,1,Hibernating
C09078,2,4,15806.3,5,4,5,Champions
C09079,74,3,7447.5,3,3,3,Loyal Customers
C09080,57,3,17423.8,3,3,5,Loyal Customers
C09081,259,1,262.5,1,1,1,Hibernating
C09082,321,1,2342.2,1,1,1,Hibernating
C09085,118,1,426.3,2,1,1,Hibernating
C09086,55,3,9545.5,3,3,3,Loyal Customers
C09087,38,4,14803.9,4,4,5,Champions
C09088,46,4,5100.3,4,4,2,Loyal Customers
C09089,41,6,15826.4,4,5,5,Champions
C09090,61,5,11480.15,3,5,4,Loyal Customers
C09091,53,2,6214.1,4,2,2,Potential Loyalists
C09092,49,3,16213.099999999999,4,3,5,Loyal Customers
C09093,140,3,17484.3,2,3,5,At Risk
C09094,56,5,10636.65,3,5,4,Loyal Customers
C09095,42,4,16726.7,4,4,5,Champions
C09096,16,7,16776.35,5,5,5,Champions
C09097,3,2,2698.3999999999996,5,2,1,Potential Loyalists
C09098,7,7,23127.5,5,5,5,Champions
C09099,45,5,19376.45,4,5,5,Champions
C09100,78,7,21397.35,3,5,5,Loyal Customers
C09101,55,4,3887.5,3,4,1,Loyal Customers
C09102,13,2,3693.6000000000004,5,2,1,Potential Loyalists
C09103,38,4,11924.4,4,4,4,Champions
C09104,68,1,3311.7,3,1,1,Hibernating
C09105,57,3,10005.15,3,3,4,Loyal Customers
C09106,36,2,3925.15,4,2,1,Potential Loyalists
C09107,17,5,7065.0,5,5,3,Loyal Customers
C09108,36,3,9219.35,4,3,3,Loyal Customers
C09109,54,3,6892.75,3,3,3,Loyal Customers
C09110,86,4,7466.05,3,4,3,Loyal Customers
C09111,2,8,26938.65,5,5,5,Champions
C09112,173,1,673.5,1,1,1,Hibernating
C09113,106,3,7112.950000000001,2,3,3,At Risk
C09114,36,5,7467.55,4,5,3,Loyal Customers
C09115,135,3,9593.85,2,3,3,At Risk
C09116,110,6,26731.5,2,5,5,At Risk
C09117,345,1,2558.0,1,1,1,Hibernating
C09118,157,5,10211.1,2,5,4,At Risk
C09119,16,3,5982.15,5,3,2,Loyal Customers
C09120,27,3,9708.1,4,3,3,Loyal Customers
C09121,57,4,16664.5,3,4,5,Loyal Customers
C09122,39,7,18359.4,4,5,5,Champions
C09123,5,5,17928.3,5,5,5,Champions
C09124,104,4,17256.9,2,4,5,At Risk
C09125,47,5,25264.1,4,5,5,Champions
C09126,63,6,26185.25,3,5,5,Loyal Customers
C09127,40,2,2943.45,4,2,1,Potential Loyalists
C09129,242,2,5163.2,1,2,2,Hibernating
C09130,11,6,19243.45,5,5,5,Champions
C09131,286,3,3520.3,1,3,1,At Risk
C09132,138,7,12225.0,2,5,4,At Risk
C09133,80,3,9847.55,3,3,4,Loyal Customers
C09134,145,3,7458.2,2,3,3,At Risk
C09135,302,2,6547.85,1,2,2,Hibernating
C09137,137,3,8664.75,2,3,3,At Risk
C09138,86,5,7617.75,3,5,3,Loyal Customers
C09139,208,2,2324.1,1,2,1,Hibernating
C09140,77,2,5679.25,3,2,2,Hibernating
C09141,98,3,5280.200000000001,2,3,2,At Risk
C09142,239,1,1756.8,1,1,1,Hibernating
C09143,201,3,5637.5,1,3,2,At Risk
C09144,101,4,7311.55,2,4,3,At Risk
C09145,3,6,17381.6,5,5,5,Champions
C09146,112,3,4839.3,2,3,2,At Risk
C09147,137,3,6068.75,2,3,2,At Risk
C09148,16,2,8131.5,5,2,3,Potential Loyalists
C09149,11,8,12124.65,5,5,4,Champions
C09150,56,3,6391.0,3,3,2,Loyal Customers
C09151,25,7,28670.4,4,5,5,Champions
C09152,286,2,9495.2,1,2,3,Hibernating
C09154,7,5,15580.400000000001,5,5,5,Champions
C09155,145,1,4443.0,2,1,2,Hibernating
C09156,130,1,1821.6,2,1,1,Hibernating
C09157,200,3,10116.6,1,3,4,At Risk
C09158,56,5,14899.7,3,5,5,Loyal Customers
C09159,37,1,282.2,4,1,1,Potential Loyalists
C09160,11,4,12586.5,5,4,4,Champions
C09161,36,3,9934.8,4,3,4,Loyal Customers
C09163,71,5,23669.5,3,5,5,Loyal Customers
C09164,200,3,9368.8,1,3,3,At Risk
C09165,20,7,15355.0,5,5,5,Champions
C09166,125,2,3239.6,2,2,1,Hibernating
C09167,122,4,10630.0,2,4,4,At Risk
C09168,251,3,11163.699999999999,1,3,4,At Risk
C09169,46,3,9443.6,4,3,3,Loyal Customers
C09170,137,3,13866.15,2,3,4,At Risk
C09171,22,4,18163.5,5,4,5,Champions
C09172,60,4,10217.6,3,4,4,Loyal Customers
C09173,39,2,7390.25,4,2,3,Potential Loyalists
C09174,256,4,8944.25,1,4,3,At Risk
C09175,136,5,9140.0,2,5,3,At Risk
C09176,88,6,14800.599999999999,3,5,5,Loyal Customers
C09177,26,6,19661.2,4,5,5,Champions
C09178,27,4,10558.8,4,4,4,Champions
C09179,243,3,4955.5,1,3,2,At Risk
C09180,75,3,6848.9,3,3,3,Loyal Customers
C09181,74,2,2172.0,3,2,1,Hibernating
C09182,151,6,18432.149999999998,2,5,5,At Risk
C09183,21,4,22608.3,5,4,5,Champions
C09184,47,5,7450.35,4,5,3,Loyal Customers
C09185,82,4,10675.35,3,4,4,Loyal Customers
C09186,132,2,6357.0,2,2,2,Hibernating
C09187,9,9,21028.85,5,5,5,Champions
C09188,52,2,6255.3,4,2,2,Potential Loyalists
C09190,114,7,20645.15,2,5,5,At Risk
C09191,242,2,1125.8000000000002,1,2,1,Hibernating
C09192,350,1,3403.85,1,1,1,Hibernating
C09193,4,5,8951.4,5,5,3,Loyal Customers
C09194,58,3,8123.45,3,3,3,Loyal Customers
C09195,199,1,1257.5,1,1,1,Hibernating
C09196,56,4,10752.45,3,4,4,Loyal Customers
C09197,7,1,2702.05,5,1,1,Potential Loyalists
C09198,155,4,10738.6,2,4,4,At Risk
C09199,39,4,14955.95,4,4,5,Champions
C09200,8,4,12184.1,5,4,4,Champions
C09201,11,6,10341.5,5,5,4,Champions
C09202,211,3,10693.800000000001,1,3,4,At Risk
C09203,74,3,6282.4,3,3,2,Loyal Customers
C09204,75,4,7425.6,3,4,3,Loyal Customers
C09205,103,3,8326.9,2,3,3,At Risk
C09206,338,3,7455.8,1,3,3,At Risk
C09207,70,6,15492.3,3,5,5,Loyal Customers
C09208,40,5,10531.2,4,5,4,Champions
C09209,133,5,12664.55,2,5,4,At Risk
C09210,16,4,13929.0,5,4,4,Champions
C09211,147,4,8556.3,2,4,3,At Risk
C09212,45,5,15401.8,4,5,5,Champions
C09213,5,3,6048.85,5,3,2,Loyal Customers
C09214,246,4,4947.95,1,4,2,At Risk
C09215,24,7,23831.5,4,5,5,Champions
C09216,46,2,14036.8,4,2,4,Potential Loyalists
C09217,16,4,12155.05,5,4,4,Champions
C09218,298,3,13811.9,1,3,4,At Risk
C09219,79,4,8360.2,3,4,3,Loyal Customers
C09220,74,8,14879.65,3,5,5,Loyal Customers
C09221,93,4,13506.35,3,4,4,Loyal Customers
C09222,15,3,11051.0,5,3,4,Loyal Customers
C09223,218,2,6179.4,1,2,2,Hibernating
C09224,60,2,11665.199999999999,3,2,4,Hibernating
C09225,22,2,4363.35,5,2,2,Potential Loyalists
C09226,148,3,4727.45,2,3,2,At Risk
C09227,30,2,2699.0,4,2,1,Potential Loyalists
C09228,17,8,18500.3,5,5,5,Champions
C09229,281,2,5937.0,1,2,2,Hibernating
C09230,80,2,5942.25,3,2,2,Hibernating
C09232,53,5,15313.65,4,5,5,Champions
C09233,289,1,4354.8,1,1,2,Hibernating
C09234,81,4,11206.05,3,4,4,Loyal Customers
C09235,54,3,11573.8,3,3,4,Loyal Customers
C09236,54,3,7182.7,3,3,3,Loyal Customers
C09237,285,5,7924.85,1,5,3,At Risk
C09238,52,1,861.65,4,1,1,Potential Loyalists
C09240,98,5,8723.5,2,5,3,At Risk
C09241,4,5,19201.25,5,5,5,Champions
C09242,115,5,9134.8,2,5,3,At Risk
C09243,1,3,8458.45,5,3,3,Loyal Customers
C09244,101,2,3471.6,2,2,1,Hibernating
C09245,23,6,13658.65,5,5,4,Champions
C09246,36,4,9778.7,4,4,3,Loyal Customers
C09247,20,3,10052.95,5,3,4,Loyal Customers
C09249,13,5,11983.9,5,5,4,Champions
C09250,68,4,19545.0,3,4,5,Loyal Customers
C09252,107,4,15548.9,2,4,5,At Risk
C09253,224,2,10147.150000000001,1,2,4,Hibernating
C09254,34,1,1198.5,4,1,1,Potential Loyalists
C09255,32,4,7342.05,4,4,3,Loyal Customers
C09256,68,2,7712.3,3,2,3,Hibernating
C09257,138,4,6099.4,2,4,2,At Risk
C09258,18,5,11223.65,5,5,4,Champions
C09259,26,2,4536.9,4,2,2,Potential Loyalists
C09260,73,2,5321.5,3,2,2,Hibernating
C09261,197,3,3922.75,1,3,1,At Risk
C09262,28,5,11587.5,4,5,4,Champions
C09263,21,6,19436.85,5,5,5,Champions
C09264,139,2,2779.75,2,2,1,Hibernating
C09265,70,4,22211.95,3,4,5,Loyal Customers
C09266,52,8,17756.1,4,5,5,Champions
C09267,42,5,10680.7,4,5,4,Champions
C09268,11,4,7124.15,5,4,3,Loyal Customers
C09269,176,2,5994.9,1,2,2,Hibernating
C09270,62,5,29045.149999999998,3,5,5,Loyal Customers
C09271,44,4,8913.55,4,4,3,Loyal Customers
C09272,347,1,3194.8,1,1,1,Hibernating
C09273,11,2,3866.6,5,2,1,Potential Loyalists
C09274,218,2,7319.4,1,2,3,Hibernating
C09275,116,2,8125.049999999999,2,2,3,Hibernating
C09276,96,7,21747.35,2,5,5,At Risk
C09277,32,3,6969.45,4,3,3,Loyal Customers
C09278,135,3,5084.25,2,3,2,At Risk
C09279,32,4,8419.65,4,4,3,Loyal Customers
C09280,15,1,480.9,5,1,1,Potential Loyalists
C09281,22,8,21493.85,5,5,5,Champions
C09282,102,2,6090.1,2,2,2,Hibernating
C09283,37,5,17844.15,4,5,5,Champions
C09284,25,2,3782.8,4,2,1,Potential Loyalists
C09285,85,1,2538.0,3,1,1,Hibernating
C09286,294,1,1260.5,1,1,1,Hibernating
C09287,182,3,8841.4,1,3,3,At Risk
C09288,52,3,9921.3,4,3,4,Loyal Customers
C09289,161,1,3456.0,1,1,1,Hibernating
C09290,10,3,15657.2,5,3,5,Loyal Customers
C09291,196,4,8810.9,1,4,3,At Risk
C09292,21,3,6886.3,5,3,3,Loyal Customers
C09293,196,3,8532.25,1,3,3,At Risk
C09294,65,4,14751.35,3,4,5,Loyal Customers
C09295,110,1,4695.0,2,1,2,Hibernating
C09296,27,10,29157.9,4,5,5,Champions
C09298,123,2,5918.7,2,2,2,Hibernating
C09299,239,4,15625.5,1,4,5,At Risk
C09300,74,4,10279.0,3,4,4,Loyal Customers
C09301,67,3,5423.15,3,3,2,Loyal Customers
C09302,152,3,2296.5,2,3,1,At Risk
C09303,105,5,14945.05,2,5,5,At Risk
C09304,287,3,3408.0,1,3,1,At Risk
C09305,99,2,5513.1,2,2,2,Hibernating
C09306,37,4,4790.45,4,4,2,Loyal Customers
C09307,203,4,4993.25,1,4,2,At Risk
C09308,38,3,11393.8,4,3,4,Loyal Customers
C09309,12,3,3319.1,5,3,1,Loyal Customers
C09310,130,4,8695.5,2,4,3,At Risk
C09311,7,3,8205.8,5,3,3,Loyal Customers
C09312,14,5,28697.65,5,5,5,Champions
C09313,7,6,8930.3,5,5,3,Loyal Customers
C09314,13,5,15144.1,5,5,5,Champions
C09315,226,4,17140.350000000002,1,4,5,At Risk
C09316,302,1,1359.15,1,1,1,Hibernating
C09317,219,1,1434.6,1,1,1,Hibernating
C09318,51,5,11320.5,4,5,4,Champions
C09320,162,2,10865.4,1,2,4,Hibernating
C09321,17,5,8229.1,5,5,3,Loyal Customers
C09322,9,4,7981.85,5,4,3,Loyal Customers
C09323,70,3,7538.1,3,3,3,Loyal Customers
C09324,208,3,9894.8,1,3,4,At Risk
C09325,89,5,16594.35,3,5,5,Loyal Customers
C09326,21,4,4137.0,5,4,2,Loyal Customers
C09327,42,8,30871.7,4,5,5,Champions
C09328,28,5,7346.4,4,5,3,Loyal Customers
C09329,30,4,7510.8,4,4,3,Loyal Customers
C09330,20,2,2857.4500000000003,5,2,1,Potential Loyalists
C09331,23,2,3675.15,5,2,1,Potential Loyalists
C09332,276,2,2588.0,1,2,1,Hibernating
C09333,102,4,6743.55,2,4,2,At Risk
C09334,145,4,6666.9,2,4,2,At Risk
C09335,247,2,9054.7,1,2,3,Hibernating
C09336,86,3,7986.9,3,3,3,Loyal Customers
C09337,62,3,9721.0,3,3,3,Loyal Customers
C09338,27,3,5041.799999999999,4,3,2,Loyal Customers
C09339,79,3,9767.150000000001,3,3,3,Loyal Customers
C09340,47,6,29848.35,4,5,5,Champions
C09341,11,4,7511.0,5,4,3,Loyal Customers
C09342,45,3,9792.8,4,3,3,Loyal Customers
C09343,33,4,13485.9,4,4,4,Champions
C09344,215,1,1122.1,1,1,1,Hibernating
C09345,110,1,2923.2,2,1,1,Hibernating
C09346,38,6,9709.45,4,5,3,Loyal Customers
C09347,31,4,10631.8,4,4,4,Champions
C09348,76,2,7463.200000000001,3,2,3,Hibernating
C09349,213,1,7836.75,1,1,3,Hibernating
C09350,16,6,17079.2,5,5,5,Champions
C09351,33,4,11840.8,4,4,4,Champions
C09352,15,4,6270.75,5,4,2,Loyal Customers
C09353,15,2,5266.75,5,2,2,Potential Loyalists
C09354,31,8,27182.149999999998,4,5,5,Champions
C09355,88,3,7618.200000000001,3,3,3,Loyal Customers
C09356,283,1,3878.85,1,1,1,Hibernating
C09357,130,3,13258.5,2,3,4,At Risk
C09358,13,3,9355.65,5,3,3,Loyal Customers
C09359,55,3,5362.95,3,3,2,Loyal Customers
C09360,15,6,12808.0,5,5,4,Champions
C09361,22,3,8650.4,5,3,3,Loyal Customers
C09362,45,3,2756.6,4,3,1,Loyal Customers
C09363,165,3,6179.5,1,3,2,At Risk
C09364,117,5,18251.4,2,5,5,At Risk
C09365,22,6,16288.45,5,5,5,Champions
C09366,121,2,5439.5,2,2,2,Hibernating
C09367,253,1,1540.7,1,1,1,Hibernating
C09368,329,2,6081.0,1,2,2,Hibernating
C09369,129,3,17339.8,2,3,5,At Risk
C09370,317,2,5032.200000000001,1,2,2,Hibernating
C09371,211,1,2787.85,1,1,1,Hibernating
C09372,55,4,10201.4,3,4,4,Loyal Customers
C09373,60,6,20405.3,3,5,5,Loyal Customers
C09374,138,2,7683.200000000001,2,2,3,Hibernating
C09375,74,2,2177.4,3,2,1,Hibernating
C09376,257,1,711.75,1,1,1,Hibernating
C09377,2,5,11620.0,5,5,4,Champions
C09378,38,2,7805.8,4,2,3,Potential Loyalists
C09379,112,3,7785.6,2,3,3,At Risk
C09380,73,2,8076.2,3,2,3,Hibernating
C09381,41,5,18391.35,4,5,5,Champions
C09382,38,4,17659.2,4,4,5,Champions
C09383,40,4,9600.6,4,4,3,Loyal Customers
C09384,27,5,11163.1,4,5,4,Champions
C09385,116,1,1474.85,2,1,1,Hibernating
C09386,93,3,5861.6,3,3,2,Loyal Customers
C09387,95,2,4863.950000000001,2,2,2,Hibernating
C09388,58,4,10739.2,3,4,4,Loyal Customers
C09389,122,3,6705.4,2,3,2,At Risk
C09390,47,4,15709.4,4,4,5,Champions
C09391,42,5,16016.65,4,5,5,Champions
C09392,48,8,21329.3,4,5,5,Champions
C09393,6,5,15667.85,5,5,5,Champions
C09394,2,4,13444.3,5,4,4,Champions
C09395,152,1,2688.4,2,1,1,Hibernating
C09396,263,2,3464.7,1,2,1,Hibernating
C09397,119,4,16525.75,2,4,5,At Risk
C09398,1,5,12055.05,5,5,4,Champions
C09399,69,4,10358.25,3,4,4,Loyal Customers
C09400,3,5,7492.65,5,5,3,Loyal Customers
C09401,64,1,1600.5,3,1,1,Hibernating
C09402,85,7,24146.45,3,5,5,Loyal Customers
C09403,29,3,4699.5,4,3,2,Loyal Customers
C09404,11,4,14064.699999999999,5,4,4,Champions
C09405,110,3,6435.200000000001,2,3,2,At Risk
C09406,289,1,4219.0,1,1,2,Hibernating
C09407,8,5,9819.05,5,5,3,Loyal Customers
C09409,198,2,3260.8,1,2,1,Hibernating
C09410,14,5,12215.8,5,5,4,Champions
C09411,83,3,5629.05,3,3,2,Loyal Customers
C09412,208,2,5754.8,1,2,2,Hibernating
C09413,210,1,791.0,1,1,1,Hibernating
C09414,70,8,13856.45,3,5,4,Loyal Customers
C09415,217,1,769.0,1,1,1,Hibernating
C09416,39,3,8446.599999999999,4,3,3,Loyal Customers
C09417,65,3,2475.8,3,3,1,Loyal Customers
C09418,46,4,8340.7,4,4,3,Loyal Customers
C09419,100,1,1726.4,2,1,1,Hibernating
C09420,44,1,3113.6,4,1,1,Potential Loyalists
C09421,89,1,2134.4,3,1,1,Hibernating
C09422,18,4,11273.15,5,4,4,Champions
C09423,10,3,6509.6,5,3,2,Loyal Customers
C09424,21,3,5955.049999999999,5,3,2,Loyal Customers
C09425,79,7,27282.550000000003,3,5,5,Loyal Customers
C09426,155,3,7586.450000000001,2,3,3,At Risk
C09427,53,3,14927.199999999999,4,3,5,Loyal Customers
C09428,45,3,9365.75,4,3,3,Loyal Customers
C09429,38,6,18560.8,4,5,5,Champions
C09430,132,1,4196.45,2,1,2,Hibernating
C09431,92,3,5794.5,3,3,2,Loyal Customers
C09432,2,7,22700.4,5,5,5,Champions
C09433,72,4,4208.7,3,4,2,Loyal Customers
C09434,21,3,5589.05,5,3,2,Loyal Customers
C09435,84,5,14986.5,3,5,5,Loyal Customers
C09436,257,4,9675.3,1,4,3,At Risk
C09437,123,7,26127.5,2,5,5,At Risk
C09438,96,7,13391.85,2,5,4,At Risk
C09439,126,4,18825.050000000003,2,4,5,At Risk
C09441,301,1,329.5,1,1,1,Hibernating
C09442,58,3,7279.400000000001,3,3,3,Loyal Customers
C09443,28,5,11728.699999999999,4,5,4,Champions
C09444,79,1,9612.0,3,1,3,Hibernating
C09445,102,2,8026.65,2,2,3,Hibernating
C09447,40,5,8169.25,4,5,3,Loyal Customers
C09448,238,2,1776.6,1,2,1,Hibernating
C09449,214,2,2459.5,1,2,1,Hibernating
C09450,131,2,6167.2,2,2,2,Hibernating
C09451,59,2,998.1,3,2,1,Hibernating
C09452,269,3,5797.65,1,3,2,At Risk
C09453,122,2,5036.4,2,2,2,Hibernating
C09454,223,2,13302.85,1,2,4,Hibernating
C09455,32,3,5682.05,4,3,2,Loyal Customers
C09456,112,2,6887.5,2,2,3,Hibernating
C09457,15,2,1896.6,5,2,1,Potential Loyalists
C09458,3,4,7127.0,5,4,3,Loyal Customers
C09460,42,9,18297.1,4,5,5,Champions
C09461,18,2,5370.95,5,2,2,Potential Loyalists
C09462,1,5,27943.75,5,5,5,Champions
C09463,160,2,6534.7,2,2,2,Hibernating
C09464,12,2,6124.05,5,2,2,Potential Loyalists
C09465,171,2,9587.4,1,2,3,Hibernating
C09466,20,4,11698.9,5,4,4,Champions
C09467,7,4,7546.2,5,4,3,Loyal Customers
C09468,146,1,12007.95,2,1,4,Hibernating
C09469,111,1,1988.8,2,1,1,Hibernating
C09470,59,5,16945.35,3,5,5,Loyal Customers
C09473,71,5,8914.05,3,5,3,Loyal Customers
C09474,24,4,8040.8,4,4,3,Loyal Customers
C09475,99,4,7272.1,2,4,3,At Risk
C09476,96,4,14910.1,2,4,5,At Risk
C09477,151,2,4097.1,2,2,2,Hibernating
C09478,77,2,3245.55,3,2,1,Hibernating
C09479,268,1,188.4,1,1,1,Hibernating
C09480,106,2,6866.2,2,2,3,Hibernating
C09481,38,3,6220.55,4,3,2,Loyal Customers
C09482,54,2,6143.8,3,2,2,Hibernating
C09483,89,3,5247.0,3,3,2,Loyal Customers
C09484,37,3,6574.7,4,3,2,Loyal Customers
C09485,43,7,10267.75,4,5,4,Champions
C09486,77,6,24729.2,3,5,5,Loyal Customers
C09487,115,3,4396.35,2,3,2,At Risk
C09488,271,2,4960.3,1,2,2,Hibernating
C09489,49,7,19652.0,4,5,5,Champions
C09490,20,4,8031.349999999999,5,4,3,Loyal Customers
C09491,52,4,12362.7,4,4,4,Champions
C09492,241,2,4308.0,1,2,2,Hibernating
C09493,193,3,7438.05,1,3,3,At Risk
C09494,61,5,7578.05,3,5,3,Loyal Customers
C09495,300,2,3548.2999999999997,1,2,1,Hibernating
C09496,116,4,14606.1,2,4,5,At Risk
C09497,210,3,4849.25,1,3,2,At Risk
C09498,59,3,5966.4,3,3,2,Loyal Customers
C09499,245,2,2181.1,1,2,1,Hibernating
C09500,163,3,7820.7,1,3,3,At Risk
C09501,180,2,3158.1,1,2,1,Hibernating
C09502,10,5,15413.05,5,5,5,Champions
C09503,214,2,7379.5,1,2,3,Hibernating
C09504,130,3,7523.3,2,3,3,At Risk
C09505,102,4,10154.4,2,4,4,At Risk
C09506,13,2,6508.4,5,2,2,Potential Loyalists
C09507,72,5,12827.25,3,5,4,Loyal Customers
C09508,22,2,4666.900000000001,5,2,2,Potential Loyalists
C09509,150,3,5846.0,2,3,2,At Risk
C09510,13,4,13116.7,5,4,4,Champions
C09511,90,4,11551.35,3,4,4,Loyal Customers
C09512,23,5,9520.65,5,5,3,Loyal Customers
C09513,48,4,2849.0,4,4,1,Loyal Customers
C09514,2,2,5651.15,5,2,2,Potential Loyalists
C09515,65,4,4852.2,3,4,2,Loyal Customers
C09516,48,3,10365.6,4,3,4,Loyal Customers
C09517,334,1,1951.2,1,1,1,Hibernating
C09518,14,6,16769.15,5,5,5,Champions
C09519,31,3,8065.5,4,3,3,Loyal Customers
C09520,56,3,2640.8,3,3,1,Loyal Customers
C09521,145,6,17722.350000000002,2,5,5,At Risk
C09522,67,4,9900.85,3,4,4,Loyal Customers
C09523,68,8,25262.000000000004,3,5,5,Loyal Customers
C09524,96,4,13491.35,2,4,4,At Risk
C09525,74,2,1606.3,3,2,1,Hibernating
C09526,4,5,15667.2,5,5,5,Champions
C09527,80,2,5870.4,3,2,2,Hibernating
C09528,33,4,3523.2999999999997,4,4,1,Loyal Customers
C09529,52,4,14013.5,4,4,4,Champions
C09530,29,10,25735.0,4,5,5,Champions
C09531,47,4,7159.9,4,4,3,Loyal Customers
C09532,18,5,12439.9,5,5,4,Champions
C09533,9,2,8151.7,5,2,3,Potential Loyalists
C09534,94,2,2885.8,3,2,1,Hibernating
C09535,46,2,5137.45,4,2,2,Potential Loyalists
C09536,119,8,20833.4,2,5,5,At Risk
C09537,179,2,14692.800000000001,1,2,5,Hibernating
C09538,32,3,12298.0,4,3,4,Loyal Customers
C09539,270,2,16262.7,1,2,5,Hibernating
C09540,13,5,8833.2,5,5,3,Loyal Customers
C09541,9,1,929.0,5,1,1,Potential Loyalists
C09542,114,3,10304.25,2,3,4,At Risk
C09543,51,2,2570.8,4,2,1,Potential Loyalists
C09545,309,2,6750.5,1,2,2,Hibernating
C09546,168,6,10434.05,1,5,4,At Risk
C09547,21,5,12103.5,5,5,4,Champions
C09548,68,3,2552.1,3,3,1,Loyal Customers
C09549,53,4,9613.65,4,4,3,Loyal Customers
C09550,97,1,4944.0,2,1,2,Hibernating
C09551,130,4,14269.4,2,4,4,At Risk
C09552,18,6,14894.25,5,5,5,Champions
C09553,43,6,9917.8,4,5,4,Champions
C09554,3,6,31641.049999999996,5,5,5,Champions
C09555,241,3,7908.25,1,3,3,At Risk
C09556,17,4,18137.350000000002,5,4,5,Champions
C09557,7,4,18194.55,5,4,5,Champions
C09559,35,4,7629.8,4,4,3,Loyal Customers
C09560,34,4,6381.65,4,4,2,Loyal Customers
C09561,117,1,8157.0,2,1,3,Hibernating
C09562,28,5,9675.45,4,5,3,Loyal Customers
C09563,83,8,17056.7,3,5,5,Loyal Customers
C09564,65,4,12522.45,3,4,4,Loyal Customers
C09565,53,4,7332.7,4,4,3,Loyal Customers
C09566,53,1,3731.25,4,1,1,Potential Loyalists
C09567,303,1,2085.6,1,1,1,Hibernating
C09568,70,5,11125.05,3,5,4,Loyal Customers
C09569,36,4,9704.55,4,4,3,Loyal Customers
C09570,24,6,12535.75,4,5,4,Champions
C09571,33,5,12496.300000000001,4,5,4,Champions
C09572,8,3,13210.900000000001,5,3,4,Loyal Customers
C09573,2,5,18391.25,5,5,5,Champions
C09574,18,5,8956.75,5,5,3,Loyal Customers
C09575,108,2,5401.9,2,2,2,Hibernating
C09576,204,3,7436.799999999999,1,3,3,At Risk
C09577,107,5,13622.4,2,5,4,At Risk
C09578,86,4,19836.0,3,4,5,Loyal Customers
C09579,143,2,8282.6,2,2,3,Hibernating
C09580,147,2,5344.6,2,2,2,Hibernating
C09581,2,5,17602.3,5,5,5,Champions
C09582,21,5,12087.0,5,5,4,Champions
C09583,140,3,2984.6499999999996,2,3,1,At Risk
C09584,15,4,8103.0,5,4,3,Loyal Customers
C09585,43,2,5648.35,4,2,2,Potential Loyalists
C09586,55,5,10581.4,3,5,4,Loyal Customers
C09587,12,3,8048.4,5,3,3,Loyal Customers
C09588,64,3,5659.8,3,3,2,Loyal Customers
C09589,114,2,8413.5,2,2,3,Hibernating
C09590,24,4,16425.45,4,4,5,Champions
C09591,67,2,3234.4,3,2,1,Hibernating
C09592,131,4,8179.1,2,4,3,At Risk
C09593,74,4,12951.9,3,4,4,Loyal Customers
C09594,105,5,12141.2,2,5,4,At Risk
C09595,188,2,2789.0,1,2,1,Hibernating
C09596,18,5,6166.25,5,5,2,Loyal Customers
C09597,29,3,10950.3,4,3,4,Loyal Customers
C09598,124,4,8651.05,2,4,3,At Risk
C09599,112,6,12658.45,2,5,4,At Risk
C09600,107,2,3917.2000000000003,2,2,1,Hibernating
C09601,310,1,8000.0,1,1,3,Hibernating
C09602,275,1,1084.5,1,1,1,Hibernating
C09603,87,5,16116.2,3,5,5,Loyal Customers
C09604,72,2,9201.45,3,2,3,Hibernating
C09605,27,7,17766.65,4,5,5,Champions
C09606,112,5,17849.15,2,5,5,At Risk
C09607,180,1,1904.0,1,1,1,Hibernating
C09608,17,4,13774.1,5,4,4,Champions
C09609,7,2,3205.6000000000004,5,2,1,Potential Loyalists
C09610,118,5,21808.3,2,5,5,At Risk
C09611,66,6,23195.9,3,5,5,Loyal Customers
C09612,34,3,14857.650000000001,4,3,5,Loyal Customers
C09613,148,4,12468.6,2,4,4,At Risk
C09614,110,2,2419.4,2,2,1,Hibernating
C09615,26,5,12176.45,4,5,4,Champions
C09616,203,2,3319.2000000000003,1,2,1,Hibernating
C09617,32,2,2414.3,4,2,1,Potential Loyalists
C09618,95,3,6143.45,2,3,2,At Risk
C09619,77,4,7375.5,3,4,3,Loyal Customers
C09620,10,3,4088.95,5,3,2,Loyal Customers
C09621,52,3,6286.5,4,3,2,Loyal Customers
C09622,94,3,8476.4,3,3,3,Loyal Customers
C09623,149,3,4779.3,2,3,2,At Risk
C09624,143,5,9196.65,2,5,3,At Risk
C09625,26,6,17929.0,4,5,5,Champions
C09626,202,2,5094.2,1,2,2,Hibernating
C09627,37,6,20706.2,4,5,5,Champions
C09628,26,4,21872.85,4,4,5,Champions
C09629,199,2,4563.2,1,2,2,Hibernating
C09630,199,3,5510.7,1,3,2,At Risk
C09631,50,5,11200.849999999999,4,5,4,Champions
C09633,23,2,5184.75,5,2,2,Potential Loyalists
C09634,113,4,7146.400000000001,2,4,3,At Risk
C09635,68,6,10330.5,3,5,4,Loyal Customers
C09636,112,4,9710.65,2,4,3,At Risk
C09637,6,9,32353.25,5,5,5,Champions
C09638,25,7,22028.1,4,5,5,Champions
C09639,107,4,7674.5,2,4,3,At Risk
C09640,39,1,2870.0,4,1,1,Potential Loyalists
C09641,9,2,6458.0,5,2,2,Potential Loyalists
C09642,9,4,5175.95,5,4,2,Loyal Customers
C09643,17,3,7927.15,5,3,3,Loyal Customers
C09644,58,4,8057.9,3,4,3,Loyal Customers
C09645,122,5,22404.7,2,5,5,At Risk
C09646,24,4,8457.2,4,4,3,Loyal Customers
C09647,23,5,14034.0,5,5,4,Champions
C09648,42,5,17327.4,4,5,5,Champions
C09649,83,2,11029.8,3,2,4,Hibernating
C09650,144,4,18687.7,2,4,5,At Risk
C09651,85,4,11008.35,3,4,4,Loyal Customers
C09652,5,2,7685.0,5,2,3,Potential Loyalists
C09653,5,4,10547.849999999999,5,4,4,Champions
C09654,202,4,7320.799999999999,1,4,3,At Risk
C09655,154,4,14834.550000000001,2,4,5,At Risk
C09656,168,3,6527.4,1,3,2,At Risk
C09657,60,6,8285.45,3,5,3,Loyal Customers
C09658,154,5,12633.95,2,5,4,At Risk
C09659,94,2,1277.2,3,2,1,Hibernating
C09660,208,2,5566.6,1,2,2,Hibernating
C09661,58,5,14554.150000000001,3,5,5,Loyal Customers
C09662,202,4,12355.8,1,4,4,At Risk
C09664,266,3,2433.65,1,3,1,At Risk
C09666,90,4,10621.75,3,4,4,Loyal Customers
C09667,86,5,19191.300000000003,3,5,5,Loyal Customers
C09668,38,3,7815.9,4,3,3,Loyal Customers
C09669,102,4,8481.35,2,4,3,At Risk
C09670,231,2,6471.95,1,2,2,Hibernating
C09671,235,1,4206.4,1,1,2,Hibernating
C09672,87,4,4837.9,3,4,2,Loyal Customers
C09673,30,4,11064.2,4,4,4,Champions
C09674,77,4,9406.4,3,4,3,Loyal Customers
C09675,23,3,20144.6,5,3,5,Loyal Customers
C09676,353,1,1459.8,1,1,1,Hibernating
C09677,73,4,5297.8,3,4,2,Loyal Customers
C09678,11,6,16725.7,5,5,5,Champions
C09679,156,3,16315.350000000002,2,3,5,At Risk
C09680,256,3,6110.1,1,3,2,At Risk
C09681,68,3,12230.300000000001,3,3,4,Loyal Customers
C09682,11,7,16940.8,5,5,5,Champions
C09683,67,4,16379.6,3,4,5,Loyal Customers
C09684,13,4,14468.4,5,4,5,Champions
C09685,89,3,5838.65,3,3,2,Loyal Customers
C09686,59,2,6800.299999999999,3,2,3,Hibernating
C09687,83,1,2061.5,3,1,1,Hibernating
C09688,106,2,4721.1,2,2,2,Hibernating
C09689,65,7,24430.899999999998,3,5,5,Loyal Customers
C09690,30,5,11896.4,4,5,4,Champions
C09691,5,8,25774.6,5,5,5,Champions
C09692,102,1,1480.8,2,1,1,Hibernating
C09693,16,5,21662.45,5,5,5,Champions
C09695,12,8,15142.65,5,5,5,Champions
C09696,138,2,6513.6,2,2,2,Hibernating
C09697,92,1,3768.0,3,1,1,Hibernating
C09698,94,2,14204.0,3,2,4,Hibernating
C09700,155,2,3355.5,2,2,1,Hibernating
C09701,55,4,10124.650000000001,3,4,4,Loyal Customers
C09702,3,4,14674.15,5,4,5,Champions
C09703,340,1,1281.8,1,1,1,Hibernating
C09705,8,7,16754.45,5,5,5,Champions
C09706,237,4,12358.3,1,4,4,At Risk
C09707,34,4,7682.85,4,4,3,Loyal Customers
C09708,95,3,5667.5,2,3,2,At Risk
C09709,29,1,405.0,4,1,1,Potential Loyalists
C09711,36,5,17837.75,4,5,5,Champions
C09712,96,3,8186.2,2,3,3,At Risk
C09713,79,2,12402.0,3,2,4,Hibernating
C09714,80,6,13764.0,3,5,4,Loyal Customers
C09715,69,3,12314.95,3,3,4,Loyal Customers
C09716,1,7,19046.45,5,5,5,Champions
C09717,313,1,690.0,1,1,1,Hibernating
C09718,18,3,5908.6,5,3,2,Loyal Customers
C09719,42,6,14140.45,4,5,4,Champions
C09720,186,1,1870.7,1,1,1,Hibernating
C09721,304,1,1238.25,1,1,1,Hibernating
C09722,86,3,14945.75,3,3,5,Loyal Customers
C09723,51,2,4717.0,4,2,2,Potential Loyalists
C09724,260,2,5602.35,1,2,2,Hibernating
C09725,276,3,10931.7,1,3,4,At Risk
C09726,13,3,5679.4,5,3,2,Loyal Customers
C09727,3,6,25870.25,5,5,5,Champions
C09728,172,8,15669.5,1,5,5,At Risk
C09729,166,4,6929.5,1,4,3,At Risk
C09730,120,2,5015.0,2,2,2,Hibernating
C09731,53,3,11379.150000000001,4,3,4,Loyal Customers
C09732,232,4,8448.7,1,4,3,At Risk
C09733,9,2,5505.5,5,2,2,Potential Loyalists
C09734,49,2,13519.8,4,2,4,Potential Loyalists
C09735,115,5,11971.65,2,5,4,At Risk
C09736,108,3,6828.4,2,3,3,At Risk
C09737,91,4,24056.4,3,4,5,Loyal Customers
C09738,119,2,4219.2,2,2,2,Hibernating
C09739,76,5,17399.2,3,5,5,Loyal Customers
C09740,56,1,635.6,3,1,1,Hibernating
C09741,71,4,9914.4,3,4,4,Loyal Customers
C09742,239,2,2735.95,1,2,1,Hibernating
C09743,160,3,10586.2,2,3,4,At Risk
C09744,36,1,1714.5,4,1,1,Potential Loyalists
C09745,46,3,12333.599999999999,4,3,4,Loyal Customers
C09746,25,10,20823.8,4,5,5,Champions
C09747,15,3,6112.85,5,3,2,Loyal Customers
C09748,21,6,14277.5,5,5,5,Champions
C09749,92,2,4731.8,3,2,2,Hibernating
C09750,24,7,13751.9,4,5,4,Champions
C09751,4,3,7225.2,5,3,3,Loyal Customers
C09752,115,4,7144.1,2,4,3,At Risk
C09753,152,3,4482.1,2,3,2,At Risk
C09754,77,6,22997.899999999998,3,5,5,Loyal Customers
C09755,220,1,2016.0,1,1,1,Hibernating
C09756,305,2,2055.5,1,2,1,Hibernating
C09757,134,5,15129.0,2,5,5,At Risk
C09758,12,5,6351.2,5,5,2,Loyal Customers
C09759,106,4,14919.449999999999,2,4,5,At Risk
C09760,103,3,14602.8,2,3,5,At Risk
C09761,217,2,3878.0,1,2,1,Hibernating
C09762,285,2,4677.2,1,2,2,Hibernating
C09763,190,3,21860.8,1,3,5,At Risk
C09764,91,4,6772.400000000001,3,4,2,Loyal Customers
C09765,102,3,13381.5,2,3,4,At Risk
C09766,4,3,9410.85,5,3,3,Loyal Customers
C09767,133,7,17734.7,2,5,5,At Risk
C09768,30,2,7406.200000000001,4,2,3,Potential Loyalists
C09769,19,5,10729.3,5,5,4,Champions
C09770,15,4,13676.3,5,4,4,Champions
C09771,9,8,11261.25,5,5,4,Champions
C09772,221,2,5446.1,1,2,2,Hibernating
C09773,280,1,2891.85,1,1,1,Hibernating
C09774,9,4,12158.5,5,4,4,Champions
C09775,24,4,12536.15,4,4,4,Champions
C09776,6,7,17295.95,5,5,5,Champions
C09777,63,2,1918.6,3,2,1,Hibernating
C09778,119,5,16451.649999999998,2,5,5,At Risk
C09779,23,4,6842.0,5,4,3,Loyal Customers
C09780,125,3,4968.6,2,3,2,At Risk
C09781,32,1,1521.8,4,1,1,Potential Loyalists
C09782,30,2,6597.3,4,2,2,Potential Loyalists
C09783,225,2,4960.8,1,2,2,Hibernating
C09784,115,5,17027.4,2,5,5,At Risk
C09785,23,6,13983.5,5,5,4,Champions
C09786,236,1,1778.8,1,1,1,Hibernating
C09787,346,1,1619.2,1,1,1,Hibernating
C09789,208,2,2050.3,1,2,1,Hibernating
C09790,205,3,6767.6,1,3,2,At Risk
C09791,62,5,16320.4,3,5,5,Loyal Customers
C09792,65,6,24712.65,3,5,5,Loyal Customers
C09793,126,1,3548.8,2,1,1,Hibernating
C09794,68,2,6001.2,3,2,2,Hibernating
C09795,17,4,7103.9,5,4,3,Loyal Customers
C09796,38,5,13461.35,4,5,4,Champions
C09797,104,4,13427.199999999999,2,4,4,At Risk
C09798,11,3,12203.4,5,3,4,Loyal Customers
C09799,16,5,12527.4,5,5,4,Champions
C09800,14,2,7557.4,5,2,3,Potential Loyalists
C09801,44,2,3321.55,4,2,1,Potential Loyalists
C09802,2,5,13624.2,5,5,4,Champions
C09803,31,4,6428.25,4,4,2,Loyal Customers
C09804,137,5,13779.45,2,5,4,At Risk
C09806,114,2,4059.95,2,2,2,Hibernating
C09807,134,2,10165.2,2,2,4,Hibernating
C09808,108,1,362.4,2,1,1,Hibernating
C09809,28,6,18581.9,4,5,5,Champions
C09810,5,5,8830.05,5,5,3,Loyal Customers
C09811,100,3,18094.8,2,3,5,At Risk
C09812,85,4,9230.65,3,4,3,Loyal Customers
C09813,123,3,6094.1,2,3,2,At Risk
C09814,139,3,14821.3,2,3,5,At Risk
C09815,32,1,745.5,4,1,1,Potential Loyalists
C09816,93,2,5931.95,3,2,2,Hibernating
C09817,3,5,22817.300000000003,5,5,5,Champions
C09818,216,1,3747.75,1,1,1,Hibernating
C09819,52,5,12473.45,4,5,4,Champions
C09820,230,1,2979.2,1,1,1,Hibernating
C09821,242,3,10412.9,1,3,4,At Risk
C09822,200,4,11239.2,1,4,4,At Risk
C09823,45,2,16304.85,4,2,5,Potential Loyalists
C09824,107,1,1657.0,2,1,1,Hibernating
C09825,109,6,23769.0,2,5,5,At Risk
C09826,14,6,13252.6,5,5,4,Champions
C09827,4,4,5855.5,5,4,2,Loyal Customers
C09828,63,7,21900.2,3,5,5,Loyal Customers
C09829,82,2,2894.4,3,2,1,Hibernating
C09830,23,5,11317.25,5,5,4,Champions
C09831,100,5,14060.65,2,5,4,At Risk
C09832,60,3,6199.85,3,3,2,Loyal Customers
C09833,52,4,8916.25,4,4,3,Loyal Customers
C09834,119,5,15262.400000000001,2,5,5,At Risk
C09835,10,5,15559.85,5,5,5,Champions
C09836,3,4,16483.3,5,4,5,Champions
C09837,339,1,5572.5,1,1,2,Hibernating
C09838,105,3,6674.4,2,3,2,At Risk
C09839,8,8,13354.4,5,5,4,Champions
C09840,48,3,21581.15,4,3,5,Loyal Customers
C09841,140,4,5845.5,2,4,2,At Risk
C09843,29,3,4657.2,4,3,2,Loyal Customers
C09844,10,4,22139.300000000003,5,4,5,Champions
C09845,63,2,2764.0,3,2,1,Hibernating
C09846,3,4,13310.75,5,4,4,Champions
C09847,113,5,17201.95,2,5,5,At Risk
C09848,17,5,9697.15,5,5,3,Loyal Customers
C09849,56,5,14138.65,3,5,4,Loyal Customers
C09850,37,4,10050.6,4,4,4,Champions
C09851,94,6,16031.4,3,5,5,Loyal Customers
C09853,117,2,9568.25,2,2,3,Hibernating
C09854,171,1,2483.0,1,1,1,Hibernating
C09855,261,2,6548.0,1,2,2,Hibernating
C09856,39,6,13449.0,4,5,4,Champions
C09857,164,2,9192.4,1,2,3,Hibernating
C09858,164,4,11821.35,1,4,4,At Risk
C09859,20,3,7132.85,5,3,3,Loyal Customers
C09860,81,5,7863.599999999999,3,5,3,Loyal Customers
C09861,69,2,7767.0,3,2,3,Hibernating
C09862,171,4,16436.699999999997,1,4,5,At Risk
C09863,13,2,3751.8,5,2,1,Potential Loyalists
C09864,318,1,1024.8,1,1,1,Hibernating
C09865,228,2,2148.1,1,2,1,Hibernating
C09866,10,1,3716.25,5,1,1,Potential Loyalists
C09868,45,5,8119.75,4,5,3,Loyal Customers
C09869,93,3,4800.7,3,3,2,Loyal Customers
C09870,101,5,24469.600000000002,2,5,5,At Risk
C09871,117,3,6192.25,2,3,2,At Risk
C09872,236,2,3985.6000000000004,1,2,1,Hibernating
C09873,136,2,11026.2,2,2,4,Hibernating
C09874,6,5,14758.25,5,5,5,Champions
C09875,17,2,6583.3,5,2,2,Potential Loyalists
C09876,287,2,2704.4,1,2,1,Hibernating
C09877,39,4,11157.3,4,4,4,Champions
C09878,63,3,5856.8,3,3,2,Loyal Customers
C09879,49,5,10288.0,4,5,4,Champions
C09880,200,2,7418.35,1,2,3,Hibernating
C09881,70,4,6438.45,3,4,2,Loyal Customers
C09882,5,8,15366.15,5,5,5,Champions
C09883,1,4,8954.2,5,4,3,Loyal Customers
C09884,119,3,4198.05,2,3,2,At Risk
C09885,249,2,5172.6,1,2,2,Hibernating
C09886,38,4,5678.1,4,4,2,Loyal Customers
C09887,20,6,11885.35,5,5,4,Champions
C09888,52,5,20780.7,4,5,5,Champions
C09889,39,3,7750.6,4,3,3,Loyal Customers
C09890,28,6,15597.7,4,5,5,Champions
C09891,118,5,16464.8,2,5,5,At Risk
C09892,3,3,17669.75,5,3,5,Loyal Customers
C09893,188,4,12713.399999999998,1,4,4,At Risk
C09894,77,5,25053.3,3,5,5,Loyal Customers
C09895,196,2,7031.05,1,2,3,Hibernating
C09896,118,3,5010.75,2,3,2,At Risk
C09897,73,3,8471.4,3,3,3,Loyal Customers
C09898,36,5,14952.8,4,5,5,Champions
C09899,244,2,11642.650000000001,1,2,4,Hibernating
C09900,42,4,9895.55,4,4,4,Champions
C09901,5,6,20618.100000000002,5,5,5,Champions
C09902,84,2,3630.6000000000004,3,2,1,Hibernating
C09903,96,5,11335.15,2,5,4,At Risk
C09904,244,2,4051.6,1,2,2,Hibernating
C09906,44,1,416.8,4,1,1,Potential Loyalists
C09907,24,6,24811.3,4,5,5,Champions
C09908,57,3,4990.35,3,3,2,Loyal Customers
C09909,86,5,9821.9,3,5,3,Loyal Customers
C09910,108,2,1926.5,2,2,1,Hibernating
C09911,17,5,11980.3,5,5,4,Champions
C09912,59,8,34633.4,3,5,5,Loyal Customers
C09914,32,4,16819.600000000002,4,4,5,Champions
C09915,182,1,2505.75,1,1,1,Hibernating
C09916,9,4,6421.4,5,4,2,Loyal Customers
C09917,169,2,4647.65,1,2,2,Hibernating
C09918,1,5,18554.75,5,5,5,Champions
C09919,211,2,6421.049999999999,1,2,2,Hibernating
C09920,50,3,10152.199999999999,4,3,4,Loyal Customers
C09921,54,1,2101.5,3,1,1,Hibernating
C09922,37,2,4620.0,4,2,2,Potential Loyalists
C09923,40,3,7882.700000000001,4,3,3,Loyal Customers
C09924,72,10,19844.1,3,5,5,Loyal Customers
C09925,11,4,10200.15,5,4,4,Champions
C09926,124,4,16913.9,2,4,5,At Risk
C09927,16,2,11885.9,5,2,4,Potential Loyalists
C09928,103,3,6215.8,2,3,2,At Risk
C09929,64,2,7082.0,3,2,3,Hibernating
C09930,195,1,11324.55,1,1,4,Hibernating
C09931,129,2,11522.4,2,2,4,Hibernating
C09932,25,6,13247.85,4,5,4,Champions
C09933,88,4,7246.85,3,4,3,Loyal Customers
C09934,102,3,10276.8,2,3,4,At Risk
C09935,131,2,3279.8999999999996,2,2,1,Hibernating
C09936,129,1,1623.2,2,1,1,Hibernating
C09937,56,2,5995.7,3,2,2,Hibernating
C09938,34,2,4595.2,4,2,2,Potential Loyalists
C09939,278,2,2725.05,1,2,1,Hibernating
C09940,82,3,3779.45,3,3,1,Loyal Customers
C09941,73,5,10540.6,3,5,4,Loyal Customers
C09943,34,3,18140.0,4,3,5,Loyal Customers
C09944,101,5,22725.5,2,5,5,At Risk
C09945,40,4,14231.95,4,4,4,Champions
C09946,146,2,2377.6,2,2,1,Hibernating
C09947,68,2,5481.4,3,2,2,Hibernating
C09948,129,2,3723.6000000000004,2,2,1,Hibernating
C09949,65,3,10327.5,3,3,4,Loyal Customers
C09950,68,3,10727.95,3,3,4,Loyal Customers
C09951,64,3,3212.2000000000003,3,3,1,Loyal Customers
C09952,310,3,9895.0,1,3,4,At Risk
C09953,29,4,4082.55,4,4,2,Loyal Customers
C09954,15,4,16482.6,5,4,5,Champions
C09955,106,5,23766.7,2,5,5,At Risk
C09956,1,3,6036.65,5,3,2,Loyal Customers
C09957,51,3,7272.65,4,3,3,Loyal Customers
C09958,1,4,6034.1,5,4,2,Loyal Customers
C09959,111,2,10199.1,2,2,4,Hibernating
C09960,5,3,11011.4,5,3,4,Loyal Customers
C09961,104,4,25609.8,2,4,5,At Risk
C09963,86,1,281.4,3,1,1,Hibernating
C09964,17,3,5079.3,5,3,2,Loyal Customers
C09965,23,4,12813.8,5,4,4,Champions
C09966,27,3,6269.4,4,3,2,Loyal Customers
C09967,87,3,11526.45,3,3,4,Loyal Customers
C09968,352,1,370.2,1,1,1,Hibernating
C09969,27,4,5148.5,4,4,2,Loyal Customers
C09970,30,6,14406.65,4,5,5,Champions
C09971,190,1,2078.25,1,1,1,Hibernating
C09972,71,7,16439.9,3,5,5,Loyal Customers
C09973,28,5,14699.15,4,5,5,Champions
C09974,227,3,11470.45,1,3,4,At Risk
C09975,36,2,2668.8,4,2,1,Potential Loyalists
C09976,157,1,4659.0,2,1,2,Hibernating
C09977,68,3,1929.9,3,3,1,Loyal Customers
C09978,11,5,13168.3,5,5,4,Champions
C09979,18,3,10588.5,5,3,4,Loyal Customers
C09980,19,5,15443.45,5,5,5,Champions
C09981,23,5,16720.75,5,5,5,Champions
C09982,348,1,5248.6,1,1,2,Hibernating
C09983,9,5,18353.85,5,5,5,Champions
C09984,82,3,5907.8,3,3,2,Loyal Customers
C09985,39,3,8959.2,4,3,3,Loyal Customers
C09986,109,6,9781.2,2,5,3,At Risk
C09987,67,3,8177.9,3,3,3,Loyal Customers
C09988,34,4,6113.2,4,4,2,Loyal Customers
C09989,12,5,18990.9,5,5,5,Champions
C09990,117,2,3096.45,2,2,1,Hibernating
C09991,197,2,10986.850000000002,1,2,4,Hibernating
C09992,47,5,7972.9,4,5,3,Loyal Customers
C09993,14,3,7797.45,5,3,3,Loyal Customers
C09994,10,6,25810.35,5,5,5,Champions
C09995,310,1,2183.0,1,1,1,Hibernating
C09996,117,5,14748.5,2,5,5,At Risk
C09997,37,2,7863.549999999999,4,2,3,Potential Loyalists
C09998,62,1,1865.4,3,1,1,Hibernating
C09999,56,5,10184.7,3,5,4,Loyal Customers
C10000,161,4,19245.4,1,4,5,At Risk
C10001,42,4,17661.1,4,4,5,Champions
C10002,75,2,5772.3,3,2,2,Hibernating
C10003,144,4,10378.8,2,4,4,At Risk
C10004,135,3,5691.099999999999,2,3,2,At Risk
C10005,1,8,14562.75,5,5,5,Champions
C10006,82,5,12991.3,3,5,4,Loyal Customers
C10007,70,3,8496.900000000001,3,3,3,Loyal Customers
C10008,299,1,1526.25,1,1,1,Hibernating
C10009,202,3,6248.9,1,3,2,At Risk
C10010,15,3,16927.3,5,3,5,Loyal Customers
C10011,144,4,7788.3,2,4,3,At Risk
C10012,21,7,16295.9,5,5,5,Champions
C10013,19,3,4482.55,5,3,2,Loyal Customers
C10014,171,4,12186.699999999999,1,4,4,At Risk
C10015,14,6,14398.65,5,5,5,Champions
C10016,34,1,1978.5,4,1,1,Potential Loyalists
C10017,21,5,9114.1,5,5,3,Loyal Customers
C10018,8,7,17817.95,5,5,5,Champions
C10019,154,3,4356.7,2,3,2,At Risk
C10020,91,11,34301.9,3,5,5,Loyal Customers
C10021,60,4,5973.75,3,4,2,Loyal Customers
C10022,3,4,15148.9,5,4,5,Champions
C10023,83,4,11717.75,3,4,4,Loyal Customers
C10024,221,2,6729.9,1,2,2,Hibernating
C10025,87,2,2119.2,3,2,1,Hibernating
C10026,64,1,272.4,3,1,1,Hibernating
C10027,238,6,11324.9,1,5,4,At Risk
C10028,1,4,10391.45,5,4,4,Champions
C10029,1,2,8581.0,5,2,3,Potential Loyalists
C10030,77,4,6356.6,3,4,2,Loyal Customers
C10031,93,6,22800.5,3,5,5,Loyal Customers
C10032,25,3,3759.35,4,3,1,Loyal Customers
C10033,31,3,5135.099999999999,4,3,2,Loyal Customers
C10034,56,3,9523.6,3,3,3,Loyal Customers
C10035,192,2,2298.05,1,2,1,Hibernating
C10036,138,4,4071.9,2,4,2,At Risk
C10037,110,1,1311.2,2,1,1,Hibernating
C10038,294,2,1241.3,1,2,1,Hibernating
C10039,121,3,6096.5,2,3,2,At Risk
C10040,233,1,2504.6,1,1,1,Hibernating
C10041,9,3,7323.3,5,3,3,Loyal Customers
C10042,21,6,15741.7,5,5,5,Champions
C10043,163,3,20937.4,1,3,5,At Risk
C10044,18,3,6087.1,5,3,2,Loyal Customers
C10045,39,4,15913.45,4,4,5,Champions
C10046,65,3,5353.6,3,3,2,Loyal Customers
C10047,159,1,3784.8,2,1,1,Hibernating
C10048,59,4,21361.55,3,4,5,Loyal Customers
C10049,61,5,12035.8,3,5,4,Loyal Customers
C10050,135,1,1118.4,2,1,1,Hibernating
C10051,147,5,16346.35,2,5,5,At Risk
C10052,29,5,9171.2,4,5,3,Loyal Customers
C10053,135,1,3323.5,2,1,1,Hibernating
C10054,307,2,3171.95,1,2,1,Hibernating
C10055,16,2,6323.05,5,2,2,Potential Loyalists
C10056,239,2,4324.8,1,2,2,Hibernating
C10057,202,3,9055.0,1,3,3,At Risk
C10058,245,2,6662.6,1,2,2,Hibernating
C10059,149,3,8033.65,2,3,3,At Risk
C10060,23,4,19157.05,5,4,5,Champions
C10061,6,3,12565.8,5,3,4,Loyal Customers
C10062,99,3,5215.9,2,3,2,At Risk
C10063,2,3,6993.4,5,3,3,Loyal Customers
C10064,70,4,15816.1,3,4,5,Loyal Customers
C10065,116,4,14702.9,2,4,5,At Risk
C10066,18,4,8381.35,5,4,3,Loyal Customers
C10067,188,3,6732.1,1,3,2,At Risk
C10068,31,4,13109.85,4,4,4,Champions
C10069,229,2,2199.6,1,2,1,Hibernating
C10070,49,2,3910.8,4,2,1,Potential Loyalists
C10072,11,3,8151.45,5,3,3,Loyal Customers
C10073,151,1,851.25,2,1,1,Hibernating
C10074,131,4,5182.25,2,4,2,At Risk
C10075,8,4,6527.55,5,4,2,Loyal Customers
C10076,86,2,9682.400000000001,3,2,3,Hibernating
C10078,113,5,14655.85,2,5,5,At Risk
C10079,20,6,10083.15,5,5,4,Champions
C10080,138,3,2798.25,2,3,1,At Risk
C10081,108,6,12682.35,2,5,4,At Risk
C10082,53,3,4074.55,4,3,2,Loyal Customers
C10083,163,3,14485.8,1,3,5,At Risk
C10084,86,4,11376.55,3,4,4,Loyal Customers
C10085,47,4,17790.6,4,4,5,Champions
C10086,117,4,8128.4,2,4,3,At Risk
C10087,38,4,7739.85,4,4,3,Loyal Customers
C10088,6,3,5521.6,5,3,2,Loyal Customers
C10089,36,3,4602.15,4,3,2,Loyal Customers
C10090,165,2,2480.55,1,2,1,Hibernating
C10091,61,2,5361.3,3,2,2,Hibernating
C10092,29,3,8022.0,4,3,3,Loyal Customers
C10093,23,4,7849.4,5,4,3,Loyal Customers
C10094,2,3,12965.45,5,3,4,Loyal Customers
C10095,139,2,5032.75,2,2,2,Hibernating
C10096,216,2,4333.6,1,2,2,Hibernating
C10097,161,3,3951.75,1,3,1,At Risk
C10098,50,5,15742.9,4,5,5,Champions
C10099,44,3,1494.25,4,3,1,Loyal Customers
C10100,26,2,8731.3,4,2,3,Potential Loyalists
C10101,30,1,1064.05,4,1,1,Potential Loyalists
C10102,8,3,6076.299999999999,5,3,2,Loyal Customers
C10103,14,6,13591.800000000001,5,5,4,Champions
C10104,291,2,5372.15,1,2,2,Hibernating
C10105,121,3,4349.5,2,3,2,At Risk
C10106,51,3,10023.5,4,3,4,Loyal Customers
C10107,293,2,8153.1,1,2,3,Hibernating
C10108,145,5,22157.85,2,5,5,At Risk
C10109,135,4,7589.95,2,4,3,At Risk
C10110,108,3,7338.4,2,3,3,At Risk
C10112,118,2,6601.9,2,2,2,Hibernating
C10113,127,4,8449.4,2,4,3,At Risk
C10114,217,4,10314.4,1,4,4,At Risk
C10115,150,2,2992.9,2,2,1,Hibernating
C10116,19,4,6814.05,5,4,3,Loyal Customers
C10117,41,3,11040.6,4,3,4,Loyal Customers
C10118,170,4,14858.55,1,4,5,At Risk
C10119,6,6,25303.4,5,5,5,Champions
C10120,243,1,3679.2,1,1,1,Hibernating
C10121,70,4,9183.0,3,4,3,Loyal Customers
C10122,23,4,8758.15,5,4,3,Loyal Customers
C10123,134,2,7044.8,2,2,3,Hibernating
C10124,16,3,5506.25,5,3,2,Loyal Customers
C10125,14,5,9434.25,5,5,3,Loyal Customers
C10126,23,6,23304.100000000002,5,5,5,Champions
C10127,98,4,9728.250000000002,2,4,3,At Risk
C10128,3,8,26191.45,5,5,5,Champions
C10129,107,3,4973.299999999999,2,3,2,At Risk
C10130,225,2,2600.8,1,2,1,Hibernating
C10131,6,10,35398.3,5,5,5,Champions
C10132,53,2,7438.75,4,2,3,Potential Loyalists
C10133,36,3,7079.9,4,3,3,Loyal Customers
C10134,186,1,3971.5,1,1,1,Hibernating
C10135,132,1,3226.6,2,1,1,Hibernating
C10136,12,6,16102.2,5,5,5,Champions
C10137,21,5,7065.7,5,5,3,Loyal Customers
C10138,106,2,3497.6,2,2,1,Hibernating
C10139,176,1,1584.0,1,1,1,Hibernating
C10141,76,5,16515.7,3,5,5,Loyal Customers
C10142,63,3,8425.1,3,3,3,Loyal Customers
C10143,107,4,10144.95,2,4,4,At Risk
C10144,88,1,1687.5,3,1,1,Hibernating
C10145,89,3,3574.7,3,3,1,Loyal Customers
C10146,99,4,13180.6,2,4,4,At Risk
C10147,47,5,18456.4,4,5,5,Champions
C10148,58,3,10586.300000000001,3,3,4,Loyal Customers
C10149,60,4,13085.5,3,4,4,Loyal Customers
C10150,54,5,16306.0,3,5,5,Loyal Customers
C10151,87,4,6829.5,3,4,3,Loyal Customers
C10152,64,5,10436.25,3,5,4,Loyal Customers
C10154,4,6,16858.6,5,5,5,Champions
C10155,16,2,2418.9,5,2,1,Potential Loyalists
C10156,101,3,9153.05,2,3,3,At Risk
C10157,23,4,11843.1,5,4,4,Champions
C10158,77,5,22963.3,3,5,5,Loyal Customers
C10159,291,3,16211.65,1,3,5,At Risk
C10160,86,1,221.0,3,1,1,Hibernating
C10161,58,5,10016.9,3,5,4,Loyal Customers
C10162,58,1,4875.2,3,1,2,Hibernating
C10163,73,6,20138.1,3,5,5,Loyal Customers
C10164,11,9,26786.85,5,5,5,Champions
C10165,5,8,32699.0,5,5,5,Champions
C10166,42,6,16018.0,4,5,5,Champions
C10168,58,5,6760.0,3,5,2,Loyal Customers
C10169,29,7,16188.25,4,5,5,Champions
C10170,236,3,11121.25,1,3,4,At Risk
C10171,203,5,17198.25,1,5,5,At Risk
C10172,9,8,31787.5,5,5,5,Champions
C10173,228,1,6829.5,1,1,3,Hibernating
C10175,156,5,9803.9,2,5,3,At Risk
C10176,263,2,5402.3,1,2,2,Hibernating
C10177,6,4,11350.6,5,4,4,Champions
C10178,78,2,3330.6,3,2,1,Hibernating
C10179,190,2,8726.7,1,2,3,Hibernating
C10180,94,3,4529.9,3,3,2,Loyal Customers
C10181,9,3,3481.3000000000006,5,3,1,Loyal Customers
C10182,123,3,6575.4,2,3,2,At Risk
C10183,254,2,4707.0,1,2,2,Hibernating
C10184,329,1,2433.9,1,1,1,Hibernating
C10185,163,2,4966.1,1,2,2,Hibernating
C10186,19,8,18332.75,5,5,5,Champions
C10187,63,4,11520.5,3,4,4,Loyal Customers
C10188,18,5,21475.8,5,5,5,Champions
C10189,53,3,5414.6,4,3,2,Loyal Customers
C10190,5,3,5888.8,5,3,2,Loyal Customers
C10191,136,2,11232.0,2,2,4,Hibernating
C10192,133,3,6711.799999999999,2,3,2,At Risk
C10193,76,4,6497.3,3,4,2,Loyal Customers
C10194,253,1,4489.6,1,1,2,Hibernating
C10195,141,3,4808.3,2,3,2,At Risk
C10196,133,1,1687.2,2,1,1,Hibernating
C10197,53,3,9275.5,4,3,3,Loyal Customers
C10198,115,1,2758.2,2,1,1,Hibernating
C10199,211,3,6415.15,1,3,2,At Risk
C10200,52,2,5731.35,4,2,2,Potential Loyalists
C10201,40,5,11156.8,4,5,4,Champions
C10202,244,1,3318.4,1,1,1,Hibernating
C10203,191,2,7948.8,1,2,3,Hibernating
C10204,214,1,7772.8,1,1,3,Hibernating
C10205,170,2,1725.75,1,2,1,Hibernating
C10206,55,8,24708.35,3,5,5,Loyal Customers
C10207,26,4,11273.65,4,4,4,Champions
C10208,132,4,9200.050000000001,2,4,3,At Risk
C10209,87,4,5983.5,3,4,2,Loyal Customers
C10210,120,3,5323.55,2,3,2,At Risk
C10211,89,5,10632.45,3,5,4,Loyal Customers
C10212,104,3,7604.05,2,3,3,At Risk
C10213,33,6,19215.649999999998,4,5,5,Champions
C10214,51,6,15098.6,4,5,5,Champions
C10215,16,6,12894.6,5,5,4,Champions
C10216,43,8,14627.1,4,5,5,Champions
C10217,270,2,2415.2,1,2,1,Hibernating
C10218,104,3,9647.650000000001,2,3,3,At Risk
C10219,207,2,4478.3,1,2,2,Hibernating
C10220,99,5,22447.0,2,5,5,At Risk
C10221,38,5,16703.3,4,5,5,Champions
C10222,17,3,14611.55,5,3,5,Loyal Customers
C10223,4,8,23116.05,5,5,5,Champions
C10224,258,4,14946.2,1,4,5,At Risk
C10225,82,3,3789.0,3,3,1,Loyal Customers
C10226,1,5,10878.7,5,5,4,Champions
C10227,150,3,6150.9,2,3,2,At Risk
C10228,3,5,17139.7,5,5,5,Champions
C10229,180,3,5308.75,1,3,2,At Risk
C10230,60,3,15649.2,3,3,5,Loyal Customers
C10231,4,5,7005.3,5,5,3,Loyal Customers
C10232,103,7,20653.8,2,5,5,At Risk
C10233,46,4,7786.3,4,4,3,Loyal Customers
C10234,43,3,12484.5,4,3,4,Loyal Customers
C10235,66,2,6279.6,3,2,2,Hibernating
C10236,52,2,6896.95,4,2,3,Potential Loyalists
C10237,223,1,3600.6,1,1,1,Hibernating
C10238,44,8,21018.65,4,5,5,Champions
C10239,74,6,20026.25,3,5,5,Loyal Customers
C10240,15,6,12501.9,5,5,4,Champions
C10241,48,2,10185.8,4,2,4,Potential Loyalists
C10242,43,3,18096.55,4,3,5,Loyal Customers
C10243,72,5,10658.85,3,5,4,Loyal Customers
C10244,38,4,16217.9,4,4,5,Champions
C10245,159,2,7141.8,2,2,3,Hibernating
C10246,25,3,10546.5,4,3,4,Loyal Customers
C10247,6,4,9493.9,5,4,3,Loyal Customers
C10248,288,2,8462.55,1,2,3,Hibernating
C10249,61,4,3690.4,3,4,1,Loyal Customers
C10250,25,10,20301.7,4,5,5,Champions
C10251,43,4,7129.849999999999,4,4,3,Loyal Customers
C10252,13,4,5150.0,5,4,2,Loyal Customers
C10253,174,1,151.2,1,1,1,Hibernating
C10254,326,1,3566.6,1,1,1,Hibernating
C10255,47,5,7502.45,4,5,3,Loyal Customers
C10256,67,4,12498.3,3,4,4,Loyal Customers
C10257,87,5,9648.2,3,5,3,Loyal Customers
C10258,88,4,11174.4,3,4,4,Loyal Customers
C10259,58,5,9638.45,3,5,3,Loyal Customers
C10260,75,2,3234.6,3,2,1,Hibernating
C10261,82,2,4457.2,3,2,2,Hibernating
C10262,232,1,3411.8,1,1,1,Hibernating
C10263,160,4,7824.5,2,4,3,At Risk
C10264,37,6,19172.85,4,5,5,Champions
C10265,170,1,9852.0,1,1,4,Hibernating
C10266,81,3,7294.6,3,3,3,Loyal Customers
C10267,210,2,8395.900000000001,1,2,3,Hibernating
C10268,179,4,9925.0,1,4,4,At Risk
C10269,201,2,6667.05,1,2,2,Hibernating
C10270,139,1,5779.2,2,1,2,Hibernating
C10271,105,1,4184.0,2,1,2,Hibernating
C10272,162,2,9652.45,1,2,3,Hibernating
C10273,89,3,11069.65,3,3,4,Loyal Customers
C10275,29,5,21857.1,4,5,5,Champions
C10276,135,3,4568.9,2,3,2,At Risk
C10277,24,4,7541.1,4,4,3,Loyal Customers
C10278,13,4,9710.1,5,4,3,Loyal Customers
C10279,73,5,12963.95,3,5,4,Loyal Customers
C10280,64,3,6567.1,3,3,2,Loyal Customers
C10281,33,3,9837.55,4,3,3,Loyal Customers
C10282,345,2,6080.200000000001,1,2,2,Hibernating
C10283,200,1,1909.95,1,1,1,Hibernating
C10284,177,2,9130.5,1,2,3,Hibernating
C10285,150,2,12029.45,2,2,4,Hibernating
C10286,161,2,5457.2,1,2,2,Hibernating
C10287,125,5,16324.3,2,5,5,At Risk
C10288,73,7,15583.9,3,5,5,Loyal Customers
C10289,129,3,6055.9,2,3,2,At Risk
C10290,134,2,3642.2,2,2,1,Hibernating
C10291,32,6,10124.4,4,5,4,Champions
C10292,204,2,2479.3,1,2,1,Hibernating
C10293,8,6,10918.6,5,5,4,Champions
C10294,126,3,3576.0,2,3,1,At Risk
C10295,33,3,5043.25,4,3,2,Loyal Customers
C10296,185,2,2395.6,1,2,1,Hibernating
C10297,75,5,14500.35,3,5,5,Loyal Customers
C10298,52,4,24113.5,4,4,5,Champions
C10299,138,4,5283.0,2,4,2,At Risk
C10300,264,2,1554.0,1,2,1,Hibernating
C10301,7,5,11636.3,5,5,4,Champions
C10302,53,2,5139.2,4,2,2,Potential Loyalists
C10303,150,2,2777.35,2,2,1,Hibernating
C10304,19,4,7743.2,5,4,3,Loyal Customers
C10305,64,2,5486.8,3,2,2,Hibernating
C10306,16,4,14016.05,5,4,4,Champions
C10307,352,2,4317.9,1,2,2,Hibernating
C10308,85,2,4062.75,3,2,2,Hibernating
C10309,183,1,1585.6,1,1,1,Hibernating
C10310,92,3,9703.95,3,3,3,Loyal Customers
C10311,42,4,6483.1,4,4,2,Loyal Customers
C10312,262,1,1010.5,1,1,1,Hibernating
C10313,70,3,4121.05,3,3,2,Loyal Customers
C10314,68,6,12420.4,3,5,4,Loyal Customers
C10315,37,1,387.0,4,1,1,Potential Loyalists
C10316,19,1,2870.4,5,1,1,Potential Loyalists
C10317,322,1,1099.0,1,1,1,Hibernating
C10318,207,4,5962.25,1,4,2,At Risk
C10319,186,2,4633.5,1,2,2,Hibernating
C10320,174,1,9777.599999999999,1,1,3,Hibernating
C10321,80,2,10132.3,3,2,4,Hibernating
C10322,128,4,11903.699999999999,2,4,4,At Risk
C10323,308,4,8682.0,1,4,3,At Risk
C10324,9,1,1658.4,5,1,1,Potential Loyalists
C10325,52,5,12650.2,4,5,4,Champions
C10326,44,4,11478.4,4,4,4,Champions
C10327,155,1,3939.75,2,1,1,Hibernating
C10328,74,5,13456.65,3,5,4,Loyal Customers
C10329,142,2,5161.3,2,2,2,Hibernating
C10330,38,2,2887.3,4,2,1,Potential Loyalists
C10331,281,4,7438.2,1,4,3,At Risk
C10332,117,4,10851.8,2,4,4,At Risk
C10333,5,4,9652.8,5,4,3,Loyal Customers
C10334,78,1,798.0,3,1,1,Hibernating
C10335,18,3,5418.35,5,3,2,Loyal Customers
C10337,14,6,17766.6,5,5,5,Champions
C10338,26,4,12225.55,4,4,4,Champions
C10339,293,1,4386.6,1,1,2,Hibernating
C10340,359,1,3646.5,1,1,1,Hibernating
C10341,18,5,10468.8,5,5,4,Champions
C10342,135,4,27615.600000000002,2,4,5,At Risk
C10343,12,5,15028.900000000001,5,5,5,Champions
C10344,10,4,7319.05,5,4,3,Loyal Customers
C10345,172,1,4353.299999999999,1,1,2,Hibernating
C10347,40,3,8185.0,4,3,3,Loyal Customers
C10348,271,1,1253.85,1,1,1,Hibernating
C10349,51,5,8261.2,4,5,3,Loyal Customers
C10350,82,4,8373.55,3,4,3,Loyal Customers
C10351,12,4,8124.75,5,4,3,Loyal Customers
C10352,29,6,17170.25,4,5,5,Champions
C10353,190,2,11449.05,1,2,4,Hibernating
C10354,185,3,6173.5,1,3,2,At Risk
C10355,17,5,11306.800000000001,5,5,4,Champions
C10356,70,5,10724.45,3,5,4,Loyal Customers
C10357,88,3,5444.95,3,3,2,Loyal Customers
C10358,94,3,9675.1,3,3,3,Loyal Customers
C10359,28,3,11330.65,4,3,4,Loyal Customers
C10360,193,3,5930.95,1,3,2,At Risk
C10361,210,3,2592.9,1,3,1,At Risk
C10362,60,3,12596.3,3,3,4,Loyal Customers
C10363,63,4,12191.7,3,4,4,Loyal Customers
C10364,66,9,19789.75,3,5,5,Loyal Customers
C10365,148,4,12613.8,2,4,4,At Risk
C10366,222,1,2154.0,1,1,1,Hibernating
C10367,56,4,8511.2,3,4,3,Loyal Customers
C10368,47,5,15778.8,4,5,5,Champions
C10369,37,3,10286.1,4,3,4,Loyal Customers
C10370,24,3,7104.35,4,3,3,Loyal Customers
C10372,11,2,5348.2,5,2,2,Potential Loyalists
C10374,98,4,6217.0,2,4,2,At Risk
C10375,172,3,5285.35,1,3,2,At Risk
C10376,147,8,13126.0,2,5,4,At Risk
C10377,75,4,6950.1,3,4,3,Loyal Customers
C10378,45,4,15470.7,4,4,5,Champions
C10379,198,2,4901.799999999999,1,2,2,Hibernating
C10380,5,8,23701.85,5,5,5,Champions
C10381,8,7,14292.15,5,5,5,Champions
C10382,341,1,4204.8,1,1,2,Hibernating
C10383,142,1,1857.7,2,1,1,Hibernating
C10384,134,1,1485.25,2,1,1,Hibernating
C10385,8,7,18114.45,5,5,5,Champions
C10386,317,1,2021.5,1,1,1,Hibernating
C10387,34,2,10375.7,4,2,4,Potential Loyalists
C10388,88,4,11860.400000000001,3,4,4,Loyal Customers
C10389,31,4,9816.85,4,4,3,Loyal Customers
C10390,70,4,7151.1,3,4,3,Loyal Customers
C10391,11,4,20800.75,5,4,5,Champions
C10392,90,4,2952.7,3,4,1,Loyal Customers
C10393,40,4,6764.2,4,4,2,Loyal Customers
C10394,85,3,3803.3,3,3,1,Loyal Customers
C10395,166,2,6493.799999999999,1,2,2,Hibernating
C10396,128,1,3224.0,2,1,1,Hibernating
C10397,148,2,2739.2,2,2,1,Hibernating
C10398,3,4,16055.35,5,4,5,Champions
C10399,43,2,9489.5,4,2,3,Potential Loyalists
C10400,62,5,11296.5,3,5,4,Loyal Customers
C10401,10,2,4638.75,5,2,2,Potential Loyalists
C10402,33,7,26690.75,4,5,5,Champions
C10403,168,4,9389.3,1,4,3,At Risk
C10404,9,3,4819.8,5,3,2,Loyal Customers
C10405,86,5,19408.399999999998,3,5,5,Loyal Customers
C10406,143,3,4209.75,2,3,2,At Risk
C10407,305,1,4529.0,1,1,2,Hibernating
C10408,161,5,15710.8,1,5,5,At Risk
C10409,53,1,2259.1,4,1,1,Potential Loyalists
C10411,105,6,19306.2,2,5,5,At Risk
C10412,146,4,11584.2,2,4,4,At Risk
C10413,64,2,6834.95,3,2,3,Hibernating
C10414,76,6,27035.55,3,5,5,Loyal Customers
C10415,25,4,11673.75,4,4,4,Champions
C10416,181,3,8325.6,1,3,3,At Risk
C10417,42,3,5618.1,4,3,2,Loyal Customers
C10418,189,4,15773.0,1,4,5,At Risk
C10419,9,6,17434.649999999998,5,5,5,Champions
C10420,211,2,4404.4,1,2,2,Hibernating
C10422,21,7,14590.6,5,5,5,Champions
C10423,33,5,7863.65,4,5,3,Loyal Customers
C10424,154,3,10210.2,2,3,4,At Risk
C10425,151,4,4433.0,2,4,2,At Risk
C10426,104,7,11672.55,2,5,4,At Risk
C10427,140,2,3981.9,2,2,1,Hibernating
C10429,90,4,19316.55,3,4,5,Loyal Customers
C10430,239,2,3166.7999999999997,1,2,1,Hibernating
C10431,321,2,5189.3,1,2,2,Hibernating
C10432,114,3,9446.75,2,3,3,At Risk
C10433,48,3,7748.8,4,3,3,Loyal Customers
C10434,33,3,5175.9,4,3,2,Loyal Customers
C10435,145,5,22711.3,2,5,5,At Risk
C10436,131,2,3931.5,2,2,1,Hibernating
C10437,13,3,14274.95,5,3,4,Loyal Customers
C10438,134,5,15695.7,2,5,5,At Risk
C10439,304,1,1635.6,1,1,1,Hibernating
C10440,110,3,3727.65,2,3,1,At Risk
C10441,14,6,16731.6,5,5,5,Champions
C10442,163,1,595.7,1,1,1,Hibernating
C10443,14,5,16182.65,5,5,5,Champions
C10444,27,4,5962.6,4,4,2,Loyal Customers
C10445,141,3,8401.5,2,3,3,At Risk
C10446,29,4,8130.05,4,4,3,Loyal Customers
C10448,22,6,12989.7,5,5,4,Champions
C10449,121,2,1945.95,2,2,1,Hibernating
C10450,31,2,7824.6,4,2,3,Potential Loyalists
C10451,71,3,3741.7999999999997,3,3,1,Loyal Customers
C10452,125,4,7698.55,2,4,3,At Risk
C10453,100,1,1737.4,2,1,1,Hibernating
C10454,85,5,11130.75,3,5,4,Loyal Customers
C10455,39,6,19424.949999999997,4,5,5,Champions
C10456,98,3,1952.65,2,3,1,At Risk
C10457,104,4,20481.4,2,4,5,At Risk
C10458,49,3,6400.5,4,3,2,Loyal Customers
C10459,92,1,9631.2,3,1,3,Hibernating
C10460,12,4,8474.0,5,4,3,Loyal Customers
C10461,20,2,5141.25,5,2,2,Potential Loyalists
C10462,126,2,2831.5,2,2,1,Hibernating
C10463,24,2,21144.8,4,2,5,Potential Loyalists
C10464,364,1,3018.1499999999996,1,1,1,Hibernating
C10465,91,3,4108.55,3,3,2,Loyal Customers
C10466,193,3,5613.15,1,3,2,At Risk
C10467,80,2,2043.6000000000001,3,2,1,Hibernating
C10468,169,3,7915.8,1,3,3,At Risk
C10469,81,6,18069.95,3,5,5,Loyal Customers
C10470,209,3,9315.25,1,3,3,At Risk
C10471,145,1,3908.8,2,1,1,Hibernating
C10472,9,4,4239.4,5,4,2,Loyal Customers
C10473,12,4,15780.349999999999,5,4,5,Champions
C10474,89,6,25129.85,3,5,5,Loyal Customers
C10475,127,6,21605.7,2,5,5,At Risk
C10476,47,4,7912.75,4,4,3,Loyal Customers
C10477,178,5,7244.9,1,5,3,At Risk
C10478,111,4,14083.5,2,4,4,At Risk
C10479,224,2,10300.15,1,2,4,Hibernating
C10480,17,3,5481.85,5,3,2,Loyal Customers
C10482,102,3,9254.699999999999,2,3,3,At Risk
C10483,33,2,7226.8,4,2,3,Potential Loyalists
C10485,133,3,7931.05,2,3,3,At Risk
C10486,160,4,12253.5,2,4,4,At Risk
C10488,74,2,10632.25,3,2,4,Hibernating
C10489,165,2,4082.2,1,2,2,Hibernating
C10490,113,4,12784.55,2,4,4,At Risk
C10491,58,5,11529.0,3,5,4,Loyal Customers
C10492,24,6,10599.05,4,5,4,Champions
C10493,162,4,10538.15,1,4,4,At Risk
C10494,227,1,2997.1,1,1,1,Hibernating
C10495,19,3,12091.4,5,3,4,Loyal Customers
C10496,10,4,11129.85,5,4,4,Champions
C10497,2,5,12381.05,5,5,4,Champions
C10498,15,3,8229.8,5,3,3,Loyal Customers
C10499,30,3,7362.25,4,3,3,Loyal Customers
C10500,55,3,17539.45,3,3,5,Loyal Customers
C10501,68,4,11406.1,3,4,4,Loyal Customers
C10502,10,3,15379.0,5,3,5,Loyal Customers
C10503,170,1,2502.0,1,1,1,Hibernating
C10504,79,4,5762.2,3,4,2,Loyal Customers
C10505,167,3,4683.5,1,3,2,At Risk
C10507,214,4,7592.849999999999,1,4,3,At Risk
C10508,201,2,1504.75,1,2,1,Hibernating
C10509,140,4,5489.35,2,4,2,At Risk
C10510,128,7,15077.6,2,5,5,At Risk
C10511,7,5,15337.95,5,5,5,Champions
C10512,35,3,11974.3,4,3,4,Loyal Customers
C10513,9,3,6547.8,5,3,2,Loyal Customers
C10514,71,5,15503.95,3,5,5,Loyal Customers
C10515,102,3,11626.4,2,3,4,At Risk
C10516,57,2,2452.8,3,2,1,Hibernating
C10517,237,2,1184.9,1,2,1,Hibernating
C10518,332,1,3419.25,1,1,1,Hibernating
C10519,282,1,651.75,1,1,1,Hibernating
C10520,62,5,12698.4,3,5,4,Loyal Customers
C10521,76,6,9461.15,3,5,3,Loyal Customers
C10522,146,4,8089.4,2,4,3,At Risk
C10523,8,6,21834.1,5,5,5,Champions
C10524,18,4,11688.8,5,4,4,Champions
C10525,131,2,2436.9,2,2,1,Hibernating
C10526,221,3,3381.2,1,3,1,At Risk
C10527,164,1,3196.9,1,1,1,Hibernating
C10528,40,6,13707.4,4,5,4,Champions
C10529,87,5,8459.8,3,5,3,Loyal Customers
C10530,45,5,14239.9,4,5,4,Champions
C10531,139,2,2557.1,2,2,1,Hibernating
C10532,89,8,18896.95,3,5,5,Loyal Customers
C10533,125,2,4507.2,2,2,2,Hibernating
C10534,131,3,7346.2,2,3,3,At Risk
C10535,65,3,5795.6,3,3,2,Loyal Customers
C10536,15,4,8587.6,5,4,3,Loyal Customers
C10537,99,3,9867.0,2,3,4,At Risk
C10538,234,3,3421.5,1,3,1,At Risk
C10539,82,4,11435.55,3,4,4,Loyal Customers
C10540,7,5,11406.15,5,5,4,Champions
C10541,54,4,12536.75,3,4,4,Loyal Customers
C10542,302,1,2821.5,1,1,1,Hibernating
C10543,159,2,5466.45,2,2,2,Hibernating
C10544,155,3,6403.45,2,3,2,At Risk
C10545,217,2,9870.2,1,2,4,Hibernating
C10546,53,4,11711.0,4,4,4,Champions
C10547,146,2,3233.0,2,2,1,Hibernating
C10548,91,6,14831.4,3,5,5,Loyal Customers
C10549,17,4,8923.7,5,4,3,Loyal Customers
C10550,80,4,12682.1,3,4,4,Loyal Customers
C10551,224,4,18751.850000000002,1,4,5,At Risk
C10552,79,4,6658.5,3,4,2,Loyal Customers
C10553,8,5,7335.2,5,5,3,Loyal Customers
C10554,38,5,19283.6,4,5,5,Champions
C10555,118,2,1100.5,2,2,1,Hibernating
C10556,7,2,5103.45,5,2,2,Potential Loyalists
C10557,20,4,13047.05,5,4,4,Champions
C10558,45,3,12248.55,4,3,4,Loyal Customers
C10559,121,6,11382.95,2,5,4,At Risk
C10560,55,5,8363.4,3,5,3,Loyal Customers
C10561,141,9,34043.8,2,5,5,At Risk
C10562,195,3,18163.9,1,3,5,At Risk
C10563,173,5,9590.65,1,5,3,At Risk
C10564,153,4,10479.25,2,4,4,At Risk
C10565,183,1,1431.5,1,1,1,Hibernating
C10566,45,4,12780.25,4,4,4,Champions
C10567,100,4,11294.800000000001,2,4,4,At Risk
C10568,44,3,11815.1,4,3,4,Loyal Customers
C10569,22,4,10233.199999999999,5,4,4,Champions
C10570,128,2,7634.3,2,2,3,Hibernating
C10572,23,6,6870.9,5,5,3,Loyal Customers
C10574,3,10,21874.800000000003,5,5,5,Champions
C10575,254,1,2226.9,1,1,1,Hibernating
C10576,15,8,29333.85,5,5,5,Champions
C10577,136,4,6136.25,2,4,2,At Risk
C10578,27,5,17375.25,4,5,5,Champions
C10579,139,4,14813.0,2,4,5,At Risk
C10580,79,3,7606.6,3,3,3,Loyal Customers
C10581,7,4,7665.15,5,4,3,Loyal Customers
C10582,63,6,25100.6,3,5,5,Loyal Customers
C10583,73,3,4148.1,3,3,2,Loyal Customers
C10584,32,6,10407.8,4,5,4,Champions
C10585,30,3,16935.4,4,3,5,Loyal Customers
C10587,35,6,20401.5,4,5,5,Champions
C10589,12,4,8485.25,5,4,3,Loyal Customers
C10590,37,5,14057.8,4,5,4,Champions
C10592,141,4,11711.85,2,4,4,At Risk
C10593,24,5,12216.6,4,5,4,Champions
C10594,16,4,19839.15,5,4,5,Champions
C10595,225,2,5107.2,1,2,2,Hibernating
C10596,9,5,14873.8,5,5,5,Champions
C10597,12,1,2389.5,5,1,1,Potential Loyalists
C10598,11,4,8813.3,5,4,3,Loyal Customers
C10599,192,1,840.65,1,1,1,Hibernating
C10600,30,2,5245.2,4,2,2,Potential Loyalists
C10601,114,4,5624.0,2,4,2,At Risk
C10602,38,4,9916.25,4,4,4,Champions
C10603,70,4,6550.3,3,4,2,Loyal Customers
C10604,123,7,15403.05,2,5,5,At Risk
C10605,21,2,7919.85,5,2,3,Potential Loyalists
C10606,34,2,3503.2000000000003,4,2,1,Potential Loyalists
C10607,64,6,11346.4,3,5,4,Loyal Customers
C10608,77,3,9016.4,3,3,3,Loyal Customers
C10609,174,2,1485.1,1,2,1,Hibernating
C10610,37,3,3859.6,4,3,1,Loyal Customers
C10611,144,2,12118.2,2,2,4,Hibernating
C10612,24,1,4465.2,4,1,2,Potential Loyalists
C10613,27,4,22204.95,4,4,5,Champions
C10614,203,6,23114.8,1,5,5,At Risk
C10615,99,2,5836.5,2,2,2,Hibernating
C10617,8,4,8806.75,5,4,3,Loyal Customers
C10618,73,4,9083.7,3,4,3,Loyal Customers
C10619,37,2,3958.65,4,2,1,Potential Loyalists
C10620,100,3,4332.450000000001,2,3,2,At Risk
C10622,136,4,5804.4,2,4,2,At Risk
C10623,34,5,14820.15,4,5,5,Champions
C10624,50,3,8935.65,4,3,3,Loyal Customers
C10625,316,1,607.5,1,1,1,Hibernating
C10626,21,7,17144.9,5,5,5,Champions
C10627,95,2,6480.6,2,2,2,Hibernating
C10628,230,2,3203.25,1,2,1,Hibernating
C10629,8,4,13833.2,5,4,4,Champions
C10631,6,3,4428.75,5,3,2,Loyal Customers
C10632,65,2,4191.8,3,2,2,Hibernating
C10633,90,4,8536.2,3,4,3,Loyal Customers
C10634,7,5,2918.75,5,5,1,Loyal Customers
C10635,65,2,882.25,3,2,1,Hibernating
C10636,26,6,11920.4,4,5,4,Champions
C10637,90,4,9014.0,3,4,3,Loyal Customers
C10638,23,3,7672.7,5,3,3,Loyal Customers
C10639,280,1,1730.0,1,1,1,Hibernating
C10640,2,2,4256.8,5,2,2,Potential Loyalists
C10641,50,1,882.0,4,1,1,Potential Loyalists
C10642,45,7,23677.600000000002,4,5,5,Champions
C10643,136,2,4266.95,2,2,2,Hibernating
C10644,2,6,20079.45,5,5,5,Champions
C10645,58,5,5832.099999999999,3,5,2,Loyal Customers
C10646,267,2,4365.8,1,2,2,Hibernating
C10647,24,5,10564.4,4,5,4,Champions
C10648,216,4,18225.8,1,4,5,At Risk
C10649,4,3,9883.2,5,3,4,Loyal Customers
C10650,167,2,6181.8,1,2,2,Hibernating
C10651,13,3,7555.8,5,3,3,Loyal Customers
C10652,127,2,3049.65,2,2,1,Hibernating
C10653,33,4,15684.6,4,4,5,Champions
C10654,52,3,4125.9,4,3,2,Loyal Customers
C10655,43,5,8929.7,4,5,3,Loyal Customers
C10656,64,2,3513.8,3,2,1,Hibernating
C10657,101,4,10165.199999999999,2,4,4,At Risk
C10658,111,4,14182.6,2,4,4,At Risk
C10659,43,5,7130.7,4,5,3,Loyal Customers
C10660,111,1,3253.5,2,1,1,Hibernating
C10661,258,1,1607.4,1,1,1,Hibernating
C10662,12,4,6153.35,5,4,2,Loyal Customers
C10663,116,1,6478.200000000001,2,1,2,Hibernating
C10664,129,5,13161.7,2,5,4,At Risk
C10665,101,2,7299.0,2,2,3,Hibernating
C10666,177,2,3974.45,1,2,1,Hibernating
C10667,109,4,10811.9,2,4,4,At Risk
C10668,62,3,4144.8,3,3,2,Loyal Customers
C10669,37,4,10451.1,4,4,4,Champions
C10670,126,2,7348.0,2,2,3,Hibernating
C10671,189,3,3517.15,1,3,1,At Risk
C10672,88,5,8949.4,3,5,3,Loyal Customers
C10673,48,6,18842.3,4,5,5,Champions
C10674,5,4,24795.8,5,4,5,Champions
C10676,34,8,16628.0,4,5,5,Champions
C10677,221,4,8598.05,1,4,3,At Risk
C10678,187,3,7525.35,1,3,3,At Risk
C10679,308,1,929.1,1,1,1,Hibernating
C10680,326,1,3357.75,1,1,1,Hibernating
C10681,8,2,4157.7,5,2,2,Potential Loyalists
C10682,353,1,1320.0,1,1,1,Hibernating
C10683,7,3,7706.05,5,3,3,Loyal Customers
C10684,12,4,8820.95,5,4,3,Loyal Customers
C10685,87,2,4281.6,3,2,2,Hibernating
C10686,49,5,8019.200000000001,4,5,3,Loyal Customers
C10687,110,2,2376.0,2,2,1,Hibernating
C10688,5,6,27280.9,5,5,5,Champions
C10689,216,2,10142.8,1,2,4,Hibernating
C10690,31,4,13806.75,4,4,4,Champions
C10691,326,1,1030.4,1,1,1,Hibernating
C10692,83,2,3594.0,3,2,1,Hibernating
C10693,26,1,2153.9,4,1,1,Potential Loyalists
C10694,63,8,17749.5,3,5,5,Loyal Customers
C10695,51,6,12979.9,4,5,4,Champions
C10696,43,4,7845.3,4,4,3,Loyal Customers
C10697,212,3,5545.7,1,3,2,At Risk
C10698,56,3,9405.4,3,3,3,Loyal Customers
C10699,20,3,7645.45,5,3,3,Loyal Customers
C10700,28,4,9280.05,4,4,3,Loyal Customers
C10701,155,2,5085.6,2,2,2,Hibernating
C10702,115,3,8070.8,2,3,3,At Risk
C10703,47,4,9629.8,4,4,3,Loyal Customers
C10704,24,6,11257.25,4,5,4,Champions
C10705,58,2,8557.35,3,2,3,Hibernating
C10706,73,3,13909.4,3,3,4,Loyal Customers
C10707,41,3,11829.05,4,3,4,Loyal Customers
C10708,180,5,9064.7,1,5,3,At Risk
C10710,119,2,3905.85,2,2,1,Hibernating
C10711,108,1,3313.8,2,1,1,Hibernating
C10712,154,3,8781.45,2,3,3,At Risk
C10713,139,1,2593.8,2,1,1,Hibernating
C10714,286,2,3737.8,1,2,1,Hibernating
C10715,77,5,10808.05,3,5,4,Loyal Customers
C10716,80,4,18423.0,3,4,5,Loyal Customers
C10717,91,6,27956.3,3,5,5,Loyal Customers
C10718,47,2,10127.0,4,2,4,Potential Loyalists
C10719,107,3,5413.75,2,3,2,At Risk
C10720,43,4,9433.3,4,4,3,Loyal Customers
C10721,28,3,4757.9,4,3,2,Loyal Customers
C10722,44,4,9880.5,4,4,4,Champions
C10723,31,5,12800.5,4,5,4,Champions
C10724,155,3,4736.5,2,3,2,At Risk
C10725,100,2,4436.1,2,2,2,Hibernating
C10726,68,9,21802.1,3,5,5,Loyal Customers
C10727,4,7,13101.150000000001,5,5,4,Champions
C10728,290,1,3316.8,1,1,1,Hibernating
C10729,45,5,14135.35,4,5,4,Champions
C10730,221,1,1957.5,1,1,1,Hibernating
C10731,51,4,11305.0,4,4,4,Champions
C10732,220,5,16630.100000000002,1,5,5,At Risk
C10733,288,2,3878.9,1,2,1,Hibernating
C10734,13,4,11868.9,5,4,4,Champions
C10735,9,5,25009.0,5,5,5,Champions
C10736,359,1,2945.8,1,1,1,Hibernating
C10737,3,4,18732.75,5,4,5,Champions
C10738,114,2,6719.0,2,2,2,Hibernating
C10739,90,2,5275.35,3,2,2,Hibernating
C10740,137,5,21645.85,2,5,5,At Risk
C10742,16,6,20980.05,5,5,5,Champions
C10743,54,5,13250.5,3,5,4,Loyal Customers
C10744,136,2,3160.5,2,2,1,Hibernating
C10745,100,3,6524.549999999999,2,3,2,At Risk
C10746,36,3,10319.5,4,3,4,Loyal Customers
C10747,45,4,6798.150000000001,4,4,3,Loyal Customers
C10748,43,2,6899.2,4,2,3,Potential Loyalists
C10749,34,6,8650.4,4,5,3,Loyal Customers
C10750,108,4,6618.4,2,4,2,At Risk
C10751,80,5,14911.2,3,5,5,Loyal Customers
C10752,28,3,2659.05,4,3,1,Loyal Customers
C10753,11,4,9939.75,5,4,4,Champions
C10754,34,4,5707.0,4,4,2,Loyal Customers
C10755,234,3,15762.2,1,3,5,At Risk
C10756,34,4,17170.05,4,4,5,Champions
C10757,256,1,1404.8,1,1,1,Hibernating
C10758,27,4,16424.95,4,4,5,Champions
C10759,66,2,2834.1,3,2,1,Hibernating
C10760,108,4,8453.45,2,4,3,At Risk
C10761,16,3,6238.5,5,3,2,Loyal Customers
C10762,1,2,5226.0,5,2,2,Potential Loyalists
C10763,153,4,15896.600000000002,2,4,5,At Risk
C10764,78,3,9300.75,3,3,3,Loyal Customers
C10765,273,2,3476.0,1,2,1,Hibernating
C10766,67,3,7814.0,3,3,3,Loyal Customers
C10767,88,5,19394.25,3,5,5,Loyal Customers
C10768,40,3,13823.1,4,3,4,Loyal Customers
C10769,10,4,9076.35,5,4,3,Loyal Customers
C10770,21,6,11959.4,5,5,4,Champions
C10771,18,2,7653.799999999999,5,2,3,Potential Loyalists
C10772,51,5,14688.400000000001,4,5,5,Champions
C10773,123,4,8451.65,2,4,3,At Risk
C10774,6,4,15489.8,5,4,5,Champions
C10775,186,1,555.2,1,1,1,Hibernating
C10776,215,3,9408.8,1,3,3,At Risk
C10777,48,1,2397.0,4,1,1,Potential Loyalists
C10778,66,4,13578.65,3,4,4,Loyal Customers
C10779,14,2,8277.6,5,2,3,Potential Loyalists
C10780,56,4,9296.8,3,4,3,Loyal Customers
C10781,26,5,24995.45,4,5,5,Champions
C10782,205,1,6096.0,1,1,2,Hibernating
C10783,4,2,4882.950000000001,5,2,2,Potential Loyalists
C10784,79,6,24165.0,3,5,5,Loyal Customers
C10785,26,1,1028.25,4,1,1,Potential Loyalists
C10786,49,4,25284.95,4,4,5,Champions
C10787,311,1,8203.0,1,1,3,Hibernating
C10788,27,3,10757.2,4,3,4,Loyal Customers
C10789,3,3,10872.599999999999,5,3,4,Loyal Customers
C10790,121,5,7239.6,2,5,3,At Risk
C10791,146,3,15400.35,2,3,5,At Risk
C10792,41,3,6774.4,4,3,2,Loyal Customers
C10793,2,3,9178.699999999999,5,3,3,Loyal Customers
C10794,154,1,884.5,2,1,1,Hibernating
C10795,38,4,10736.05,4,4,4,Champions
C10796,22,9,23062.75,5,5,5,Champions
C10797,63,2,10233.6,3,2,4,Hibernating
C10798,277,3,4816.6,1,3,2,At Risk
C10799,18,5,11949.7,5,5,4,Champions
C10800,264,3,8917.8,1,3,3,At Risk
C10802,63,2,6213.6,3,2,2,Hibernating
C10803,130,3,8983.9,2,3,3,At Risk
C10804,27,5,13661.8,4,5,4,Champions
C10805,192,1,7671.299999999999,1,1,3,Hibernating
C10806,65,5,15525.2,3,5,5,Loyal Customers
C10807,74,5,17594.5,3,5,5,Loyal Customers
C10808,22,5,16051.3,5,5,5,Champions
C10809,4,5,6175.65,5,5,2,Loyal Customers
C10810,192,2,11274.0,1,2,4,Hibernating
C10811,53,6,13851.5,4,5,4,Champions
C10812,261,2,2951.8,1,2,1,Hibernating
C10813,130,1,1239.0,2,1,1,Hibernating
C10814,4,6,29794.0,5,5,5,Champions
C10815,8,1,554.2,5,1,1,Potential Loyalists
C10816,44,6,10752.0,4,5,4,Champions
C10817,98,3,7364.0,2,3,3,At Risk
C10818,27,3,12087.2,4,3,4,Loyal Customers
C10819,15,9,20044.1,5,5,5,Champions
C10820,18,6,11687.7,5,5,4,Champions
C10821,27,10,34739.1,4,5,5,Champions
C10822,210,2,3190.8500000000004,1,2,1,Hibernating
C10823,18,4,14585.55,5,4,5,Champions
C10824,87,1,4475.8,3,1,2,Hibernating
C10825,13,10,16293.6,5,5,5,Champions
C10826,358,1,634.8,1,1,1,Hibernating
C10827,185,3,12063.400000000001,1,3,4,At Risk
C10828,44,5,23615.3,4,5,5,Champions
C10829,30,3,6226.049999999999,4,3,2,Loyal Customers
C10830,30,1,3712.8,4,1,1,Potential Loyalists
C10831,227,1,3118.05,1,1,1,Hibernating
C10832,59,4,5874.049999999999,3,4,2,Loyal Customers
C10833,28,4,11457.05,4,4,4,Champions
C10834,42,4,10361.5,4,4,4,Champions
C10835,94,4,7877.65,3,4,3,Loyal Customers
C10836,5,3,3485.8500000000004,5,3,1,Loyal Customers
C10837,23,3,13808.85,5,3,4,Loyal Customers
C10838,4,3,15173.2,5,3,5,Loyal Customers
C10839,51,4,17967.399999999998,4,4,5,Champions
C10840,17,3,5618.5,5,3,2,Loyal Customers
C10841,30,6,12789.0,4,5,4,Champions
C10842,64,3,7177.1,3,3,3,Loyal Customers
C10843,82,2,4019.7,3,2,2,Hibernating
C10844,6,7,17194.0,5,5,5,Champions
C10845,1,4,6776.1,5,4,2,Loyal Customers
C10846,9,4,9942.9,5,4,4,Champions
C10847,14,5,10883.4,5,5,4,Champions
C10848,163,3,19524.2,1,3,5,At Risk
C10849,185,3,7040.15,1,3,3,At Risk
C10850,143,4,9123.65,2,4,3,At Risk
C10851,114,2,3256.3,2,2,1,Hibernating
C10852,29,7,16889.850000000002,4,5,5,Champions
C10853,67,3,6646.3,3,3,2,Loyal Customers
C10854,78,5,8007.9,3,5,3,Loyal Customers
C10855,133,3,10435.5,2,3,4,At Risk
C10856,67,2,4663.75,3,2,2,Hibernating
C10857,10,7,25579.1,5,5,5,Champions
C10858,142,7,14653.8,2,5,5,At Risk
C10860,15,3,9687.25,5,3,3,Loyal Customers
C10861,75,3,12885.5,3,3,4,Loyal Customers
C10862,186,5,11136.3,1,5,4,At Risk
C10863,65,6,21083.3,3,5,5,Loyal Customers
C10864,30,5,18050.5,4,5,5,Champions
C10865,268,2,5388.3,1,2,2,Hibernating
C10866,32,5,21249.75,4,5,5,Champions
C10867,66,3,5671.65,3,3,2,Loyal Customers
C10868,70,3,7493.8,3,3,3,Loyal Customers
C10869,21,6,21503.050000000003,5,5,5,Champions
C10870,149,1,4391.8,2,1,2,Hibernating
C10871,110,1,2195.5,2,1,1,Hibernating
C10872,13,3,8287.55,5,3,3,Loyal Customers
C10873,10,4,11794.7,5,4,4,Champions
C10874,213,3,8318.15,1,3,3,At Risk
C10875,73,5,23949.4,3,5,5,Loyal Customers
C10876,10,4,7609.65,5,4,3,Loyal Customers
C10877,47,4,12556.8,4,4,4,Champions
C10878,12,2,5350.1,5,2,2,Potential Loyalists
C10879,138,5,12601.8,2,5,4,At Risk
C10880,167,2,5666.2,1,2,2,Hibernating
C10881,185,1,1376.7,1,1,1,Hibernating
C10882,288,1,1804.0,1,1,1,Hibernating
C10883,6,3,13937.7,5,3,4,Loyal Customers
C10884,77,3,3372.4,3,3,1,Loyal Customers
C10885,132,5,15011.9,2,5,5,At Risk
C10886,11,7,12191.1,5,5,4,Champions
C10887,44,6,11554.75,4,5,4,Champions
C10888,24,3,7370.3,4,3,3,Loyal Customers
C10889,36,6,17408.0,4,5,5,Champions
C10890,71,4,6571.1,3,4,2,Loyal Customers
C10891,101,6,14222.95,2,5,4,At Risk
C10892,23,3,5237.65,5,3,2,Loyal Customers
C10893,79,2,6271.85,3,2,2,Hibernating
C10894,39,5,10555.2,4,5,4,Champions
C10895,6,2,9094.0,5,2,3,Potential Loyalists
C10896,96,3,5657.95,2,3,2,At Risk
C10897,6,6,18980.75,5,5,5,Champions
C10899,4,4,16715.5,5,4,5,Champions
C10900,156,2,1126.5,2,2,1,Hibernating
C10901,199,4,16391.75,1,4,5,At Risk
C10902,34,6,12257.15,4,5,4,Champions
C10903,59,3,3747.3500000000004,3,3,1,Loyal Customers
C10904,65,3,8999.35,3,3,3,Loyal Customers
C10905,10,1,1763.0,5,1,1,Potential Loyalists
C10906,191,7,28093.25,1,5,5,At Risk
C10907,22,5,13213.2,5,5,4,Champions
C10908,27,4,10136.300000000001,4,4,4,Champions
C10909,119,3,6623.0,2,3,2,At Risk
C10910,50,2,3808.6000000000004,4,2,1,Potential Loyalists
C10911,129,4,12224.4,2,4,4,At Risk
C10913,26,3,9469.75,4,3,3,Loyal Customers
C10914,152,4,9003.4,2,4,3,At Risk
C10915,87,4,12825.95,3,4,4,Loyal Customers
C10917,113,6,10888.3,2,5,4,At Risk
C10918,3,6,15155.55,5,5,5,Champions
C10919,10,6,19511.0,5,5,5,Champions
C10920,89,4,12183.4,3,4,4,Loyal Customers
C10921,352,1,2480.0,1,1,1,Hibernating
C10923,31,3,7570.5,4,3,3,Loyal Customers
C10925,101,2,3344.0,2,2,1,Hibernating
C10926,108,2,9153.9,2,2,3,Hibernating
C10927,11,5,14939.800000000001,5,5,5,Champions
C10928,10,3,9214.05,5,3,3,Loyal Customers
C10929,24,1,455.4,4,1,1,Potential Loyalists
C10930,107,3,16845.1,2,3,5,At Risk
C10931,6,7,19200.6,5,5,5,Champions
C10932,123,3,6937.95,2,3,3,At Risk
C10933,80,4,3767.6,3,4,1,Loyal Customers
C10934,90,2,4953.65,3,2,2,Hibernating
C10935,40,3,11738.2,4,3,4,Loyal Customers
C10936,128,2,2836.4500000000003,2,2,1,Hibernating
C10937,82,1,4000.5,3,1,1,Hibernating
C10938,46,2,5506.8,4,2,2,Potential Loyalists
C10939,52,3,7407.5,4,3,3,Loyal Customers
C10940,20,7,13240.35,5,5,4,Champions
C10941,100,4,10865.35,2,4,4,At Risk
C10942,17,5,18948.199999999997,5,5,5,Champions
C10943,28,7,17443.95,4,5,5,Champions
C10944,84,3,3363.3,3,3,1,Loyal Customers
C10945,9,3,12774.0,5,3,4,Loyal Customers
C10946,126,7,12122.0,2,5,4,At Risk
C10947,125,4,14946.8,2,4,5,At Risk
C10948,86,5,16967.6,3,5,5,Loyal Customers
C10949,108,3,2093.7,2,3,1,At Risk
C10950,93,2,4626.0,3,2,2,Hibernating
C10951,90,1,3209.6,3,1,1,Hibernating
C10952,1,5,11573.15,5,5,4,Champions
C10953,257,3,4614.75,1,3,2,At Risk
C10954,276,4,10400.5,1,4,4,At Risk
C10955,16,5,19328.9,5,5,5,Champions
C10956,108,3,4065.3,2,3,2,At Risk
C10957,107,1,1045.5,2,1,1,Hibernating
C10958,131,5,26863.7,2,5,5,At Risk
C10959,14,5,8785.1,5,5,3,Loyal Customers
C10960,50,2,5948.15,4,2,2,Potential Loyalists
C10961,222,2,3822.4,1,2,1,Hibernating
C10962,64,5,13650.5,3,5,4,Loyal Customers
C10963,77,2,5805.35,3,2,2,Hibernating
C10964,16,6,12977.2,5,5,4,Champions
C10965,126,2,2254.6,2,2,1,Hibernating
C10966,32,2,4906.8,4,2,2,Potential Loyalists
C10967,58,3,8366.15,3,3,3,Loyal Customers
C10968,14,5,18491.85,5,5,5,Champions
C10969,79,2,2385.9,3,2,1,Hibernating
C10970,97,2,4411.5,2,2,2,Hibernating
C10971,148,4,7558.55,2,4,3,At Risk
C10974,82,4,10801.7,3,4,4,Loyal Customers
C10975,46,6,18536.8,4,5,5,Champions
C10976,34,4,10026.8,4,4,4,Champions
C10977,153,3,9867.8,2,3,4,At Risk
C10979,60,1,1373.4,3,1,1,Hibernating
C10980,108,3,9330.2,2,3,3,At Risk
C10982,210,3,6241.9,1,3,2,At Risk
C10983,337,1,1318.0,1,1,1,Hibernating
C10984,95,3,7585.6,2,3,3,At Risk
C10985,19,5,8047.7,5,5,3,Loyal Customers
C10986,113,5,13986.1,2,5,4,At Risk
C10987,52,5,11558.35,4,5,4,Champions
C10988,309,3,14992.0,1,3,5,At Risk
C10989,130,2,5667.2,2,2,2,Hibernating
C10990,189,1,2016.75,1,1,1,Hibernating
C10991,102,4,11282.300000000001,2,4,4,At Risk
C10992,126,2,2583.1,2,2,1,Hibernating
C10993,142,1,1827.2,2,1,1,Hibernating
C10994,181,1,4674.0,1,1,2,Hibernating
C10995,90,3,1112.6,3,3,1,Loyal Customers
C10996,8,6,10971.25,5,5,4,Champions
C10997,102,4,12753.2,2,4,4,At Risk
C10998,250,3,7703.299999999999,1,3,3,At Risk
C10999,10,1,2881.45,5,1,1,Potential Loyalists
C11000,127,3,9085.9,2,3,3,At Risk
C11001,70,5,20903.6,3,5,5,Loyal Customers
C11002,135,4,12300.75,2,4,4,At Risk
C11003,219,5,14748.25,1,5,5,At Risk
C11004,138,3,7113.299999999999,2,3,3,At Risk
C11005,46,4,18405.25,4,4,5,Champions
C11006,52,2,4947.8,4,2,2,Potential Loyalists
C11007,59,3,7699.1,3,3,3,Loyal Customers
C11008,266,1,4259.7,1,1,2,Hibernating
C11009,299,1,857.35,1,1,1,Hibernating
C11010,29,4,5638.3,4,4,2,Loyal Customers
C11011,123,1,3714.3,2,1,1,Hibernating
C11012,198,2,4758.8,1,2,2,Hibernating
C11013,10,6,15286.6,5,5,5,Champions
C11014,244,1,759.6,1,1,1,Hibernating
C11015,281,1,5824.0,1,1,2,Hibernating
C11016,50,4,12640.65,4,4,4,Champions
C11017,23,5,19151.05,5,5,5,Champions
C11018,101,3,10996.8,2,3,4,At Risk
C11020,218,1,5032.0,1,1,2,Hibernating
C11021,54,5,14721.2,3,5,5,Loyal Customers
C11022,124,5,14827.3,2,5,5,At Risk
C11023,3,5,17315.2,5,5,5,Champions
C11024,60,5,16004.95,3,5,5,Loyal Customers
C11025,1,3,15918.699999999999,5,3,5,Loyal Customers
C11026,133,1,843.2,2,1,1,Hibernating
C11027,36,2,5163.5,4,2,2,Potential Loyalists
C11028,116,3,4747.200000000001,2,3,2,At Risk
C11029,10,3,2871.6,5,3,1,Loyal Customers
C11030,135,7,41167.3,2,5,5,At Risk
C11031,8,3,8679.3,5,3,3,Loyal Customers
C11032,47,4,18863.3,4,4,5,Champions
C11033,205,6,17241.85,1,5,5,At Risk
C11034,111,3,6980.0,2,3,3,At Risk
C11035,148,2,4827.299999999999,2,2,2,Hibernating
C11036,125,2,8463.3,2,2,3,Hibernating
C11037,34,2,4156.1,4,2,2,Potential Loyalists
C11039,9,4,8007.15,5,4,3,Loyal Customers
C11040,101,4,11431.85,2,4,4,At Risk
C11041,51,5,15869.25,4,5,5,Champions
C11042,135,6,17512.85,2,5,5,At Risk
C11043,198,1,1199.8,1,1,1,Hibernating
C11044,50,6,12800.85,4,5,4,Champions
C11045,10,2,1672.5,5,2,1,Potential Loyalists
C11046,125,2,12114.75,2,2,4,Hibernating
C11047,156,2,8264.400000000001,2,2,3,Hibernating
C11048,47,5,6736.3,4,5,2,Loyal Customers
C11049,43,2,9287.2,4,2,3,Potential Loyalists
C11050,53,3,11529.3,4,3,4,Loyal Customers
C11051,65,5,9326.65,3,5,3,Loyal Customers
C11052,47,3,8093.599999999999,4,3,3,Loyal Customers
C11053,165,2,2386.75,1,2,1,Hibernating
C11054,104,7,17151.25,2,5,5,At Risk
C11055,5,4,6028.1,5,4,2,Loyal Customers
C11056,64,4,8757.85,3,4,3,Loyal Customers
C11058,24,4,21219.9,4,4,5,Champions
C11059,30,3,5959.3,4,3,2,Loyal Customers
C11060,46,2,5066.4,4,2,2,Potential Loyalists
C11061,76,3,2780.6,3,3,1,Loyal Customers
C11062,113,6,14041.250000000002,2,5,4,At Risk
C11063,128,5,19803.9,2,5,5,At Risk
C11064,26,7,19492.699999999997,4,5,5,Champions
C11065,158,3,7396.7,2,3,3,At Risk
C11066,114,3,6479.3,2,3,2,At Risk
C11067,312,4,11851.2,1,4,4,At Risk
C11068,126,5,12254.6,2,5,4,At Risk
C11069,91,2,6992.4,3,2,3,Hibernating
C11070,168,3,6666.85,1,3,2,At Risk
C11071,201,3,3030.15,1,3,1,At Risk
C11072,195,1,687.05,1,1,1,Hibernating
C11073,288,2,11156.099999999999,1,2,4,Hibernating
C11074,4,3,14465.7,5,3,5,Loyal Customers
C11075,24,3,6305.4,4,3,2,Loyal Customers
C11076,175,3,10991.0,1,3,4,At Risk
C11077,133,4,23790.7,2,4,5,At Risk
C11078,92,5,17329.8,3,5,5,Loyal Customers
C11079,76,2,4492.8,3,2,2,Hibernating
C11080,132,3,8177.950000000001,2,3,3,At Risk
C11081,362,1,2715.2,1,1,1,Hibernating
C11082,153,5,11919.800000000001,2,5,4,At Risk
C11083,17,5,8672.05,5,5,3,Loyal Customers
C11084,103,4,18026.15,2,4,5,At Risk
C11085,99,5,16174.05,2,5,5,At Risk
C11086,28,4,16540.6,4,4,5,Champions
C11087,47,6,13437.300000000001,4,5,4,Champions
C11088,140,4,10628.050000000001,2,4,4,At Risk
C11089,103,4,14469.849999999999,2,4,5,At Risk
C11090,116,2,2004.3000000000002,2,2,1,Hibernating
C11091,67,3,4549.7,3,3,2,Loyal Customers
C11092,50,4,8145.3,4,4,3,Loyal Customers
C11093,105,4,13123.6,2,4,4,At Risk
C11094,52,4,9440.2,4,4,3,Loyal Customers
C11095,3,5,10743.1,5,5,4,Champions
C11096,64,2,1758.2,3,2,1,Hibernating
C11097,6,5,7938.55,5,5,3,Loyal Customers
C11098,65,8,13186.6,3,5,4,Loyal Customers
C11099,7,10,37647.45,5,5,5,Champions
C11101,41,1,5705.7,4,1,2,Potential Loyalists
C11102,124,3,7755.85,2,3,3,At Risk
C11103,89,1,5190.1,3,1,2,Hibernating
C11105,145,3,5999.45,2,3,2,At Risk
C11106,86,4,8724.1,3,4,3,Loyal Customers
C11107,160,3,6424.3,2,3,2,At Risk
C11108,145,1,2203.5,2,1,1,Hibernating
C11109,27,3,9609.7,4,3,3,Loyal Customers
C11110,35,1,12719.699999999999,4,1,4,Potential Loyalists
C11111,101,3,7673.049999999999,2,3,3,At Risk
C11112,229,2,11244.0,1,2,4,Hibernating
C11113,46,6,11933.8,4,5,4,Champions
C11114,103,1,1026.4,2,1,1,Hibernating
C11115,84,2,8756.2,3,2,3,Hibernating
C11116,86,4,7880.799999999999,3,4,3,Loyal Customers
C11117,76,3,6886.3,3,3,3,Loyal Customers
C11118,176,3,9032.2,1,3,3,At Risk
C11120,3,3,9846.05,5,3,4,Loyal Customers
C11121,31,5,9300.0,4,5,3,Loyal Customers
C11122,42,3,11594.7,4,3,4,Loyal Customers
C11123,85,4,7651.099999999999,3,4,3,Loyal Customers
C11124,10,4,18219.55,5,4,5,Champions
C11125,49,4,8242.3,4,4,3,Loyal Customers
C11126,4,4,16484.85,5,4,5,Champions
C11127,52,2,2689.8,4,2,1,Potential Loyalists
C11128,167,3,18306.9,1,3,5,At Risk
C11129,185,3,23814.399999999998,1,3,5,At Risk
C11130,17,4,11274.6,5,4,4,Champions
C11131,77,1,2553.75,3,1,1,Hibernating
C11132,230,1,1677.05,1,1,1,Hibernating
C11133,4,3,4044.25,5,3,2,Loyal Customers
C11134,76,2,8005.4,3,2,3,Hibernating
C11135,72,5,19417.050000000003,3,5,5,Loyal Customers
C11136,78,2,7721.700000000001,3,2,3,Hibernating
C11137,7,1,1264.25,5,1,1,Potential Loyalists
C11138,48,4,7164.45,4,4,3,Loyal Customers
C11139,109,7,18516.5,2,5,5,At Risk
C11140,28,3,7923.95,4,3,3,Loyal Customers
C11141,104,4,7741.15,2,4,3,At Risk
C11142,177,2,3914.2,1,2,1,Hibernating
C11143,19,4,10677.6,5,4,4,Champions
C11144,199,3,6986.799999999999,1,3,3,At Risk
C11145,257,3,8877.5,1,3,3,At Risk
C11146,41,2,3392.1,4,2,1,Potential Loyalists
C11147,13,4,6782.9,5,4,2,Loyal Customers
C11148,49,2,11313.25,4,2,4,Potential Loyalists
C11149,232,4,8832.9,1,4,3,At Risk
C11150,35,1,2184.0,4,1,1,Potential Loyalists
C11151,78,5,13241.5,3,5,4,Loyal Customers
C11152,214,1,3071.05,1,1,1,Hibernating
C11153,246,1,1294.5,1,1,1,Hibernating
C11154,1,1,787.5,5,1,1,Potential Loyalists
C11155,5,3,12116.6,5,3,4,Loyal Customers
C11156,38,6,12483.3,4,5,4,Champions
C11157,103,3,7976.7,2,3,3,At Risk
C11158,10,7,16462.1,5,5,5,Champions
C11159,15,1,2266.55,5,1,1,Potential Loyalists
C11160,24,5,12578.9,4,5,4,Champions
C11161,75,2,6634.75,3,2,2,Hibernating
C11162,28,4,9073.9,4,4,3,Loyal Customers
C11163,180,4,7932.0,1,4,3,At Risk
C11165,17,4,9919.65,5,4,4,Champions
C11166,188,5,17008.15,1,5,5,At Risk
C11167,15,5,14203.9,5,5,4,Champions
C11168,110,4,15035.0,2,4,5,At Risk
C11169,23,6,12318.95,5,5,4,Champions
C11170,21,4,10126.35,5,4,4,Champions
C11171,81,2,5267.25,3,2,2,Hibernating
C11172,6,6,21416.05,5,5,5,Champions
C11173,308,1,1975.2,1,1,1,Hibernating
C11174,69,5,17227.75,3,5,5,Loyal Customers
C11175,125,3,8694.3,2,3,3,At Risk
C11177,130,6,13614.8,2,5,4,At Risk
C11178,13,3,2902.05,5,3,1,Loyal Customers
C11179,52,3,7016.75,4,3,3,Loyal Customers
C11180,257,2,11726.8,1,2,4,Hibernating
C11181,83,2,4470.65,3,2,2,Hibernating
C11182,103,4,8532.7,2,4,3,At Risk
C11183,65,5,12258.55,3,5,4,Loyal Customers
C11184,39,3,10173.0,4,3,4,Loyal Customers
C11185,214,1,3429.75,1,1,1,Hibernating
C11186,129,5,12860.75,2,5,4,At Risk
C11187,328,1,2607.0,1,1,1,Hibernating
C11188,1,4,10098.449999999999,5,4,4,Champions
C11189,30,5,19508.300000000003,4,5,5,Champions
C11190,40,5,14960.85,4,5,5,Champions
C11191,23,2,4444.85,5,2,2,Potential Loyalists
C11192,14,5,15307.6,5,5,5,Champions
C11193,18,6,17209.35,5,5,5,Champions
C11194,73,3,8713.4,3,3,3,Loyal Customers
C11195,123,5,10620.55,2,5,4,At Risk
C11196,84,8,10629.05,3,5,4,Loyal Customers
C11197,127,5,7552.0,2,5,3,At Risk
C11199,9,4,6772.4,5,4,2,Loyal Customers
C11200,300,1,4276.8,1,1,2,Hibernating
C11201,33,9,21488.45,4,5,5,Champions
C11202,242,1,2833.6,1,1,1,Hibernating
C11203,62,2,3592.4,3,2,1,Hibernating
C11204,218,1,2421.0,1,1,1,Hibernating
C11205,82,3,9192.4,3,3,3,Loyal Customers
C11206,285,2,4223.5,1,2,2,Hibernating
C11207,99,8,18517.25,2,5,5,At Risk
C11208,13,1,779.95,5,1,1,Potential Loyalists
C11209,79,5,10941.95,3,5,4,Loyal Customers
C11210,65,6,15960.15,3,5,5,Loyal Customers
C11211,56,4,7025.95,3,4,3,Loyal Customers
C11212,111,3,2214.15,2,3,1,At Risk
C11213,113,5,23007.05,2,5,5,At Risk
C11214,330,2,3972.75,1,2,1,Hibernating
C11215,279,2,5253.9,1,2,2,Hibernating
C11216,24,6,10194.3,4,5,4,Champions
C11217,172,2,3623.05,1,2,1,Hibernating
C11218,231,2,11547.250000000002,1,2,4,Hibernating
C11219,61,6,14841.7,3,5,5,Loyal Customers
C11220,231,2,4615.35,1,2,2,Hibernating
C11221,22,4,18709.75,5,4,5,Champions
C11222,329,1,3181.75,1,1,1,Hibernating
C11223,16,2,10914.0,5,2,4,Potential Loyalists
C11224,241,3,2612.6000000000004,1,3,1,At Risk
C11225,46,2,1872.9,4,2,1,Potential Loyalists
C11226,243,1,248.5,1,1,1,Hibernating
C11228,132,4,8534.9,2,4,3,At Risk
C11229,63,4,5519.0,3,4,2,Loyal Customers
C11230,97,2,7068.8,2,2,3,Hibernating
C11231,8,4,7852.55,5,4,3,Loyal Customers
C11232,95,2,6787.8,2,2,3,Hibernating
C11233,194,4,10447.55,1,4,4,At Risk
C11234,56,5,10818.75,3,5,4,Loyal Customers
C11235,12,1,2687.25,5,1,1,Potential Loyalists
C11236,15,6,14949.2,5,5,5,Champions
C11237,38,6,18057.25,4,5,5,Champions
C11238,305,2,10419.4,1,2,4,Hibernating
C11239,34,3,13824.5,4,3,4,Loyal Customers
C11240,27,2,3639.3,4,2,1,Potential Loyalists
C11241,142,3,6301.25,2,3,2,At Risk
C11242,186,7,15126.0,1,5,5,At Risk
C11243,5,5,10032.7,5,5,4,Champions
C11244,12,3,10226.85,5,3,4,Loyal Customers
C11245,2,4,11000.5,5,4,4,Champions
C11246,54,5,19526.6,3,5,5,Loyal Customers
C11247,338,1,3483.75,1,1,1,Hibernating
C11248,36,4,7088.85,4,4,3,Loyal Customers
C11249,43,2,7118.55,4,2,3,Potential Loyalists
C11250,59,2,4348.05,3,2,2,Hibernating
C11251,93,2,7758.6,3,2,3,Hibernating
C11252,21,6,8693.6,5,5,3,Loyal Customers
C11253,116,5,13891.5,2,5,4,At Risk
C11254,79,3,5913.8,3,3,2,Loyal Customers
C11255,158,1,9945.6,2,1,4,Hibernating
C11256,30,2,3130.4,4,2,1,Potential Loyalists
C11257,53,4,10584.05,4,4,4,Champions
C11259,13,2,4746.65,5,2,2,Potential Loyalists
C11260,81,1,670.5,3,1,1,Hibernating
C11261,120,6,17234.35,2,5,5,At Risk
C11262,25,4,6323.55,4,4,2,Loyal Customers
C11263,15,7,25808.6,5,5,5,Champions
C11264,133,2,13762.3,2,2,4,Hibernating
C11265,47,1,2043.0,4,1,1,Potential Loyalists
C11266,355,1,1560.4,1,1,1,Hibernating
C11267,171,2,9018.1,1,2,3,Hibernating
C11268,77,3,5354.4,3,3,2,Loyal Customers
C11269,34,2,3314.35,4,2,1,Potential Loyalists
C11270,61,7,8299.85,3,5,3,Loyal Customers
C11271,57,3,6702.8,3,3,2,Loyal Customers
C11272,131,4,13749.749999999998,2,4,4,At Risk
C11273,70,4,5106.55,3,4,2,Loyal Customers
C11274,58,5,14919.55,3,5,5,Loyal Customers
C11275,66,3,6338.45,3,3,2,Loyal Customers
C11276,69,7,12263.3,3,5,4,Loyal Customers
C11277,187,2,3692.2000000000003,1,2,1,Hibernating
C11278,5,4,13486.85,5,4,4,Champions
C11279,157,4,12902.1,2,4,4,At Risk
C11280,14,4,19831.85,5,4,5,Champions
C11281,64,3,10326.6,3,3,4,Loyal Customers
C11282,105,5,15503.8,2,5,5,At Risk
C11283,58,6,13155.35,3,5,4,Loyal Customers
C11284,6,3,2767.45,5,3,1,Loyal Customers
C11285,46,4,2740.75,4,4,1,Loyal Customers
C11286,190,2,5307.200000000001,1,2,2,Hibernating
C11287,4,3,13574.199999999999,5,3,4,Loyal Customers
C11288,107,5,24871.45,2,5,5,At Risk
C11289,121,4,10446.25,2,4,4,At Risk
C11290,7,5,18462.65,5,5,5,Champions
C11291,55,1,3020.8,3,1,1,Hibernating
C11292,264,2,4383.35,1,2,2,Hibernating
C11294,149,5,11423.15,2,5,4,At Risk
C11295,74,4,19829.6,3,4,5,Loyal Customers
C11296,128,3,11932.699999999999,2,3,4,At Risk
C11297,74,4,10159.9,3,4,4,Loyal Customers
C11298,16,9,31015.75,5,5,5,Champions
C11299,221,2,10071.0,1,2,4,Hibernating
C11300,183,4,8592.35,1,4,3,At Risk
C11301,9,3,3255.9,5,3,1,Loyal Customers
C11302,260,2,3133.5,1,2,1,Hibernating
C11303,151,3,9529.3,2,3,3,At Risk
C11304,81,5,12247.2,3,5,4,Loyal Customers
C11305,188,2,2618.6,1,2,1,Hibernating
C11306,2,7,15368.0,5,5,5,Champions
C11307,127,4,12462.6,2,4,4,At Risk
C11308,32,4,14609.15,4,4,5,Champions
C11309,14,3,9667.900000000001,5,3,3,Loyal Customers
C11310,102,3,7813.5,2,3,3,At Risk
C11311,134,1,274.4,2,1,1,Hibernating
C11312,2,3,1844.85,5,3,1,Loyal Customers
C11313,238,3,14231.8,1,3,4,At Risk
C11314,83,3,8269.8,3,3,3,Loyal Customers
C11315,126,3,2696.9,2,3,1,At Risk
C11316,30,3,5227.200000000001,4,3,2,Loyal Customers
C11317,3,5,12963.15,5,5,4,Champions
C11318,130,4,10690.7,2,4,4,At Risk
C11319,148,5,14923.7,2,5,5,At Risk
C11320,90,2,3627.3,3,2,1,Hibernating
C11321,100,3,6433.2,2,3,2,At Risk
C11322,131,5,10712.45,2,5,4,At Risk
C11323,50,3,3741.8,4,3,1,Loyal Customers
C11324,298,2,6089.95,1,2,2,Hibernating
C11325,123,4,4918.45,2,4,2,At Risk
C11326,50,6,15391.3,4,5,5,Champions
C11327,38,3,11585.6,4,3,4,Loyal Customers
C11328,27,3,9865.95,4,3,4,Loyal Customers
C11329,140,4,11475.5,2,4,4,At Risk
C11330,49,6,15804.8,4,5,5,Champions
C11333,193,1,1430.8,1,1,1,Hibernating
C11334,84,3,2297.2,3,3,1,Loyal Customers
C11335,37,3,8471.0,4,3,3,Loyal Customers
C11336,233,3,7681.3,1,3,3,At Risk
C11337,295,2,8515.75,1,2,3,Hibernating
C11338,59,2,12885.75,3,2,4,Hibernating
C11339,19,2,5644.0,5,2,2,Potential Loyalists
C11340,62,3,6276.9,3,3,2,Loyal Customers
C11341,65,4,9503.55,3,4,3,Loyal Customers
C11342,46,4,13949.55,4,4,4,Champions
C11343,74,2,3963.0,3,2,1,Hibernating
C11344,39,3,4880.75,4,3,2,Loyal Customers
C11345,14,5,12158.9,5,5,4,Champions
C11346,115,2,4570.25,2,2,2,Hibernating
C11347,90,7,17080.15,3,5,5,Loyal Customers
C11348,34,8,35046.45,4,5,5,Champions
C11349,72,3,6732.6,3,3,2,Loyal Customers
C11350,43,4,17126.9,4,4,5,Champions
C11351,85,3,7579.95,3,3,3,Loyal Customers
C11352,39,3,7744.4,4,3,3,Loyal Customers
C11353,35,5,13272.6,4,5,4,Champions
C11354,19,5,16234.0,5,5,5,Champions
C11355,42,6,13498.8,4,5,4,Champions
C11356,232,5,13863.8,1,5,4,At Risk
C11357,25,2,8164.299999999999,4,2,3,Potential Loyalists
C11358,106,1,2593.8,2,1,1,Hibernating
C11361,143,4,12377.5,2,4,4,At Risk
C11362,189,2,3374.95,1,2,1,Hibernating
C11363,28,5,15208.5,4,5,5,Champions
C11364,53,4,6812.799999999999,4,4,3,Loyal Customers
C11365,175,5,9720.25,1,5,3,At Risk
C11366,16,3,5179.25,5,3,2,Loyal Customers
C11367,31,3,9768.6,4,3,3,Loyal Customers
C11368,64,2,3448.45,3,2,1,Hibernating
C11369,65,3,7540.9,3,3,3,Loyal Customers
C11370,67,2,3220.65,3,2,1,Hibernating
C11371,197,4,9612.449999999999,1,4,3,At Risk
C11372,213,2,13374.000000000002,1,2,4,Hibernating
C11373,81,4,9759.949999999999,3,4,3,Loyal Customers
C11374,141,3,7582.4,2,3,3,At Risk
C11375,116,6,11647.15,2,5,4,At Risk
C11376,157,2,3885.9,2,2,1,Hibernating
C11377,59,4,8389.2,3,4,3,Loyal Customers
C11378,240,2,9623.3,1,2,3,Hibernating
C11379,33,4,11811.1,4,4,4,Champions
C11380,46,2,3968.5,4,2,1,Potential Loyalists
C11381,51,4,7122.15,4,4,3,Loyal Customers
C11382,79,2,6088.25,3,2,2,Hibernating
C11383,30,3,10081.050000000001,4,3,4,Loyal Customers
C11384,2,2,6020.95,5,2,2,Potential Loyalists
C11385,41,3,4519.35,4,3,2,Loyal Customers
C11386,40,2,3363.9,4,2,1,Potential Loyalists
C11387,169,2,6472.700000000001,1,2,2,Hibernating
C11388,15,4,16193.05,5,4,5,Champions
C11389,128,6,9147.75,2,5,3,At Risk
C11390,63,5,11400.95,3,5,4,Loyal Customers
C11391,81,4,10675.9,3,4,4,Loyal Customers
C11392,58,4,7803.5,3,4,3,Loyal Customers
C11393,3,3,8816.4,5,3,3,Loyal Customers
C11394,27,3,6392.35,4,3,2,Loyal Customers
C11395,175,3,6893.1,1,3,3,At Risk
C11396,5,5,17599.35,5,5,5,Champions
C11397,287,1,3959.6,1,1,1,Hibernating
C11398,6,2,7669.799999999999,5,2,3,Potential Loyalists
C11399,10,9,23542.15,5,5,5,Champions
C11400,159,2,1726.1499999999999,2,2,1,Hibernating
C11401,61,2,1230.1,3,2,1,Hibernating
C11402,140,4,22433.2,2,4,5,At Risk
C11403,130,2,4214.55,2,2,2,Hibernating
C11404,15,3,5989.4,5,3,2,Loyal Customers
C11405,14,7,22095.65,5,5,5,Champions
C11406,29,6,10553.25,4,5,4,Champions
C11407,145,7,15099.05,2,5,5,At Risk
C11408,13,1,827.2,5,1,1,Potential Loyalists
C11409,84,4,19968.4,3,4,5,Loyal Customers
C11410,88,2,12299.0,3,2,4,Hibernating
C11411,45,4,6034.05,4,4,2,Loyal Customers
C11412,172,3,11061.400000000001,1,3,4,At Risk
C11413,103,4,16503.8,2,4,5,At Risk
C11414,6,2,3149.4,5,2,1,Potential Loyalists
C11415,126,3,6136.8,2,3,2,At Risk
C11416,61,5,11145.4,3,5,4,Loyal Customers
C11417,130,2,14309.000000000002,2,2,5,Hibernating
C11418,2,3,5295.7,5,3,2,Loyal Customers
C11419,347,1,1015.2,1,1,1,Hibernating
C11420,109,2,18779.050000000003,2,2,5,Hibernating
C11421,150,2,6906.9,2,2,3,Hibernating
C11422,73,3,7798.95,3,3,3,Loyal Customers
C11423,50,4,17357.95,4,4,5,Champions
C11424,181,3,10116.0,1,3,4,At Risk
C11425,141,2,3069.0,2,2,1,Hibernating
C11426,153,2,6878.95,2,2,3,Hibernating
C11427,100,4,6824.7,2,4,3,At Risk
C11429,56,4,9293.95,3,4,3,Loyal Customers
C11430,48,3,6438.9,4,3,2,Loyal Customers
C11431,100,4,5726.2,2,4,2,At Risk
C11432,66,5,16016.2,3,5,5,Loyal Customers
C11433,265,2,1451.4,1,2,1,Hibernating
C11434,70,3,10638.4,3,3,4,Loyal Customers
C11435,29,3,12398.600000000002,4,3,4,Loyal Customers
C11436,22,3,9213.05,5,3,3,Loyal Customers
C11437,17,6,21740.0,5,5,5,Champions
C11438,191,1,1922.25,1,1,1,Hibernating
C11439,85,4,16267.949999999999,3,4,5,Loyal Customers
C11440,32,4,7618.799999999999,4,4,3,Loyal Customers
C11441,37,6,20412.6,4,5,5,Champions
C11442,170,3,15532.6,1,3,5,At Risk
C11443,6,5,20110.25,5,5,5,Champions
C11444,146,1,9664.5,2,1,3,Hibernating
C11445,138,1,2376.0,2,1,1,Hibernating
C11446,7,4,10035.95,5,4,4,Champions
C11447,13,5,18779.05,5,5,5,Champions
C11448,46,5,5669.8,4,5,2,Loyal Customers
C11449,155,3,9446.95,2,3,3,At Risk
C11450,31,5,17956.1,4,5,5,Champions
C11451,182,2,1376.6,1,2,1,Hibernating
C11452,44,3,11522.0,4,3,4,Loyal Customers
C11453,25,3,5416.1,4,3,2,Loyal Customers
C11454,1,6,24215.15,5,5,5,Champions
C11455,138,3,7925.299999999999,2,3,3,At Risk
C11456,14,2,3830.2,5,2,1,Potential Loyalists
C11457,64,5,18734.1,3,5,5,Loyal Customers
C11458,81,5,19759.4,3,5,5,Loyal Customers
C11459,100,3,6227.25,2,3,2,At Risk
C11460,26,5,10557.9,4,5,4,Champions
C11461,118,2,5009.1,2,2,2,Hibernating
C11462,24,4,8267.65,4,4,3,Loyal Customers
C11463,1,4,4280.9,5,4,2,Loyal Customers
C11464,174,4,7303.85,1,4,3,At Risk
C11465,347,1,2826.6,1,1,1,Hibernating
C11466,38,3,7737.35,4,3,3,Loyal Customers
C11467,11,2,2743.5,5,2,1,Potential Loyalists
C11468,31,5,10257.05,4,5,4,Champions
C11469,5,4,9206.6,5,4,3,Loyal Customers
C11470,99,4,15325.4,2,4,5,At Risk
C11471,235,2,6438.8,1,2,2,Hibernating
C11472,154,3,10274.0,2,3,4,At Risk
C11473,2,5,19303.75,5,5,5,Champions
C11474,269,2,17076.3,1,2,5,Hibernating
C11475,60,3,6930.7,3,3,3,Loyal Customers
C11476,3,6,15963.35,5,5,5,Champions
C11477,13,3,9584.15,5,3,3,Loyal Customers
C11478,200,2,7678.799999999999,1,2,3,Hibernating
C11479,351,2,9923.4,1,2,4,Hibernating
C11480,22,2,4200.15,5,2,2,Potential Loyalists
C11481,17,2,4425.9,5,2,2,Potential Loyalists
C11482,159,4,8937.85,2,4,3,At Risk
C11483,117,6,16337.2,2,5,5,At Risk
C11484,295,1,1626.8,1,1,1,Hibernating
C11485,116,2,5034.0,2,2,2,Hibernating
C11486,14,3,4964.9,5,3,2,Loyal Customers
C11487,143,3,8923.7,2,3,3,At Risk
C11488,86,1,3740.8,3,1,1,Hibernating
C11489,9,6,15324.0,5,5,5,Champions
C11490,245,2,7427.3,1,2,3,Hibernating
C11491,47,2,6931.55,4,2,3,Potential Loyalists
C11492,40,4,6739.55,4,4,2,Loyal Customers
C11493,70,3,5182.6,3,3,2,Loyal Customers
C11495,29,6,12804.1,4,5,4,Champions
C11496,174,2,9870.3,1,2,4,Hibernating
C11497,235,1,2669.5,1,1,1,Hibernating
C11498,352,1,1383.0,1,1,1,Hibernating
C11499,32,5,10165.65,4,5,4,Champions
C11500,348,1,1157.6,1,1,1,Hibernating
C11501,23,5,9749.9,5,5,3,Loyal Customers
C11502,163,1,4834.799999999999,1,1,2,Hibernating
C11503,128,5,15214.25,2,5,5,At Risk
C11504,121,2,6981.200000000001,2,2,3,Hibernating
C11505,88,3,5252.65,3,3,2,Loyal Customers
C11506,250,1,9731.400000000001,1,1,3,Hibernating
C11507,27,3,7212.5,4,3,3,Loyal Customers
C11508,170,1,1708.0,1,1,1,Hibernating
C11509,104,6,14266.699999999999,2,5,4,At Risk
C11510,81,2,2971.9,3,2,1,Hibernating
C11511,27,4,7010.45,4,4,3,Loyal Customers
C11512,241,3,6612.3,1,3,2,At Risk
C11513,15,2,4266.05,5,2,2,Potential Loyalists
C11514,176,1,1579.2,1,1,1,Hibernating
C11515,125,4,11604.6,2,4,4,At Risk
C11516,114,2,7452.1,2,2,3,Hibernating
C11517,11,6,5455.3,5,5,2,Loyal Customers
C11518,23,6,21110.95,5,5,5,Champions
C11519,103,6,8589.35,2,5,3,At Risk
C11520,92,2,4078.3,3,2,2,Hibernating
C11521,43,1,564.0,4,1,1,Potential Loyalists
C11522,67,3,7463.0,3,3,3,Loyal Customers
C11523,25,1,5068.5,4,1,2,Potential Loyalists
C11524,124,3,9264.8,2,3,3,At Risk
C11525,11,3,3336.0,5,3,1,Loyal Customers
C11526,332,1,3827.2,1,1,1,Hibernating
C11528,154,4,13986.349999999999,2,4,4,At Risk
C11529,86,6,11668.25,3,5,4,Loyal Customers
C11530,157,3,14806.8,2,3,5,At Risk
C11531,121,4,11857.75,2,4,4,At Risk
C11532,22,6,10348.15,5,5,4,Champions
C11533,38,5,11111.599999999999,4,5,4,Champions
C11534,131,3,6900.4,2,3,3,At Risk
C11535,28,7,20522.25,4,5,5,Champions
C11536,246,3,5761.7,1,3,2,At Risk
C11537,31,5,13015.400000000001,4,5,4,Champions
C11538,31,3,7929.65,4,3,3,Loyal Customers
C11539,26,5,9877.65,4,5,4,Champions
C11540,101,2,2693.25,2,2,1,Hibernating
C11541,133,4,10231.2,2,4,4,At Risk
C11542,1,3,9892.45,5,3,4,Loyal Customers
C11543,259,2,1987.2,1,2,1,Hibernating
C11545,110,1,2421.3,2,1,1,Hibernating
C11546,72,4,17562.15,3,4,5,Loyal Customers
C11547,9,8,32792.2,5,5,5,Champions
C11548,191,2,7826.9,1,2,3,Hibernating
C11549,9,2,3339.7,5,2,1,Potential Loyalists
C11550,172,2,7180.05,1,2,3,Hibernating
C11551,11,6,26811.85,5,5,5,Champions
C11552,94,2,1736.4,3,2,1,Hibernating
C11553,84,3,7588.450000000001,3,3,3,Loyal Customers
C11554,240,2,1755.25,1,2,1,Hibernating
C11555,118,3,2724.05,2,3,1,At Risk
C11556,181,1,8740.0,1,1,3,Hibernating
C11557,83,2,11656.0,3,2,4,Hibernating
C11558,34,6,23116.35,4,5,5,Champions
C11559,22,7,12378.6,5,5,4,Champions
C11560,39,3,11318.45,4,3,4,Loyal Customers
C11561,151,2,2250.1000000000004,2,2,1,Hibernating
C11562,5,2,5924.75,5,2,2,Potential Loyalists
C11563,83,5,13221.1,3,5,4,Loyal Customers
C11564,10,1,2039.8,5,1,1,Potential Loyalists
C11565,10,8,32857.9,5,5,5,Champions
C11566,37,5,10285.4,4,5,4,Champions
C11567,94,1,2511.6,3,1,1,Hibernating
C11568,202,1,3340.7999999999997,1,1,1,Hibernating
C11569,84,3,15157.6,3,3,5,Loyal Customers
C11570,44,3,6689.55,4,3,2,Loyal Customers
C11571,37,3,7242.9,4,3,3,Loyal Customers
C11572,66,3,6735.9,3,3,2,Loyal Customers
C11573,91,5,15711.0,3,5,5,Loyal Customers
C11574,67,3,10127.95,3,3,4,Loyal Customers
C11575,48,2,3253.0,4,2,1,Potential Loyalists
C11576,304,1,1868.75,1,1,1,Hibernating
C11577,295,1,643.8,1,1,1,Hibernating
C11578,124,4,9850.55,2,4,4,At Risk
C11579,6,6,22807.0,5,5,5,Champions
C11581,118,4,9199.05,2,4,3,At Risk
C11582,20,6,23638.8,5,5,5,Champions
C11583,160,3,3838.7,2,3,1,At Risk
C11584,228,3,12100.000000000002,1,3,4,At Risk
C11585,148,3,17905.350000000002,2,3,5,At Risk
C11586,84,5,14443.45,3,5,5,Loyal Customers
C11587,222,1,2079.0,1,1,1,Hibernating
C11588,4,4,5236.95,5,4,2,Loyal Customers
C11589,68,3,6997.650000000001,3,3,3,Loyal Customers
C11590,215,3,2100.3,1,3,1,At Risk
C11591,298,3,1588.6,1,3,1,At Risk
C11592,114,3,5794.7,2,3,2,At Risk
C11593,95,6,8806.3,2,5,3,At Risk
C11594,14,6,24352.1,5,5,5,Champions
C11595,8,9,28326.2,5,5,5,Champions
C11596,176,1,3336.8,1,1,1,Hibernating
C11597,19,5,13082.800000000001,5,5,4,Champions
C11598,46,3,5543.05,4,3,2,Loyal Customers
C11599,194,2,6699.15,1,2,2,Hibernating
C11600,156,5,15901.8,2,5,5,At Risk
C11601,7,7,31819.15,5,5,5,Champions
C11602,32,3,11969.4,4,3,4,Loyal Customers
C11603,14,4,8015.6,5,4,3,Loyal Customers
C11604,38,2,9281.8,4,2,3,Potential Loyalists
C11605,25,6,19120.2,4,5,5,Champions
C11606,7,7,18404.0,5,5,5,Champions
C11607,34,5,11727.95,4,5,4,Champions
C11608,260,3,3431.6,1,3,1,At Risk
C11609,89,3,9803.55,3,3,3,Loyal Customers
C11610,51,7,24617.5,4,5,5,Champions
C11611,21,5,15504.15,5,5,5,Champions
C11612,37,2,5625.3,4,2,2,Potential Loyalists
C11613,166,1,1796.2,1,1,1,Hibernating
C11614,98,7,19092.1,2,5,5,At Risk
C11615,1,4,6572.15,5,4,2,Loyal Customers
C11616,196,2,7199.8,1,2,3,Hibernating
C11617,27,7,20760.8,4,5,5,Champions
C11618,177,1,6442.799999999999,1,1,2,Hibernating
C11619,89,3,16878.2,3,3,5,Loyal Customers
C11620,73,3,5905.55,3,3,2,Loyal Customers
C11621,80,6,10905.55,3,5,4,Loyal Customers
C11622,114,1,2386.15,2,1,1,Hibernating
C11623,218,3,13619.7,1,3,4,At Risk
C11624,28,4,3760.25,4,4,1,Loyal Customers
C11625,117,2,5266.2,2,2,2,Hibernating
C11626,299,2,4753.5,1,2,2,Hibernating
C11627,126,2,2628.75,2,2,1,Hibernating
C11628,275,2,1956.0,1,2,1,Hibernating
C11629,101,2,7849.2,2,2,3,Hibernating
C11630,35,3,8872.25,4,3,3,Loyal Customers
C11632,23,6,16244.25,5,5,5,Champions
C11633,76,1,1322.5,3,1,1,Hibernating
C11634,322,1,3597.0,1,1,1,Hibernating
C11635,23,9,27255.1,5,5,5,Champions
C11636,148,4,13859.5,2,4,4,At Risk
C11637,62,4,10355.2,3,4,4,Loyal Customers
C11638,229,2,5343.9,1,2,2,Hibernating
C11639,103,3,8762.4,2,3,3,At Risk
C11640,31,3,11207.15,4,3,4,Loyal Customers
C11641,35,3,5668.5,4,3,2,Loyal Customers
C11642,72,4,8281.05,3,4,3,Loyal Customers
C11643,35,2,1689.9,4,2,1,Potential Loyalists
C11644,38,3,5298.4,4,3,2,Loyal Customers
C11645,21,2,940.35,5,2,1,Potential Loyalists
C11646,29,5,13201.2,4,5,4,Champions
C11647,87,4,5232.4,3,4,2,Loyal Customers
C11648,61,3,4992.3,3,3,2,Loyal Customers
C11649,363,1,1676.8,1,1,1,Hibernating
C11650,8,9,16084.4,5,5,5,Champions
C11651,21,4,30457.25,5,4,5,Champions
C11652,32,2,2715.9,4,2,1,Potential Loyalists
C11653,194,1,627.0,1,1,1,Hibernating
C11654,121,6,23028.0,2,5,5,At Risk
C11655,214,1,6856.5,1,1,3,Hibernating
C11656,115,6,9725.9,2,5,3,At Risk
C11657,22,3,9987.2,5,3,4,Loyal Customers
C11658,1,5,9366.95,5,5,3,Loyal Customers
C11659,58,7,17422.9,3,5,5,Loyal Customers
C11660,85,2,2624.35,3,2,1,Hibernating
C11661,221,5,12107.25,1,5,4,At Risk
C11662,62,5,19274.1,3,5,5,Loyal Customers
C11663,85,3,11624.1,3,3,4,Loyal Customers
C11664,64,3,5383.7,3,3,2,Loyal Customers
C11665,34,7,35466.6,4,5,5,Champions
C11666,55,5,12869.2,3,5,4,Loyal Customers
C11667,362,1,1921.85,1,1,1,Hibernating
C11669,61,5,16783.55,3,5,5,Loyal Customers
C11670,61,4,4760.9,3,4,2,Loyal Customers
C11671,87,3,8894.8,3,3,3,Loyal Customers
C11672,194,3,5321.65,1,3,2,At Risk
C11673,265,3,5930.8,1,3,2,At Risk
C11674,69,3,5199.4,3,3,2,Loyal Customers
C11675,4,4,14135.85,5,4,4,Champions
C11676,15,4,9707.5,5,4,3,Loyal Customers
C11677,48,6,12616.15,4,5,4,Champions
C11678,305,1,2958.3,1,1,1,Hibernating
C11679,45,6,15114.1,4,5,5,Champions
C11680,27,4,11219.6,4,4,4,Champions
C11681,85,3,3601.1,3,3,1,Loyal Customers
C11682,1,5,28006.55,5,5,5,Champions
C11683,81,1,886.35,3,1,1,Hibernating
C11684,73,3,13599.4,3,3,4,Loyal Customers
C11685,176,4,5808.95,1,4,2,At Risk
C11686,87,4,11253.550000000001,3,4,4,Loyal Customers
C11687,12,5,12327.95,5,5,4,Champions
C11688,14,2,4658.3,5,2,2,Potential Loyalists
C11689,261,3,4515.7,1,3,2,At Risk
C11690,109,3,7173.9,2,3,3,At Risk
C11691,49,5,15108.5,4,5,5,Champions
C11692,25,3,5626.4,4,3,2,Loyal Customers
C11693,153,4,15921.550000000001,2,4,5,At Risk
C11694,141,5,15732.249999999998,2,5,5,At Risk
C11695,85,9,22024.65,3,5,5,Loyal Customers
C11697,105,2,2335.5,2,2,1,Hibernating
C11698,2,4,8967.300000000001,5,4,3,Loyal Customers
C11699,118,6,25499.449999999997,2,5,5,At Risk
C11700,2,3,9650.7,5,3,3,Loyal Customers
C11701,36,3,6100.35,4,3,2,Loyal Customers
C11702,79,5,30072.75,3,5,5,Loyal Customers
C11703,8,5,14340.25,5,5,5,Champions
C11704,30,3,13439.999999999998,4,3,4,Loyal Customers
C11705,110,4,7080.3,2,4,3,At Risk
C11706,33,5,12026.75,4,5,4,Champions
C11707,92,2,952.4,3,2,1,Hibernating
C11708,87,3,7985.0,3,3,3,Loyal Customers
C11709,17,4,10710.5,5,4,4,Champions
C11710,8,3,8741.65,5,3,3,Loyal Customers
C11711,8,4,7659.7,5,4,3,Loyal Customers
C11712,58,2,4242.0,3,2,2,Hibernating
C11713,86,4,6190.45,3,4,2,Loyal Customers
C11714,76,5,12618.75,3,5,4,Loyal Customers
C11715,230,1,3145.5,1,1,1,Hibernating
C11716,1,5,12347.15,5,5,4,Champions
C11717,102,6,12636.75,2,5,4,At Risk
C11718,30,2,9929.9,4,2,4,Potential Loyalists
C11719,63,3,7760.299999999999,3,3,3,Loyal Customers
C11720,136,4,5589.45,2,4,2,At Risk
C11721,88,3,7596.3,3,3,3,Loyal Customers
C11722,21,6,15437.650000000001,5,5,5,Champions
C11723,84,4,13205.1,3,4,4,Loyal Customers
C11724,186,3,8714.2,1,3,3,At Risk
C11725,329,1,2960.4,1,1,1,Hibernating
C11726,31,5,15111.400000000001,4,5,5,Champions
C11727,140,4,11552.7,2,4,4,At Risk
C11728,249,1,2685.0,1,1,1,Hibernating
C11729,42,7,19751.25,4,5,5,Champions
C11730,201,4,8387.3,1,4,3,At Risk
C11731,47,9,22816.55,4,5,5,Champions
C11732,20,2,4753.4,5,2,2,Potential Loyalists
C11733,10,3,7078.5,5,3,3,Loyal Customers
C11734,76,6,18650.0,3,5,5,Loyal Customers
C11735,116,1,646.8,2,1,1,Hibernating
C11736,156,1,1671.05,2,1,1,Hibernating
C11737,4,4,5795.4,5,4,2,Loyal Customers
C11738,179,3,9190.5,1,3,3,At Risk
C11739,59,2,869.8,3,2,1,Hibernating
C11740,32,5,11420.8,4,5,4,Champions
C11741,188,4,17361.3,1,4,5,At Risk
C11742,85,3,8949.35,3,3,3,Loyal Customers
C11743,125,6,16909.0,2,5,5,At Risk
C11744,57,6,20961.0,3,5,5,Loyal Customers
C11745,23,7,28951.600000000002,5,5,5,Champions
C11746,13,3,6715.35,5,3,2,Loyal Customers
C11747,45,5,8635.25,4,5,3,Loyal Customers
C11748,59,6,17061.95,3,5,5,Loyal Customers
C11749,210,2,5823.9,1,2,2,Hibernating
C11750,37,2,5640.9,4,2,2,Potential Loyalists
C11751,119,3,8052.849999999999,2,3,3,At Risk
C11752,108,4,5224.299999999999,2,4,2,At Risk
C11753,81,4,13478.25,3,4,4,Loyal Customers
C11754,301,1,2322.75,1,1,1,Hibernating
C11755,49,3,18899.3,4,3,5,Loyal Customers
C11757,39,2,6570.5,4,2,2,Potential Loyalists
C11758,298,1,798.15,1,1,1,Hibernating
C11759,52,4,6263.15,4,4,2,Loyal Customers
C11760,83,6,19054.7,3,5,5,Loyal Customers
C11761,22,6,17940.5,5,5,5,Champions
C11762,285,1,1082.9,1,1,1,Hibernating
C11763,105,5,13975.95,2,5,4,At Risk
C11764,190,6,26440.5,1,5,5,At Risk
C11765,209,1,3066.05,1,1,1,Hibernating
C11766,280,3,5039.2,1,3,2,At Risk
C11767,238,3,6656.2,1,3,2,At Risk
C11768,345,1,644.0,1,1,1,Hibernating
C11769,255,2,4862.4,1,2,2,Hibernating
C11770,187,1,3052.0,1,1,1,Hibernating
C11771,8,4,8646.9,5,4,3,Loyal Customers
C11772,8,6,29083.0,5,5,5,Champions
C11773,51,2,5693.4,4,2,2,Potential Loyalists
C11774,35,1,877.5,4,1,1,Potential Loyalists
C11775,40,4,7921.05,4,4,3,Loyal Customers
C11776,53,2,1800.3000000000002,4,2,1,Potential Loyalists
C11777,21,3,6492.0,5,3,2,Loyal Customers
C11778,61,4,10941.3,3,4,4,Loyal Customers
C11779,15,4,7777.349999999999,5,4,3,Loyal Customers
C11780,49,2,3949.85,4,2,1,Potential Loyalists
C11781,184,3,6957.3,1,3,3,At Risk
C11782,63,2,3802.4,3,2,1,Hibernating
C11783,1,7,16735.5,5,5,5,Champions
C11784,35,3,8916.0,4,3,3,Loyal Customers
C11785,169,2,9506.2,1,2,3,Hibernating
C11786,7,3,6298.0,5,3,2,Loyal Customers
C11787,52,1,3321.6,4,1,1,Potential Loyalists
C11788,316,1,2336.25,1,1,1,Hibernating
C11789,93,6,11395.55,3,5,4,Loyal Customers
C11790,23,4,4927.9,5,4,2,Loyal Customers
C11791,79,4,7775.4,3,4,3,Loyal Customers
C11792,20,3,10437.05,5,3,4,Loyal Customers
C11793,97,3,10549.6,2,3,4,At Risk
C11794,25,5,9136.65,4,5,3,Loyal Customers
C11795,128,2,1187.5,2,2,1,Hibernating
C11796,14,6,14233.6,5,5,4,Champions
C11797,46,2,11394.0,4,2,4,Potential Loyalists
C11798,39,3,5956.55,4,3,2,Loyal Customers
C11799,22,5,7482.55,5,5,3,Loyal Customers
C11800,49,5,15473.05,4,5,5,Champions
C11801,112,5,20946.0,2,5,5,At Risk
C11802,103,4,12279.050000000001,2,4,4,At Risk
C11803,27,6,13147.9,4,5,4,Champions
C11804,10,5,13058.9,5,5,4,Champions
C11805,11,4,10329.2,5,4,4,Champions
C11806,27,4,16022.0,4,4,5,Champions
C11807,58,5,11105.15,3,5,4,Loyal Customers
C11808,14,1,731.5,5,1,1,Potential Loyalists
C11809,129,5,8460.5,2,5,3,At Risk
C11810,83,3,11053.699999999999,3,3,4,Loyal Customers
C11811,139,4,12006.2,2,4,4,At Risk
C11812,91,4,10988.7,3,4,4,Loyal Customers
C11813,35,3,7693.55,4,3,3,Loyal Customers
C11814,79,8,18635.45,3,5,5,Loyal Customers
C11815,125,4,15515.8,2,4,5,At Risk
C11816,140,4,9682.2,2,4,3,At Risk
C11817,9,8,22497.600000000002,5,5,5,Champions
C11818,101,7,18360.8,2,5,5,At Risk
C11819,55,2,6774.0,3,2,2,Hibernating
C11820,32,6,15120.1,4,5,5,Champions
C11821,116,4,6479.35,2,4,2,At Risk
C11822,136,4,7711.1,2,4,3,At Risk
C11823,132,1,7252.0,2,1,3,Hibernating
C11824,12,2,5076.1,5,2,2,Potential Loyalists
C11825,100,1,2355.6,2,1,1,Hibernating
C11826,125,1,1202.4,2,1,1,Hibernating
C11827,85,4,10191.0,3,4,4,Loyal Customers
C11828,88,4,6720.3,3,4,2,Loyal Customers
C11829,95,1,417.0,2,1,1,Hibernating
C11830,57,2,6847.799999999999,3,2,3,Hibernating
C11831,327,1,3675.6,1,1,1,Hibernating
C11832,9,5,13719.35,5,5,4,Champions
C11833,59,5,13838.2,3,5,4,Loyal Customers
C11834,79,4,8252.0,3,4,3,Loyal Customers
C11835,34,1,3970.05,4,1,1,Potential Loyalists
C11836,8,5,13938.3,5,5,4,Champions
C11837,248,2,3890.6,1,2,1,Hibernating
C11838,62,3,7724.55,3,3,3,Loyal Customers
C11839,273,1,991.5,1,1,1,Hibernating
C11840,287,1,2297.0,1,1,1,Hibernating
C11841,42,3,7091.200000000001,4,3,3,Loyal Customers
C11842,5,1,978.0,5,1,1,Potential Loyalists
C11843,94,3,14476.65,3,3,5,Loyal Customers
C11844,14,3,15374.0,5,3,5,Loyal Customers
C11845,23,3,9939.300000000001,5,3,4,Loyal Customers
C11846,350,1,3122.7,1,1,1,Hibernating
C11847,137,2,1700.55,2,2,1,Hibernating
C11848,15,3,13622.4,5,3,4,Loyal Customers
C11849,271,2,1782.4,1,2,1,Hibernating
C11850,129,5,10219.900000000001,2,5,4,At Risk
C11851,60,8,26990.300000000003,3,5,5,Loyal Customers
C11852,12,3,5928.65,5,3,2,Loyal Customers
C11853,161,3,7671.75,1,3,3,At Risk
C11854,90,3,3428.1,3,3,1,Loyal Customers
C11855,24,4,4502.7,4,4,2,Loyal Customers
C11856,107,3,7741.1,2,3,3,At Risk
C11857,39,11,35654.85,4,5,5,Champions
C11858,335,1,6438.0,1,1,2,Hibernating
C11859,55,4,19380.9,3,4,5,Loyal Customers
C11860,67,5,13320.5,3,5,4,Loyal Customers
C11861,82,2,4009.8,3,2,2,Hibernating
C11862,54,4,10035.15,3,4,4,Loyal Customers
C11863,149,6,22667.25,2,5,5,At Risk
C11864,158,5,17792.8,2,5,5,At Risk
C11865,83,2,3829.35,3,2,1,Hibernating
C11866,290,1,7923.299999999999,1,1,3,Hibernating
C11867,355,1,4053.6000000000004,1,1,2,Hibernating
C11869,93,3,8784.2,3,3,3,Loyal Customers
C11870,4,5,14388.900000000001,5,5,5,Champions
C11871,189,3,14404.5,1,3,5,At Risk
C11872,10,3,13185.199999999999,5,3,4,Loyal Customers
C11874,81,6,17526.05,3,5,5,Loyal Customers
C11875,32,4,7489.25,4,4,3,Loyal Customers
C11876,110,3,19364.4,2,3,5,At Risk
C11877,276,1,2653.6,1,1,1,Hibernating
C11878,28,8,29544.0,4,5,5,Champions
C11879,103,3,10122.1,2,3,4,At Risk
C11880,68,3,3701.65,3,3,1,Loyal Customers
C11881,71,2,8588.4,3,2,3,Hibernating
C11882,126,2,4575.45,2,2,2,Hibernating
C11883,300,1,873.6,1,1,1,Hibernating
C11884,5,3,5574.85,5,3,2,Loyal Customers
C11885,110,4,9502.7,2,4,3,At Risk
C11886,23,4,16958.3,5,4,5,Champions
C11887,84,4,15759.150000000001,3,4,5,Loyal Customers
C11888,39,6,12077.65,4,5,4,Champions
C11889,10,3,7975.200000000001,5,3,3,Loyal Customers
C11890,115,6,12732.0,2,5,4,At Risk
C11891,108,1,2279.9,2,1,1,Hibernating
C11892,1,3,6463.5,5,3,2,Loyal Customers
C11893,43,3,6947.7,4,3,3,Loyal Customers
C11894,31,2,3491.4,4,2,1,Potential Loyalists
C11896,10,4,10305.0,5,4,4,Champions
C11897,26,5,8583.65,4,5,3,Loyal Customers
C11898,74,5,10458.55,3,5,4,Loyal Customers
C11899,21,4,18478.95,5,4,5,Champions
C11900,40,3,5953.2,4,3,2,Loyal Customers
C11901,6,6,16849.65,5,5,5,Champions
C11902,84,5,13404.95,3,5,4,Loyal Customers
C11903,27,3,8837.6,4,3,3,Loyal Customers
C11904,113,6,10987.9,2,5,4,At Risk
C11905,126,4,7113.700000000001,2,4,3,At Risk
C11906,2,5,9384.5,5,5,3,Loyal Customers
C11907,53,2,2786.95,4,2,1,Potential Loyalists
C11908,83,3,4869.75,3,3,2,Loyal Customers
C11909,150,5,8985.75,2,5,3,At Risk
C11910,78,4,8373.7,3,4,3,Loyal Customers
C11911,157,2,1623.1,2,2,1,Hibernating
C11912,15,2,7392.7,5,2,3,Potential Loyalists
C11913,231,2,7183.2,1,2,3,Hibernating
C11914,191,3,4707.2,1,3,2,At Risk
C11915,182,5,9394.6,1,5,3,At Risk
C11916,131,4,10917.9,2,4,4,At Risk
C11917,10,6,11659.6,5,5,4,Champions
C11918,155,1,280.4,2,1,1,Hibernating
C11919,21,2,5457.2,5,2,2,Potential Loyalists
C11920,91,1,8601.75,3,1,3,Hibernating
C11921,9,2,4132.8,5,2,2,Potential Loyalists
C11922,50,3,6564.799999999999,4,3,2,Loyal Customers
C11923,234,4,12282.9,1,4,4,At Risk
C11924,8,5,17934.75,5,5,5,Champions
C11925,359,1,369.75,1,1,1,Hibernating
C11926,25,4,10732.1,4,4,4,Champions
C11927,84,6,17877.55,3,5,5,Loyal Customers
C11928,56,2,8757.6,3,2,3,Hibernating
C11929,46,4,6376.2,4,4,2,Loyal Customers
C11930,16,3,8418.0,5,3,3,Loyal Customers
C11931,47,2,5244.1,4,2,2,Potential Loyalists
C11932,60,4,9014.400000000001,3,4,3,Loyal Customers
C11933,140,3,2644.5,2,3,1,At Risk
C11934,285,1,1331.95,1,1,1,Hibernating
C11935,15,3,12667.150000000001,5,3,4,Loyal Customers
C11936,5,4,15102.199999999999,5,4,5,Champions
C11937,14,9,23198.550000000003,5,5,5,Champions
C11938,15,6,8057.0,5,5,3,Loyal Customers
C11939,20,6,18417.7,5,5,5,Champions
C11940,112,3,7591.65,2,3,3,At Risk
C11941,34,4,4920.7,4,4,2,Loyal Customers
C11942,166,7,23539.2,1,5,5,At Risk
C11943,1,5,10283.05,5,5,4,Champions
C11944,288,1,1467.0,1,1,1,Hibernating
C11945,4,8,23128.9,5,5,5,Champions
C11946,6,3,5135.3,5,3,2,Loyal Customers
C11947,228,3,3478.35,1,3,1,At Risk
C11948,207,2,4880.6,1,2,2,Hibernating
C11949,7,5,12992.15,5,5,4,Champions
C11950,29,2,9640.400000000001,4,2,3,Potential Loyalists
C11951,92,2,4582.65,3,2,2,Hibernating
C11952,11,4,9952.6,5,4,4,Champions
C11953,117,2,5120.55,2,2,2,Hibernating
C11954,272,2,1299.1,1,2,1,Hibernating
C11955,55,4,10035.3,3,4,4,Loyal Customers
C11956,211,2,1381.4,1,2,1,Hibernating
C11957,9,4,12854.65,5,4,4,Champions
C11958,109,3,5907.6,2,3,2,At Risk
C11959,30,5,7435.05,4,5,3,Loyal Customers
C11960,93,4,6020.45,3,4,2,Loyal Customers
C11961,52,2,3931.35,4,2,1,Potential Loyalists
C11962,63,8,21328.25,3,5,5,Loyal Customers
C11963,68,3,8037.3,3,3,3,Loyal Customers
C11964,102,2,6291.45,2,2,2,Hibernating
C11965,18,3,7871.2,5,3,3,Loyal Customers
C11966,128,1,750.75,2,1,1,Hibernating
C11968,52,5,11963.199999999999,4,5,4,Champions
C11969,196,6,8888.75,1,5,3,At Risk
C11970,55,3,4742.1,3,3,2,Loyal Customers
C11971,37,6,15922.65,4,5,5,Champions
C11972,98,5,9950.25,2,5,4,At Risk
C11973,71,7,18570.45,3,5,5,Loyal Customers
C11974,23,2,8765.400000000001,5,2,3,Potential Loyalists
C11975,100,5,20260.75,2,5,5,At Risk
C11976,94,3,12920.7,3,3,4,Loyal Customers
C11977,194,2,8884.1,1,2,3,Hibernating
C11978,100,5,15644.65,2,5,5,At Risk
C11979,189,1,2310.0,1,1,1,Hibernating
C11980,235,3,3401.65,1,3,1,At Risk
C11981,79,1,1914.75,3,1,1,Hibernating
C11982,315,1,849.3,1,1,1,Hibernating
C11983,84,5,9675.9,3,5,3,Loyal Customers
C11984,72,4,5408.45,3,4,2,Loyal Customers
C11985,247,2,10291.4,1,2,4,Hibernating
C11986,18,5,10651.0,5,5,4,Champions
C11987,153,3,6840.75,2,3,3,At Risk
C11988,20,4,7727.5,5,4,3,Loyal Customers
C11989,165,6,9613.7,1,5,3,At Risk
C11990,42,4,12779.8,4,4,4,Champions
C11991,162,5,9158.75,1,5,3,At Risk
C11992,63,5,7677.200000000001,3,5,3,Loyal Customers
C11993,118,4,3942.2999999999997,2,4,1,At Risk
C11994,344,1,1650.7,1,1,1,Hibernating
C11995,51,4,27160.8,4,4,5,Champions
C11996,8,2,5598.599999999999,5,2,2,Potential Loyalists
C11997,66,4,13680.9,3,4,4,Loyal Customers
C11998,77,5,15513.099999999999,3,5,5,Loyal Customers
C11999,154,2,6452.5,2,2,2,Hibernating
C12000,77,3,4602.95,3,3,2,Loyal Customers
C12001,175,3,6680.25,1,3,2,At Risk
C12002,46,6,9050.75,4,5,3,Loyal Customers
C12003,69,6,10398.600000000002,3,5,4,Loyal Customers
C12004,93,3,10927.15,3,3,4,Loyal Customers
C12005,119,1,538.05,2,1,1,Hibernating
C12006,5,7,20669.95,5,5,5,Champions
C12007,9,4,8037.4,5,4,3,Loyal Customers
C12008,177,2,12162.5,1,2,4,Hibernating
C12009,30,2,3810.9,4,2,1,Potential Loyalists
C12010,242,1,1905.75,1,1,1,Hibernating
C12011,33,8,22900.0,4,5,5,Champions
C12012,60,3,5824.05,3,3,2,Loyal Customers
C12013,73,4,8088.25,3,4,3,Loyal Customers
C12014,70,4,11092.8,3,4,4,Loyal Customers
C12015,17,4,6067.45,5,4,2,Loyal Customers
C12016,39,2,3704.25,4,2,1,Potential Loyalists
C12017,69,5,9264.25,3,5,3,Loyal Customers
C12019,115,3,4427.9,2,3,2,At Risk
C12020,92,4,11292.4,3,4,4,Loyal Customers
C12021,26,5,14220.95,4,5,4,Champions
C12022,9,5,12306.8,5,5,4,Champions
C12023,112,4,12085.8,2,4,4,At Risk
C12024,164,2,3733.6,1,2,1,Hibernating
C12025,45,5,12980.3,4,5,4,Champions
C12026,54,4,10934.75,3,4,4,Loyal Customers
C12027,190,3,12869.8,1,3,4,At Risk
C12028,50,4,8938.6,4,4,3,Loyal Customers
C12029,154,4,9149.95,2,4,3,At Risk
C12030,76,3,12999.65,3,3,4,Loyal Customers
C12031,2,5,13138.45,5,5,4,Champions
C12032,118,1,814.5,2,1,1,Hibernating
C12033,5,2,11337.2,5,2,4,Potential Loyalists
C12034,262,3,7943.05,1,3,3,At Risk
C12035,85,5,22024.65,3,5,5,Loyal Customers
C12036,121,2,4887.45,2,2,2,Hibernating
C12037,76,2,6039.3,3,2,2,Hibernating
C12038,40,4,11142.0,4,4,4,Champions
C12039,12,5,9438.85,5,5,3,Loyal Customers
C12040,7,5,10194.9,5,5,4,Champions
C12041,127,1,1950.3,2,1,1,Hibernating
C12042,35,3,5503.9,4,3,2,Loyal Customers
C12043,81,6,18748.85,3,5,5,Loyal Customers
C12044,220,2,5845.95,1,2,2,Hibernating
C12045,90,3,4446.55,3,3,2,Loyal Customers
C12047,31,2,8064.2,4,2,3,Potential Loyalists
C12048,36,5,20905.5,4,5,5,Champions
C12049,52,8,24044.65,4,5,5,Champions
C12050,29,3,4305.2,4,3,2,Loyal Customers
C12051,263,2,4249.2,1,2,2,Hibernating
C12052,188,1,7608.0,1,1,3,Hibernating
C12053,110,4,7823.299999999999,2,4,3,At Risk
C12054,148,2,3646.2,2,2,1,Hibernating
C12055,161,2,1849.05,1,2,1,Hibernating
C12056,135,4,11910.1,2,4,4,At Risk
C12057,36,4,5910.55,4,4,2,Loyal Customers
C12058,288,2,5206.2,1,2,2,Hibernating
C12059,80,4,15544.3,3,4,5,Loyal Customers
C12060,148,2,4540.2,2,2,2,Hibernating
C12061,131,1,2550.0,2,1,1,Hibernating
C12062,122,2,4063.7,2,2,2,Hibernating
C12063,124,6,13923.9,2,5,4,At Risk
C12064,19,4,7193.799999999999,5,4,3,Loyal Customers
C12065,18,4,19515.0,5,4,5,Champions
C12066,35,6,19320.75,4,5,5,Champions
C12067,197,1,468.0,1,1,1,Hibernating
C12068,66,2,9703.6,3,2,3,Hibernating
C12069,44,2,4390.4,4,2,2,Potential Loyalists
C12070,93,2,6084.1,3,2,2,Hibernating
C12071,48,7,17164.65,4,5,5,Champions
C12072,68,4,8635.7,3,4,3,Loyal Customers
C12073,199,3,10135.9,1,3,4,At Risk
C12074,48,3,8956.800000000001,4,3,3,Loyal Customers
C12075,103,6,8874.199999999999,2,5,3,At Risk
C12076,76,3,8606.4,3,3,3,Loyal Customers
C12077,120,3,6615.6,2,3,2,At Risk
C12078,103,4,17327.350000000002,2,4,5,At Risk
C12079,22,2,3819.4,5,2,1,Potential Loyalists
C12080,185,5,13145.550000000001,1,5,4,At Risk
C12081,314,2,5087.6,1,2,2,Hibernating
C12082,141,2,2033.2,2,2,1,Hibernating
C12083,137,3,2521.4,2,3,1,At Risk
C12084,81,3,15275.0,3,3,5,Loyal Customers
C12085,54,3,3893.9,3,3,1,Loyal Customers
C12086,4,2,8472.7,5,2,3,Potential Loyalists
C12087,52,2,2888.7000000000003,4,2,1,Potential Loyalists
C12088,87,3,7251.0,3,3,3,Loyal Customers
C12089,205,2,4703.200000000001,1,2,2,Hibernating
C12090,21,2,5005.2,5,2,2,Potential Loyalists
C12091,45,4,12834.0,4,4,4,Champions
C12092,88,2,3473.0,3,2,1,Hibernating
C12093,153,3,9181.8,2,3,3,At Risk
C12094,61,5,10317.75,3,5,4,Loyal Customers
C12095,195,1,1508.5,1,1,1,Hibernating
C12096,197,2,5174.1,1,2,2,Hibernating
C12097,168,1,503.5,1,1,1,Hibernating
C12098,137,2,4505.0,2,2,2,Hibernating
C12099,206,1,1690.5,1,1,1,Hibernating
C12100,9,7,18212.35,5,5,5,Champions
C12101,37,4,5966.75,4,4,2,Loyal Customers
C12102,72,4,7158.7,3,4,3,Loyal Customers
C12103,264,3,10215.7,1,3,4,At Risk
C12104,67,3,7567.4,3,3,3,Loyal Customers
C12105,30,1,411.6,4,1,1,Potential Loyalists
C12106,207,4,8575.45,1,4,3,At Risk
C12107,158,3,8701.6,2,3,3,At Risk
C12108,20,4,11781.7,5,4,4,Champions
C12109,125,3,17287.8,2,3,5,At Risk
C12110,55,3,5577.25,3,3,2,Loyal Customers
C12111,23,4,19538.85,5,4,5,Champions
C12112,78,4,9302.9,3,4,3,Loyal Customers
C12113,144,1,2853.9,2,1,1,Hibernating
C12114,114,3,8172.35,2,3,3,At Risk
C12115,82,5,10444.9,3,5,4,Loyal Customers
C12116,54,2,5370.05,3,2,2,Hibernating
C12117,11,5,12831.9,5,5,4,Champions
C12118,17,4,21550.2,5,4,5,Champions
C12119,131,2,4634.0,2,2,2,Hibernating
C12120,42,2,5041.8,4,2,2,Potential Loyalists
C12121,9,5,13189.349999999999,5,5,4,Champions
C12122,2,7,12818.85,5,5,4,Champions
C12123,74,5,9560.0,3,5,3,Loyal Customers
C12124,133,2,6114.75,2,2,2,Hibernating
C12125,36,5,11332.45,4,5,4,Champions
C12126,6,11,25796.7,5,5,5,Champions
C12127,47,4,6630.65,4,4,2,Loyal Customers
C12128,210,3,10164.050000000001,1,3,4,At Risk
C12129,233,2,3942.15,1,2,1,Hibernating
C12130,118,4,9199.3,2,4,3,At Risk
C12131,36,5,20830.1,4,5,5,Champions
C12132,198,2,7546.5,1,2,3,Hibernating
C12133,20,2,6391.5,5,2,2,Potential Loyalists
C12134,56,2,4912.5,3,2,2,Hibernating
C12135,156,2,10939.599999999999,2,2,4,Hibernating
C12136,3,5,7903.25,5,5,3,Loyal Customers
C12137,81,4,7913.65,3,4,3,Loyal Customers
C12138,69,3,8349.55,3,3,3,Loyal Customers
C12139,6,8,21612.100000000002,5,5,5,Champions
C12140,140,4,18085.6,2,4,5,At Risk
C12141,12,4,18802.3,5,4,5,Champions
C12142,31,2,2680.3,4,2,1,Potential Loyalists
C12143,40,5,14239.85,4,5,4,Champions
C12144,143,3,7957.700000000001,2,3,3,At Risk
C12145,16,4,4336.3,5,4,2,Loyal Customers
C12146,142,3,9363.2,2,3,3,At Risk
C12147,2,4,15115.9,5,4,5,Champions
C12148,204,1,2612.05,1,1,1,Hibernating
C12150,92,5,10128.949999999999,3,5,4,Loyal Customers
C12151,40,4,11755.55,4,4,4,Champions
C12152,68,3,16908.25,3,3,5,Loyal Customers
C12153,136,3,10313.2,2,3,4,At Risk
C12154,13,4,10315.1,5,4,4,Champions
C12155,60,2,5853.35,3,2,2,Hibernating
C12156,245,2,3532.8999999999996,1,2,1,Hibernating
C12157,33,1,1178.8,4,1,1,Potential Loyalists
C12158,147,2,1745.15,2,2,1,Hibernating
C12159,45,3,7675.1,4,3,3,Loyal Customers
C12160,168,2,3635.6,1,2,1,Hibernating
C12161,165,2,3442.95,1,2,1,Hibernating
C12162,159,4,11146.400000000001,2,4,4,At Risk
C12163,213,3,12603.45,1,3,4,At Risk
C12164,13,6,15629.9,5,5,5,Champions
C12165,11,4,9074.4,5,4,3,Loyal Customers
C12166,10,2,4931.0,5,2,2,Potential Loyalists
C12167,88,2,5618.7,3,2,2,Hibernating
C12168,92,6,13316.7,3,5,4,Loyal Customers
C12169,320,1,1874.0,1,1,1,Hibernating
C12171,8,4,14455.6,5,4,5,Champions
C12172,155,5,12385.25,2,5,4,At Risk
C12173,252,1,502.6,1,1,1,Hibernating
C12174,82,4,8231.9,3,4,3,Loyal Customers
C12175,87,2,2894.7,3,2,1,Hibernating
C12176,39,3,5414.4,4,3,2,Loyal Customers
C12177,58,2,2528.7,3,2,1,Hibernating
C12178,63,2,3125.25,3,2,1,Hibernating
C12179,91,6,12494.75,3,5,4,Loyal Customers
C12180,34,4,6761.8,4,4,2,Loyal Customers
C12181,211,1,664.8,1,1,1,Hibernating
C12182,36,6,19146.4,4,5,5,Champions
C12183,14,7,18440.1,5,5,5,Champions
C12184,216,1,2306.25,1,1,1,Hibernating
C12185,217,1,2574.0,1,1,1,Hibernating
C12186,77,4,12936.8,3,4,4,Loyal Customers
C12187,168,2,10265.400000000001,1,2,4,Hibernating
C12188,16,3,7697.6,5,3,3,Loyal Customers
C12189,92,3,13666.5,3,3,4,Loyal Customers
C12190,34,4,19120.05,4,4,5,Champions
C12192,67,7,18525.65,3,5,5,Loyal Customers
C12193,10,6,15691.7,5,5,5,Champions
C12194,123,5,12369.1,2,5,4,At Risk
C12195,28,4,15621.9,4,4,5,Champions
C12197,48,4,9565.0,4,4,3,Loyal Customers
C12198,122,3,3747.65,2,3,1,At Risk
C12199,11,3,5650.9,5,3,2,Loyal Customers
C12200,106,2,2491.0,2,2,1,Hibernating
C12201,276,1,2344.0,1,1,1,Hibernating
C12202,79,3,5587.55,3,3,2,Loyal Customers
C12203,89,3,5905.450000000001,3,3,2,Loyal Customers
C12205,185,2,5515.9,1,2,2,Hibernating
C12206,137,4,10213.15,2,4,4,At Risk
C12207,55,4,13985.75,3,4,4,Loyal Customers
C12208,50,3,696.2,4,3,1,Loyal Customers
C12209,132,3,8762.4,2,3,3,At Risk
C12210,24,4,21563.350000000002,4,4,5,Champions
C12211,123,2,11259.0,2,2,4,Hibernating
C12212,87,3,12639.4,3,3,4,Loyal Customers
C12213,122,1,3001.0,2,1,1,Hibernating
C12214,116,11,28613.7,2,5,5,At Risk
C12215,84,1,955.2,3,1,1,Hibernating
C12216,325,1,3111.0,1,1,1,Hibernating
C12217,8,5,14565.0,5,5,5,Champions
C12218,138,7,20036.9,2,5,5,At Risk
C12219,288,1,1436.0,1,1,1,Hibernating
C12220,93,6,20389.85,3,5,5,Loyal Customers
C12221,17,8,20865.55,5,5,5,Champions
C12222,70,2,3829.2,3,2,1,Hibernating
C12223,28,4,7950.1,4,4,3,Loyal Customers
C12224,26,6,19698.9,4,5,5,Champions
C12225,204,2,5384.4,1,2,2,Hibernating
C12226,57,4,17715.8,3,4,5,Loyal Customers
C12227,44,4,4578.3,4,4,2,Loyal Customers
C12228,31,3,13801.65,4,3,4,Loyal Customers
C12229,207,4,7366.15,1,4,3,At Risk
C12230,143,3,11930.8,2,3,4,At Risk
C12231,153,7,10489.0,2,5,4,At Risk
C12232,72,6,19052.4,3,5,5,Loyal Customers
C12233,48,5,12604.95,4,5,4,Champions
C12234,39,4,7685.549999999999,4,4,3,Loyal Customers
C12235,196,1,3200.4,1,1,1,Hibernating
C12236,14,4,15201.999999999998,5,4,5,Champions
C12237,32,4,15055.25,4,4,5,Champions
C12238,62,5,18522.450000000004,3,5,5,Loyal Customers
C12239,87,4,13542.45,3,4,4,Loyal Customers
C12240,218,1,1576.4,1,1,1,Hibernating
C12241,68,2,2887.35,3,2,1,Hibernating
C12242,143,5,13457.4,2,5,4,At Risk
C12243,95,4,10223.05,2,4,4,At Risk
C12244,334,1,5248.8,1,1,2,Hibernating
C12245,24,3,5684.6,4,3,2,Loyal Customers
C12246,48,4,8314.1,4,4,3,Loyal Customers
C12247,172,2,5905.9,1,2,2,Hibernating
C12248,21,7,16561.55,5,5,5,Champions
C12249,17,6,9981.55,5,5,4,Champions
C12250,19,3,8765.85,5,3,3,Loyal Customers
C12251,108,4,5188.25,2,4,2,At Risk
C12252,132,1,742.7,2,1,1,Hibernating
C12253,29,4,5154.6,4,4,2,Loyal Customers
C12254,75,4,12183.3,3,4,4,Loyal Customers
C12255,195,3,6967.2,1,3,3,At Risk
C12256,145,2,2868.7,2,2,1,Hibernating
C12257,18,6,18272.05,5,5,5,Champions
C12258,58,6,25408.95,3,5,5,Loyal Customers
C12259,18,4,14960.1,5,4,5,Champions
C12260,39,6,17024.1,4,5,5,Champions
C12261,22,5,12764.25,5,5,4,Champions
C12262,117,3,7366.3,2,3,3,At Risk
C12263,134,2,3113.0,2,2,1,Hibernating
C12264,132,3,15117.4,2,3,5,At Risk
C12265,275,1,3346.5,1,1,1,Hibernating
C12266,54,2,5991.700000000001,3,2,2,Hibernating
C12267,175,2,2780.2999999999997,1,2,1,Hibernating
C12268,223,2,2055.0,1,2,1,Hibernating
C12269,100,2,5929.4,2,2,2,Hibernating
C12270,17,6,11665.7,5,5,4,Champions
C12271,157,2,15546.5,2,2,5,Hibernating
C12272,79,4,5105.849999999999,3,4,2,Loyal Customers
C12273,160,3,15511.800000000001,2,3,5,At Risk
C12274,37,7,15537.5,4,5,5,Champions
C12275,13,3,8522.2,5,3,3,Loyal Customers
C12276,180,3,7028.2,1,3,3,At Risk
C12278,22,2,1394.45,5,2,1,Potential Loyalists
C12279,5,3,5336.5,5,3,2,Loyal Customers
C12280,27,2,4224.8,4,2,2,Potential Loyalists
C12281,37,4,8021.1,4,4,3,Loyal Customers
C12282,4,2,5053.25,5,2,2,Potential Loyalists
C12283,118,3,4656.45,2,3,2,At Risk
C12284,7,3,8984.45,5,3,3,Loyal Customers
C12285,164,3,7635.8,1,3,3,At Risk
C12286,235,3,3294.8500000000004,1,3,1,At Risk
C12287,44,4,8905.1,4,4,3,Loyal Customers
C12288,8,3,9483.05,5,3,3,Loyal Customers
C12289,22,2,3672.2,5,2,1,Potential Loyalists
C12290,233,4,9243.15,1,4,3,At Risk
C12291,162,1,2788.8,1,1,1,Hibernating
C12292,146,4,15321.0,2,4,5,At Risk
C12293,161,2,3728.7,1,2,1,Hibernating
C12294,164,3,5865.0,1,3,2,At Risk
C12295,152,5,11403.25,2,5,4,At Risk
C12296,21,4,7553.1,5,4,3,Loyal Customers
C12297,4,7,16499.15,5,5,5,Champions
C12298,1,5,16423.7,5,5,5,Champions
C12299,52,5,12286.9,4,5,4,Champions
C12300,47,6,14448.0,4,5,5,Champions
C12301,80,4,20541.0,3,4,5,Loyal Customers
C12302,42,5,15254.4,4,5,5,Champions
C12303,36,2,3017.85,4,2,1,Potential Loyalists
C12304,90,2,3343.2,3,2,1,Hibernating
C12306,230,2,3837.3,1,2,1,Hibernating
C12308,258,2,4349.1,1,2,2,Hibernating
C12309,32,6,17619.55,4,5,5,Champions
C12310,79,1,5690.5,3,1,2,Hibernating
C12311,136,2,4720.9,2,2,2,Hibernating
C12312,11,6,18437.35,5,5,5,Champions
C12313,133,2,3673.8,2,2,1,Hibernating
C12314,266,2,4340.8,1,2,2,Hibernating
C12315,18,7,24241.699999999997,5,5,5,Champions
C12316,41,4,10479.8,4,4,4,Champions
C12317,69,2,3578.6,3,2,1,Hibernating
C12318,91,2,5769.599999999999,3,2,2,Hibernating
C12319,68,4,5103.9,3,4,2,Loyal Customers
C12320,76,2,3436.45,3,2,1,Hibernating
C12321,60,2,5979.75,3,2,2,Hibernating
C12322,16,1,1322.4,5,1,1,Potential Loyalists
C12323,20,3,6784.0,5,3,2,Loyal Customers
C12324,60,1,447.75,3,1,1,Hibernating
C12325,60,5,16755.2,3,5,5,Loyal Customers
C12326,9,8,26529.95,5,5,5,Champions
C12327,197,2,8821.6,1,2,3,Hibernating
C12328,22,1,3107.0,5,1,1,Potential Loyalists
C12329,105,4,8934.7,2,4,3,At Risk
C12330,202,2,1485.8,1,2,1,Hibernating
C12331,271,1,1393.6,1,1,1,Hibernating
C12332,27,5,8700.800000000001,4,5,3,Loyal Customers
C12333,16,3,10032.3,5,3,4,Loyal Customers
C12334,29,3,5387.55,4,3,2,Loyal Customers
C12335,127,2,4914.3,2,2,2,Hibernating
C12336,230,5,2602.9,1,5,1,At Risk
C12337,93,6,20974.6,3,5,5,Loyal Customers
C12338,71,2,5043.0,3,2,2,Hibernating
C12339,41,6,20504.2,4,5,5,Champions
C12340,50,2,15666.6,4,2,5,Potential Loyalists
C12341,156,4,15071.85,2,4,5,At Risk
C12342,67,2,6511.0,3,2,2,Hibernating
C12343,242,2,3032.75,1,2,1,Hibernating
C12344,127,2,8616.0,2,2,3,Hibernating
C12345,135,4,9045.45,2,4,3,At Risk
C12346,121,5,14491.65,2,5,5,At Risk
C12347,26,6,14746.599999999999,4,5,5,Champions
C12348,46,4,6181.2,4,4,2,Loyal Customers
C12349,76,3,4831.9,3,3,2,Loyal Customers
C12350,42,4,8019.150000000001,4,4,3,Loyal Customers
C12351,32,4,10219.8,4,4,4,Champions
C12353,199,1,2953.6,1,1,1,Hibernating
C12354,69,2,1429.6,3,2,1,Hibernating
C12355,143,4,13233.35,2,4,4,At Risk
C12356,223,2,2927.6,1,2,1,Hibernating
C12359,84,2,5491.2,3,2,2,Hibernating
C12360,206,3,5541.799999999999,1,3,2,At Risk
C12361,18,6,14310.95,5,5,5,Champions
C12362,217,3,9257.4,1,3,3,At Risk
C12363,247,1,3231.2,1,1,1,Hibernating
C12364,15,7,18313.4,5,5,5,Champions
C12365,3,1,2681.1,5,1,1,Potential Loyalists
C12366,248,2,1435.1,1,2,1,Hibernating
C12367,12,6,8520.8,5,5,3,Loyal Customers
C12368,91,5,9702.3,3,5,3,Loyal Customers
C12369,244,3,16698.0,1,3,5,At Risk
C12370,57,2,3487.25,3,2,1,Hibernating
C12371,228,2,2012.1,1,2,1,Hibernating
C12372,24,4,7371.1,4,4,3,Loyal Customers
C12373,86,2,10170.0,3,2,4,Hibernating
C12375,38,1,2824.2,4,1,1,Potential Loyalists
C12376,5,2,7442.0,5,2,3,Potential Loyalists
C12377,84,1,3696.45,3,1,1,Hibernating
C12378,7,4,11178.5,5,4,4,Champions
C12379,44,3,8764.9,4,3,3,Loyal Customers
C12380,311,1,548.5,1,1,1,Hibernating
C12381,92,4,8013.0,3,4,3,Loyal Customers
C12382,16,6,14201.55,5,5,4,Champions
C12383,309,2,7331.5,1,2,3,Hibernating
C12384,175,1,1096.0,1,1,1,Hibernating
C12385,19,4,6946.85,5,4,3,Loyal Customers
C12386,58,1,381.5,3,1,1,Hibernating
C12387,37,5,13242.9,4,5,4,Champions
C12388,170,1,510.15,1,1,1,Hibernating
C12389,138,3,12534.3,2,3,4,At Risk
C12390,12,7,14361.15,5,5,5,Champions
C12391,26,2,2377.95,4,2,1,Potential Loyalists
C12393,108,4,9182.0,2,4,3,At Risk
C12394,12,5,13823.4,5,5,4,Champions
C12395,119,2,2026.8000000000002,2,2,1,Hibernating
C12396,20,2,7399.05,5,2,3,Potential Loyalists
C12397,53,5,11624.15,4,5,4,Champions
C12398,51,4,5228.05,4,4,2,Loyal Customers
C12399,3,7,13709.75,5,5,4,Champions
C12400,14,5,7579.2,5,5,3,Loyal Customers
C12401,19,2,4973.35,5,2,2,Potential Loyalists
C12402,66,5,13508.0,3,5,4,Loyal Customers
C12403,77,5,13816.55,3,5,4,Loyal Customers
C12405,11,3,6431.8,5,3,2,Loyal Customers
C12406,33,2,3960.1,4,2,1,Potential Loyalists
C12407,182,2,4253.3,1,2,2,Hibernating
C12408,55,6,12188.1,3,5,4,Loyal Customers
C12409,280,3,7069.950000000001,1,3,3,At Risk
C12411,94,6,17913.1,3,5,5,Loyal Customers
C12412,55,3,8965.2,3,3,3,Loyal Customers
C12413,77,4,13643.15,3,4,4,Loyal Customers
C12414,109,3,14920.8,2,3,5,At Risk
C12415,53,3,5377.549999999999,4,3,2,Loyal Customers
C12416,26,3,12640.3,4,3,4,Loyal Customers
C12418,33,1,3599.2,4,1,1,Potential Loyalists
C12419,19,6,16032.65,5,5,5,Champions
C12420,103,3,3582.15,2,3,1,At Risk
C12421,159,3,3415.5,2,3,1,At Risk
C12422,36,6,15664.4,4,5,5,Champions
C12423,41,2,3134.05,4,2,1,Potential Loyalists
C12424,51,6,32813.5,4,5,5,Champions
C12425,10,2,3786.7,5,2,1,Potential Loyalists
C12426,130,3,6739.400000000001,2,3,2,At Risk
C12427,1,4,7011.549999999999,5,4,3,Loyal Customers
C12428,73,8,25226.05,3,5,5,Loyal Customers
C12429,110,3,6599.05,2,3,2,At Risk
C12430,11,6,16042.1,5,5,5,Champions
C12431,13,3,7389.7,5,3,3,Loyal Customers
C12432,83,4,7133.55,3,4,3,Loyal Customers
C12433,233,2,6259.7,1,2,2,Hibernating
C12434,53,7,22046.65,4,5,5,Champions
C12436,8,7,18781.9,5,5,5,Champions
C12437,117,5,16282.2,2,5,5,At Risk
C12438,44,6,18535.95,4,5,5,Champions
C12439,92,5,17167.7,3,5,5,Loyal Customers
C12440,60,1,2369.5,3,1,1,Hibernating
C12441,108,4,6730.35,2,4,2,At Risk
C12442,91,5,11804.45,3,5,4,Loyal Customers
C12443,126,2,4757.8,2,2,2,Hibernating
C12444,9,2,15175.6,5,2,5,Potential Loyalists
C12445,7,4,26982.4,5,4,5,Champions
C12446,40,3,7329.35,4,3,3,Loyal Customers
C12447,287,1,2549.7,1,1,1,Hibernating
C12448,23,3,3816.8,5,3,1,Loyal Customers
C12449,84,2,2678.25,3,2,1,Hibernating
C12450,66,4,15376.9,3,4,5,Loyal Customers
C12451,39,4,33744.7,4,4,5,Champions
C12452,47,1,6688.799999999999,4,1,2,Potential Loyalists
C12453,217,2,3566.5499999999997,1,2,1,Hibernating
C12454,353,2,11602.0,1,2,4,Hibernating
C12455,6,3,12633.6,5,3,4,Loyal Customers
C12456,120,4,10017.9,2,4,4,At Risk
C12457,43,3,10397.7,4,3,4,Loyal Customers
C12458,97,2,4054.1,2,2,2,Hibernating
C12459,16,4,5278.25,5,4,2,Loyal Customers
C12460,4,4,11915.8,5,4,4,Champions
C12461,59,2,2755.8,3,2,1,Hibernating
C12462,63,1,420.8,3,1,1,Hibernating
C12463,4,4,7692.9,5,4,3,Loyal Customers
C12464,1,2,8221.199999999999,5,2,3,Potential Loyalists
C12465,49,3,12835.400000000001,4,3,4,Loyal Customers
C12466,49,6,21213.3,4,5,5,Champions
C12467,16,5,7770.099999999999,5,5,3,Loyal Customers
C12468,112,2,7949.200000000001,2,2,3,Hibernating
C12469,64,3,9542.05,3,3,3,Loyal Customers
C12470,14,5,11417.15,5,5,4,Champions
C12471,32,4,20491.5,4,4,5,Champions
C12472,7,3,11503.1,5,3,4,Loyal Customers
C12473,24,3,9294.7,4,3,3,Loyal Customers
C12474,166,2,4939.3,1,2,2,Hibernating
C12475,67,1,1322.25,3,1,1,Hibernating
C12476,181,5,10965.6,1,5,4,At Risk
C12477,83,1,946.8,3,1,1,Hibernating
C12478,2,1,2920.4,5,1,1,Potential Loyalists
C12479,182,2,3531.45,1,2,1,Hibernating
C12480,80,4,18693.6,3,4,5,Loyal Customers
C12481,37,4,13059.9,4,4,4,Champions
C12482,31,1,6430.2,4,1,2,Potential Loyalists
C12483,44,3,8926.2,4,3,3,Loyal Customers
C12484,94,2,2273.0,3,2,1,Hibernating
C12485,29,4,14415.65,4,4,5,Champions
C12486,56,2,4621.15,3,2,2,Hibernating
C12487,116,3,8877.3,2,3,3,At Risk
C12488,50,8,18590.9,4,5,5,Champions
C12489,267,1,2196.6,1,1,1,Hibernating
C12490,167,2,3358.5,1,2,1,Hibernating
C12491,32,7,25073.9,4,5,5,Champions
C12492,96,1,4428.0,2,1,2,Hibernating
C12493,67,5,12848.0,3,5,4,Loyal Customers
C12494,62,3,14869.55,3,3,5,Loyal Customers
C12495,284,1,6237.7,1,1,2,Hibernating
C12496,46,3,5755.799999999999,4,3,2,Loyal Customers
C12497,86,2,10016.8,3,2,4,Hibernating
C12498,76,3,7168.299999999999,3,3,3,Loyal Customers
C12499,144,6,21884.100000000002,2,5,5,At Risk
C12500,123,3,6203.65,2,3,2,At Risk
C12501,64,7,21823.6,3,5,5,Loyal Customers
C12502,97,4,16279.349999999999,2,4,5,At Risk
C12503,245,3,2803.4500000000003,1,3,1,At Risk
C12504,61,4,15323.2,3,4,5,Loyal Customers
C12505,62,4,8574.4,3,4,3,Loyal Customers
C12506,75,5,18452.3,3,5,5,Loyal Customers
C12507,29,2,5192.2,4,2,2,Potential Loyalists
C12508,104,6,16823.75,2,5,5,At Risk
C12509,144,2,7328.8,2,2,3,Hibernating
C12510,28,6,12941.05,4,5,4,Champions
C12511,73,3,9516.4,3,3,3,Loyal Customers
C12512,51,6,9503.9,4,5,3,Loyal Customers
C12513,77,3,4217.7,3,3,2,Loyal Customers
C12514,109,3,6442.4,2,3,2,At Risk
C12515,47,6,13898.7,4,5,4,Champions
C12516,320,1,1188.0,1,1,1,Hibernating
C12517,48,3,4329.85,4,3,2,Loyal Customers
C12518,119,3,5123.5,2,3,2,At Risk
C12520,31,4,7744.15,4,4,3,Loyal Customers
C12521,97,2,2203.75,2,2,1,Hibernating
C12522,44,5,15536.1,4,5,5,Champions
C12523,39,3,14876.35,4,3,5,Loyal Customers
C12524,3,6,27581.9,5,5,5,Champions
C12525,55,5,11681.8,3,5,4,Loyal Customers
C12526,116,4,7513.4,2,4,3,At Risk
C12527,145,1,895.7,2,1,1,Hibernating
C12528,218,4,6656.15,1,4,2,At Risk
C12529,9,6,11408.0,5,5,4,Champions
C12530,126,2,7543.8,2,2,3,Hibernating
C12532,20,2,1634.5,5,2,1,Potential Loyalists
C12533,36,7,24700.35,4,5,5,Champions
C12534,34,2,3080.0,4,2,1,Potential Loyalists
C12535,57,5,18079.0,3,5,5,Loyal Customers
C12536,89,7,11750.0,3,5,4,Loyal Customers
C12537,21,4,4993.1,5,4,2,Loyal Customers
C12538,71,2,9222.6,3,2,3,Hibernating
C12539,3,5,16353.699999999999,5,5,5,Champions
C12540,154,3,6794.0,2,3,3,At Risk
C12542,46,4,12729.900000000001,4,4,4,Champions
C12543,171,4,13122.75,1,4,4,At Risk
C12544,1,7,15157.15,5,5,5,Champions
C12545,27,5,12332.0,4,5,4,Champions
C12546,65,4,20754.4,3,4,5,Loyal Customers
C12547,67,4,12241.0,3,4,4,Loyal Customers
C12548,111,1,1384.8,2,1,1,Hibernating
C12549,167,3,17821.65,1,3,5,At Risk
C12550,86,5,7585.0,3,5,3,Loyal Customers
C12551,51,4,12603.8,4,4,4,Champions
C12552,89,3,5213.45,3,3,2,Loyal Customers
C12553,10,3,5405.25,5,3,2,Loyal Customers
C12554,32,5,8419.5,4,5,3,Loyal Customers
C12555,2,2,2137.3,5,2,1,Potential Loyalists
C12556,164,1,1391.6,1,1,1,Hibernating
C12557,20,5,9439.0,5,5,3,Loyal Customers
C12558,46,9,15212.45,4,5,5,Champions
C12559,58,7,12341.45,3,5,4,Loyal Customers
C12560,60,1,5349.4,3,1,2,Hibernating
C12561,56,3,4951.2,3,3,2,Loyal Customers
C12562,34,5,12388.95,4,5,4,Champions
C12563,29,3,10792.3,4,3,4,Loyal Customers
C12564,253,5,10522.7,1,5,4,At Risk
C12565,11,5,13964.35,5,5,4,Champions
C12566,94,3,14044.300000000001,3,3,4,Loyal Customers
C12567,5,2,3847.15,5,2,1,Potential Loyalists
C12568,8,7,31122.699999999997,5,5,5,Champions
C12570,126,5,23209.05,2,5,5,At Risk
C12571,52,6,23085.9,4,5,5,Champions
C12572,140,3,6268.4,2,3,2,At Risk
C12573,24,4,11155.65,4,4,4,Champions
C12574,17,4,10050.9,5,4,4,Champions
C12575,16,6,31149.85,5,5,5,Champions
C12576,134,3,2580.0,2,3,1,At Risk
C12577,69,1,567.2,3,1,1,Hibernating
C12578,132,3,28675.399999999998,2,3,5,At Risk
C12579,75,3,6529.4,3,3,2,Loyal Customers
C12580,16,6,14445.85,5,5,5,Champions
C12581,250,2,3497.0,1,2,1,Hibernating
C12583,333,1,3237.5,1,1,1,Hibernating
C12584,49,7,20881.6,4,5,5,Champions
C12585,32,4,5334.65,4,4,2,Loyal Customers
C12586,87,4,6928.05,3,4,3,Loyal Customers
C12587,184,3,12470.7,1,3,4,At Risk
C12588,26,4,10706.2,4,4,4,Champions
C12589,273,1,2498.4,1,1,1,Hibernating
C12590,49,4,11465.6,4,4,4,Champions
C12591,19,3,5700.3,5,3,2,Loyal Customers
C12592,8,6,22907.1,5,5,5,Champions
C12593,18,4,9367.9,5,4,3,Loyal Customers
C12594,23,2,2976.0,5,2,1,Potential Loyalists
C12595,152,2,3042.3,2,2,1,Hibernating
C12596,104,3,5706.049999999999,2,3,2,At Risk
C12597,22,2,11812.7,5,2,4,Potential Loyalists
C12598,32,6,10203.1,4,5,4,Champions
C12599,14,3,10197.2,5,3,4,Loyal Customers
C12600,31,3,15489.7,4,3,5,Loyal Customers
C12601,224,2,5140.2,1,2,2,Hibernating
C12602,71,5,12313.9,3,5,4,Loyal Customers
C12603,21,6,14726.4,5,5,5,Champions
C12604,167,3,3584.6,1,3,1,At Risk
C12605,24,2,2480.5,4,2,1,Potential Loyalists
C12606,43,3,5332.4,4,3,2,Loyal Customers
C12607,9,8,22845.3,5,5,5,Champions
C12608,110,4,8524.2,2,4,3,At Risk
C12609,44,6,14393.25,4,5,5,Champions
C12610,165,3,8590.2,1,3,3,At Risk
C12611,15,2,3054.4,5,2,1,Potential Loyalists
C12612,87,3,9163.349999999999,3,3,3,Loyal Customers
C12613,97,5,13433.8,2,5,4,At Risk
C12614,277,1,672.0,1,1,1,Hibernating
C12615,143,3,7868.85,2,3,3,At Risk
C12616,121,4,6204.0,2,4,2,At Risk
C12617,115,2,16179.6,2,2,5,Hibernating
C12618,99,2,9036.35,2,2,3,Hibernating
C12619,58,5,10530.25,3,5,4,Loyal Customers
C12620,34,4,13056.4,4,4,4,Champions
C12621,207,3,7227.45,1,3,3,At Risk
C12622,127,3,10009.8,2,3,4,At Risk
C12623,131,2,5062.6,2,2,2,Hibernating
C12624,84,3,11705.4,3,3,4,Loyal Customers
C12625,172,3,5508.3,1,3,2,At Risk
C12626,54,2,6031.4,3,2,2,Hibernating
C12627,9,4,6385.5,5,4,2,Loyal Customers
C12628,286,1,1213.5,1,1,1,Hibernating
C12629,67,3,4194.9,3,3,2,Loyal Customers
C12630,44,3,4808.1,4,3,2,Loyal Customers
C12631,142,4,10580.8,2,4,4,At Risk
C12632,52,4,7308.45,4,4,3,Loyal Customers
C12633,13,4,7132.049999999999,5,4,3,Loyal Customers
C12634,57,4,8831.8,3,4,3,Loyal Customers
C12635,39,3,6723.35,4,3,2,Loyal Customers
C12636,66,3,10797.6,3,3,4,Loyal Customers
C12637,110,5,15456.15,2,5,5,At Risk
C12638,44,1,829.8,4,1,1,Potential Loyalists
C12639,249,1,11800.8,1,1,4,Hibernating
C12640,25,5,14779.0,4,5,5,Champions
C12641,27,5,21264.0,4,5,5,Champions
C12642,75,3,7423.9,3,3,3,Loyal Customers
C12643,5,8,18504.55,5,5,5,Champions
C12644,121,4,8487.5,2,4,3,At Risk
C12645,127,2,1274.0,2,2,1,Hibernating
C12646,283,3,6700.25,1,3,2,At Risk
C12647,158,1,3089.6,2,1,1,Hibernating
C12648,260,2,5080.6,1,2,2,Hibernating
C12649,37,7,33375.05,4,5,5,Champions
C12650,18,3,6682.0,5,3,2,Loyal Customers
C12651,291,1,1281.8,1,1,1,Hibernating
C12652,104,2,1707.4,2,2,1,Hibernating
C12653,90,1,573.6,3,1,1,Hibernating
C12654,59,8,29723.9,3,5,5,Loyal Customers
C12655,82,3,5421.25,3,3,2,Loyal Customers
C12656,126,2,5517.0,2,2,2,Hibernating
C12657,28,5,12782.1,4,5,4,Champions
C12658,64,3,11912.3,3,3,4,Loyal Customers
C12659,6,3,7455.85,5,3,3,Loyal Customers
C12660,27,2,6796.8,4,2,3,Potential Loyalists
C12661,24,4,10703.35,4,4,4,Champions
C12662,218,1,2526.3,1,1,1,Hibernating
C12663,128,4,8327.3,2,4,3,At Risk
C12664,2,3,6405.75,5,3,2,Loyal Customers
C12665,36,5,14499.9,4,5,5,Champions
C12666,103,1,1888.8,2,1,1,Hibernating
C12667,78,2,9118.0,3,2,3,Hibernating
C12668,23,5,10296.9,5,5,4,Champions
C12669,53,6,10907.55,4,5,4,Champions
C12670,7,4,11400.7,5,4,4,Champions
C12671,280,2,8376.65,1,2,3,Hibernating
C12672,7,6,12675.2,5,5,4,Champions
C12673,346,1,1926.6,1,1,1,Hibernating
C12674,89,3,8253.6,3,3,3,Loyal Customers
C12675,113,2,1787.4,2,2,1,Hibernating
C12676,11,3,3588.25,5,3,1,Loyal Customers
C12677,25,1,1218.6,4,1,1,Potential Loyalists
C12678,290,1,3232.8,1,1,1,Hibernating
C12679,42,5,8653.85,4,5,3,Loyal Customers
C12680,87,5,13416.15,3,5,4,Loyal Customers
C12682,18,9,43696.85,5,5,5,Champions
C12683,12,5,21495.7,5,5,5,Champions
C12684,67,3,6430.45,3,3,2,Loyal Customers
C12685,94,3,13416.6,3,3,4,Loyal Customers
C12686,81,2,3236.3,3,2,1,Hibernating
C12687,11,5,5776.0,5,5,2,Loyal Customers
C12688,32,5,8194.65,4,5,3,Loyal Customers
C12689,129,1,2782.5,2,1,1,Hibernating
C12690,7,7,27960.95,5,5,5,Champions
C12691,24,4,10616.75,4,4,4,Champions
C12692,292,2,4355.3,1,2,2,Hibernating
C12693,37,6,20622.0,4,5,5,Champions
C12694,46,6,17460.5,4,5,5,Champions
C12695,269,1,971.75,1,1,1,Hibernating
C12696,57,6,12609.2,3,5,4,Loyal Customers
C12697,108,3,8758.1,2,3,3,At Risk
C12698,206,3,4733.1,1,3,2,At Risk
C12699,339,2,5769.4,1,2,2,Hibernating
C12700,83,3,9331.9,3,3,3,Loyal Customers
C12701,214,2,4951.2,1,2,2,Hibernating
C12702,151,3,4564.15,2,3,2,At Risk
C12703,43,2,3146.25,4,2,1,Potential Loyalists
C12704,124,6,17163.35,2,5,5,At Risk
C12705,66,4,11595.55,3,4,4,Loyal Customers
C12706,1,3,5742.4,5,3,2,Loyal Customers
C12707,219,4,16515.4,1,4,5,At Risk
C12708,113,3,7756.85,2,3,3,At Risk
C12709,122,5,22347.05,2,5,5,At Risk
C12710,39,3,9038.35,4,3,3,Loyal Customers
C12711,22,2,1920.7,5,2,1,Potential Loyalists
C12712,64,2,5652.849999999999,3,2,2,Hibernating
C12713,50,4,8755.8,4,4,3,Loyal Customers
C12714,196,1,3520.7,1,1,1,Hibernating
C12715,90,3,7687.6,3,3,3,Loyal Customers
C12716,42,5,17084.7,4,5,5,Champions
C12717,87,4,8815.45,3,4,3,Loyal Customers
C12718,128,3,5992.6,2,3,2,At Risk
C12719,51,5,20673.45,4,5,5,Champions
C12720,64,2,5363.4,3,2,2,Hibernating
C12721,40,3,15293.400000000001,4,3,5,Loyal Customers
C12723,301,1,2135.2,1,1,1,Hibernating
C12724,78,7,10951.7,3,5,4,Loyal Customers
C12725,138,3,7048.35,2,3,3,At Risk
C12726,62,2,9769.2,3,2,3,Hibernating
C12727,31,6,20097.15,4,5,5,Champions
C12728,94,1,4424.0,3,1,2,Hibernating
C12729,191,3,5330.1,1,3,2,At Risk
C12730,2,2,8807.6,5,2,3,Potential Loyalists
C12731,20,5,13952.7,5,5,4,Champions
C12732,179,3,5419.4,1,3,2,At Risk
C12733,119,4,2823.3,2,4,1,At Risk
C12734,206,1,923.2,1,1,1,Hibernating
C12735,109,3,14808.55,2,3,5,At Risk
C12736,46,7,16263.6,4,5,5,Champions
C12737,294,1,1692.6,1,1,1,Hibernating
C12738,130,5,19030.3,2,5,5,At Risk
C12739,44,2,6875.200000000001,4,2,3,Potential Loyalists
C12740,88,6,21009.05,3,5,5,Loyal Customers
C12741,104,5,14908.050000000001,2,5,5,At Risk
C12742,49,6,10857.75,4,5,4,Champions
C12743,14,2,13178.1,5,2,4,Potential Loyalists
C12744,140,5,9251.0,2,5,3,At Risk
C12745,245,2,5109.4,1,2,2,Hibernating
C12746,5,4,6564.2,5,4,2,Loyal Customers
C12747,2,6,11183.0,5,5,4,Champions
C12748,250,2,5567.5,1,2,2,Hibernating
C12749,32,3,8827.8,4,3,3,Loyal Customers
C12750,307,3,15530.0,1,3,5,At Risk
C12751,23,2,5495.4,5,2,2,Potential Loyalists
C12752,362,1,11330.8,1,1,4,Hibernating
C12753,5,3,15349.800000000003,5,3,5,Loyal Customers
C12754,13,7,24230.5,5,5,5,Champions
C12755,43,6,40337.05,4,5,5,Champions
C12756,3,2,5391.85,5,2,2,Potential Loyalists
C12757,21,5,27217.65,5,5,5,Champions
C12758,101,5,12132.1,2,5,4,At Risk
C12759,5,7,15814.25,5,5,5,Champions
C12760,72,4,12676.2,3,4,4,Loyal Customers
C12761,34,2,9291.9,4,2,3,Potential Loyalists
C12762,169,6,8628.6,1,5,3,At Risk
C12763,77,1,483.2,3,1,1,Hibernating
C12764,11,2,3604.5,5,2,1,Potential Loyalists
C12765,130,2,3939.75,2,2,1,Hibernating
C12766,116,4,7007.4,2,4,3,At Risk
C12767,160,2,4289.6,2,2,2,Hibernating
C12768,303,2,14522.400000000001,1,2,5,Hibernating
C12769,54,4,17876.95,3,4,5,Loyal Customers
C12770,16,7,17120.9,5,5,5,Champions
C12771,73,3,8858.45,3,3,3,Loyal Customers
C12772,41,2,3778.9,4,2,1,Potential Loyalists
C12773,95,5,8407.7,2,5,3,At Risk
C12774,261,1,1671.75,1,1,1,Hibernating
C12775,89,5,14688.45,3,5,5,Loyal Customers
C12776,12,2,2820.3,5,2,1,Potential Loyalists
C12777,138,2,5719.85,2,2,2,Hibernating
C12778,88,3,5386.950000000001,3,3,2,Loyal Customers
C12779,33,4,9069.4,4,4,3,Loyal Customers
C12780,21,6,15056.05,5,5,5,Champions
C12781,8,6,9409.4,5,5,3,Loyal Customers
C12782,29,4,9043.25,4,4,3,Loyal Customers
C12783,160,3,12760.300000000001,2,3,4,At Risk
C12784,163,2,3405.5,1,2,1,Hibernating
C12785,25,2,3959.85,4,2,1,Potential Loyalists
C12786,125,5,12822.3,2,5,4,At Risk
C12787,15,5,14757.6,5,5,5,Champions
C12788,159,2,5864.1,2,2,2,Hibernating
C12790,102,4,7468.799999999999,2,4,3,At Risk
C12791,4,4,16823.699999999997,5,4,5,Champions
C12792,6,2,3166.4,5,2,1,Potential Loyalists
C12793,22,2,7924.25,5,2,3,Potential Loyalists
C12794,136,2,4741.700000000001,2,2,2,Hibernating
C12795,189,1,1688.5,1,1,1,Hibernating
C12796,133,3,9420.75,2,3,3,At Risk
C12797,67,2,4822.05,3,2,2,Hibernating
C12798,40,5,15856.4,4,5,5,Champions
C12799,149,5,14084.95,2,5,4,At Risk
C12800,73,2,1287.3,3,2,1,Hibernating
C12801,137,4,12368.95,2,4,4,At Risk
C12802,68,3,8235.4,3,3,3,Loyal Customers
C12804,65,2,4951.25,3,2,2,Hibernating
C12805,62,4,7454.25,3,4,3,Loyal Customers
C12806,26,4,8319.8,4,4,3,Loyal Customers
C12807,298,1,525.0,1,1,1,Hibernating
C12809,96,1,2313.9,2,1,1,Hibernating
C12810,71,4,3740.75,3,4,1,Loyal Customers
C12811,44,5,8096.0,4,5,3,Loyal Customers
C12812,1,5,14387.2,5,5,5,Champions
C12813,25,4,15866.65,4,4,5,Champions
C12814,72,5,19149.6,3,5,5,Loyal Customers
C12815,59,4,7299.85,3,4,3,Loyal Customers
C12816,14,6,10832.699999999999,5,5,4,Champions
C12817,59,5,16633.35,3,5,5,Loyal Customers
C12818,58,5,13588.3,3,5,4,Loyal Customers
C12819,105,3,6151.55,2,3,2,At Risk
C12821,246,1,2071.2,1,1,1,Hibernating
C12822,35,3,3149.95,4,3,1,Loyal Customers
C12823,61,3,11578.1,3,3,4,Loyal Customers
C12824,119,8,27225.6,2,5,5,At Risk
C12825,224,2,4492.4,1,2,2,Hibernating
C12826,76,4,9739.35,3,4,3,Loyal Customers
C12827,94,4,7027.65,3,4,3,Loyal Customers
C12828,241,1,2108.0,1,1,1,Hibernating
C12829,27,3,6917.3,4,3,3,Loyal Customers
C12830,214,2,11549.2,1,2,4,Hibernating
C12831,51,2,2932.25,4,2,1,Potential Loyalists
C12832,66,2,3907.2000000000003,3,2,1,Hibernating
C12833,20,9,23071.05,5,5,5,Champions
C12834,100,1,1944.8,2,1,1,Hibernating
C12835,48,4,5699.5,4,4,2,Loyal Customers
C12836,14,5,11713.8,5,5,4,Champions
C12837,196,2,3869.25,1,2,1,Hibernating
C12838,146,4,15423.95,2,4,5,At Risk
C12839,72,3,3987.7000000000003,3,3,1,Loyal Customers
C12840,103,4,13878.85,2,4,4,At Risk
C12841,40,4,9998.9,4,4,4,Champions
C12842,185,2,8207.8,1,2,3,Hibernating
C12843,6,6,15746.95,5,5,5,Champions
C12844,31,2,3307.1,4,2,1,Potential Loyalists
C12845,200,1,1990.5,1,1,1,Hibernating
C12846,263,1,513.0,1,1,1,Hibernating
C12847,143,1,775.6,2,1,1,Hibernating
C12848,132,2,4239.0,2,2,2,Hibernating
C12849,92,5,7151.45,3,5,3,Loyal Customers
C12850,150,6,16597.5,2,5,5,At Risk
C12851,64,4,10749.6,3,4,4,Loyal Customers
C12852,255,2,3145.2,1,2,1,Hibernating
C12853,14,6,19089.55,5,5,5,Champions
C12854,105,2,4898.5,2,2,2,Hibernating
C12855,39,3,9013.0,4,3,3,Loyal Customers
C12856,14,5,22144.3,5,5,5,Champions
C12857,21,2,6860.2,5,2,3,Potential Loyalists
C12858,18,3,5781.35,5,3,2,Loyal Customers
C12859,20,7,17822.35,5,5,5,Champions
C12860,70,5,8650.55,3,5,3,Loyal Customers
C12861,9,4,6224.200000000001,5,4,2,Loyal Customers
C12862,73,5,12086.1,3,5,4,Loyal Customers
C12863,80,4,7484.55,3,4,3,Loyal Customers
C12864,232,3,8526.35,1,3,3,At Risk
C12865,188,1,2118.4,1,1,1,Hibernating
C12866,220,2,4360.65,1,2,2,Hibernating
C12867,76,4,15806.7,3,4,5,Loyal Customers
C12868,127,3,9032.45,2,3,3,At Risk
C12869,81,4,5206.05,3,4,2,Loyal Customers
C12870,108,3,7463.4,2,3,3,At Risk
C12871,5,5,17012.100000000002,5,5,5,Champions
C12872,144,1,1981.0,2,1,1,Hibernating
C12874,178,3,11947.35,1,3,4,At Risk
C12875,60,4,9998.1,3,4,4,Loyal Customers
C12876,20,3,3862.5,5,3,1,Loyal Customers
C12877,15,5,8858.1,5,5,3,Loyal Customers
C12878,68,2,3260.3,3,2,1,Hibernating
C12879,50,6,22015.0,4,5,5,Champions
C12880,34,5,24235.15,4,5,5,Champions
C12881,31,2,7210.9,4,2,3,Potential Loyalists
C12882,214,1,3598.05,1,1,1,Hibernating
C12883,27,1,8505.0,4,1,3,Potential Loyalists
C12884,51,7,20238.05,4,5,5,Champions
C12885,115,7,30490.5,2,5,5,At Risk
C12886,67,1,1580.15,3,1,1,Hibernating
C12887,43,2,4413.0,4,2,2,Potential Loyalists
C12888,18,2,13504.0,5,2,4,Potential Loyalists
C12889,164,2,3580.8,1,2,1,Hibernating
C12890,305,1,1226.0,1,1,1,Hibernating
C12891,121,4,4066.6000000000004,2,4,2,At Risk
C12892,205,1,2539.8,1,1,1,Hibernating
C12893,37,3,9397.4,4,3,3,Loyal Customers
C12894,96,5,6620.25,2,5,2,At Risk
C12895,169,3,10997.75,1,3,4,At Risk
C12896,18,5,24148.65,5,5,5,Champions
C12897,58,3,2572.25,3,3,1,Loyal Customers
C12898,43,4,11911.25,4,4,4,Champions
C12899,38,5,7219.1,4,5,3,Loyal Customers
C12900,204,2,3866.2,1,2,1,Hibernating
C12901,109,4,5504.15,2,4,2,At Risk
C12902,84,4,10153.800000000001,3,4,4,Loyal Customers
C12903,25,6,16398.6,4,5,5,Champions
C12904,151,4,5447.35,2,4,2,At Risk
C12905,57,5,11812.25,3,5,4,Loyal Customers
C12906,19,5,8357.6,5,5,3,Loyal Customers
C12907,164,2,4341.6,1,2,2,Hibernating
C12908,20,3,7649.4,5,3,3,Loyal Customers
C12909,42,2,5737.35,4,2,2,Potential Loyalists
C12910,195,3,6291.200000000001,1,3,2,At Risk
C12911,232,2,4604.2,1,2,2,Hibernating
C12912,30,3,8648.150000000001,4,3,3,Loyal Customers
C12913,83,1,1662.7,3,1,1,Hibernating
C12914,42,5,15020.05,4,5,5,Champions
C12915,37,2,7917.1,4,2,3,Potential Loyalists
C12916,200,1,2685.2,1,1,1,Hibernating
C12917,4,6,13531.85,5,5,4,Champions
C12918,261,4,12343.9,1,4,4,At Risk
C12919,79,5,7970.3,3,5,3,Loyal Customers
C12920,232,3,9132.8,1,3,3,At Risk
C12921,24,3,5199.75,4,3,2,Loyal Customers
C12922,123,1,5737.6,2,1,2,Hibernating
C12923,128,4,14615.5,2,4,5,At Risk
C12924,3,2,7881.199999999999,5,2,3,Potential Loyalists
C12925,8,5,9196.25,5,5,3,Loyal Customers
C12926,280,1,3213.6,1,1,1,Hibernating
C12927,64,2,3895.5,3,2,1,Hibernating
C12928,16,5,11506.0,5,5,4,Champions
C12929,33,3,5388.150000000001,4,3,2,Loyal Customers
C12930,103,2,4749.5,2,2,2,Hibernating
C12931,278,1,3537.6,1,1,1,Hibernating
C12932,9,2,5459.4,5,2,2,Potential Loyalists
C12933,91,5,7086.450000000001,3,5,3,Loyal Customers
C12934,232,2,7341.85,1,2,3,Hibernating
C12935,127,1,2983.4,2,1,1,Hibernating
C12936,63,4,9318.1,3,4,3,Loyal Customers
C12937,95,3,11511.6,2,3,4,At Risk
C12938,113,2,1938.3,2,2,1,Hibernating
C12939,71,4,8131.0,3,4,3,Loyal Customers
C12940,116,3,5614.8,2,3,2,At Risk
C12941,221,3,7098.5,1,3,3,At Risk
C12942,206,5,10363.65,1,5,4,At Risk
C12943,130,2,8372.0,2,2,3,Hibernating
C12944,191,3,14057.7,1,3,4,At Risk
C12945,29,4,6299.25,4,4,2,Loyal Customers
C12946,19,3,6195.9,5,3,2,Loyal Customers
C12947,90,5,14033.699999999999,3,5,4,Loyal Customers
C12948,9,5,9963.8,5,5,4,Champions
C12949,39,5,15612.149999999998,4,5,5,Champions
C12950,13,5,9042.7,5,5,3,Loyal Customers
C12951,15,5,14367.55,5,5,5,Champions
C12952,1,4,10523.95,5,4,4,Champions
C12953,46,4,20657.45,4,4,5,Champions
C12954,46,3,10237.95,4,3,4,Loyal Customers
C12955,105,5,12858.3,2,5,4,At Risk
C12956,59,3,21711.8,3,3,5,Loyal Customers
C12957,75,5,10561.15,3,5,4,Loyal Customers
C12958,6,5,12952.45,5,5,4,Champions
C12959,132,2,12588.5,2,2,4,Hibernating
C12960,157,4,11743.2,2,4,4,At Risk
C12961,7,2,3353.5,5,2,1,Potential Loyalists
C12962,204,2,4642.9,1,2,2,Hibernating
C12963,8,4,6738.299999999999,5,4,2,Loyal Customers
C12964,20,7,24286.1,5,5,5,Champions
C12965,70,5,19083.5,3,5,5,Loyal Customers
C12966,27,4,7984.599999999999,4,4,3,Loyal Customers
C12967,253,2,5004.0,1,2,2,Hibernating
C12968,219,2,2413.3,1,2,1,Hibernating
C12970,251,2,1649.75,1,2,1,Hibernating
C12971,45,4,8324.1,4,4,3,Loyal Customers
C12972,131,4,16905.1,2,4,5,At Risk
C12973,31,2,6049.55,4,2,2,Potential Loyalists
C12974,112,5,16736.5,2,5,5,At Risk
C12975,77,3,5892.05,3,3,2,Loyal Customers
C12976,134,3,6786.2,2,3,3,At Risk
C12977,6,2,5669.1,5,2,2,Potential Loyalists
C12978,19,3,9925.6,5,3,4,Loyal Customers
C12979,139,2,6368.35,2,2,2,Hibernating
C12981,14,4,6439.35,5,4,2,Loyal Customers
C12982,61,4,13673.25,3,4,4,Loyal Customers
C12983,44,4,9839.7,4,4,3,Loyal Customers
C12984,71,3,9349.1,3,3,3,Loyal Customers
C12985,74,3,7064.6,3,3,3,Loyal Customers
C12986,54,3,10689.8,3,3,4,Loyal Customers
C12987,123,3,6354.5,2,3,2,At Risk
C12988,109,2,10257.699999999999,2,2,4,Hibernating
C12989,1,2,3708.2999999999997,5,2,1,Potential Loyalists
C12990,107,5,8614.3,2,5,3,At Risk
C12991,312,1,746.85,1,1,1,Hibernating
C12992,64,3,5255.0,3,3,2,Loyal Customers
C12993,144,5,10628.6,2,5,4,At Risk
C12994,143,4,12704.7,2,4,4,At Risk
C12995,339,1,1432.25,1,1,1,Hibernating
C12996,1,4,4889.7,5,4,2,Loyal Customers
C12997,190,1,3412.5,1,1,1,Hibernating
C12998,242,1,2670.3,1,1,1,Hibernating
C12999,6,1,1801.8,5,1,1,Potential Loyalists
C13000,70,3,9926.5,3,3,4,Loyal Customers
C13001,132,4,12096.7,2,4,4,At Risk
C13002,26,2,9106.0,4,2,3,Potential Loyalists
C13003,11,4,6329.55,5,4,2,Loyal Customers
C13004,217,3,3871.35,1,3,1,At Risk
C13005,144,5,18325.95,2,5,5,At Risk
C13006,29,3,16697.85,4,3,5,Loyal Customers
C13007,61,4,12056.25,3,4,4,Loyal Customers
C13008,7,5,26425.4,5,5,5,Champions
C13009,97,2,7247.6,2,2,3,Hibernating
C13010,53,5,7743.2,4,5,3,Loyal Customers
C13011,116,1,1285.7,2,1,1,Hibernating
C13012,77,2,11931.2,3,2,4,Hibernating
C13013,111,5,20658.45,2,5,5,At Risk
C13014,57,6,9626.95,3,5,3,Loyal Customers
C13015,109,3,9480.3,2,3,3,At Risk
C13017,169,2,5221.35,1,2,2,Hibernating
C13018,82,5,6113.25,3,5,2,Loyal Customers
C13019,12,5,15982.6,5,5,5,Champions
C13020,127,6,11859.449999999999,2,5,4,At Risk
C13021,3,7,21393.8,5,5,5,Champions
C13022,31,3,10395.1,4,3,4,Loyal Customers
C13023,28,4,15658.2,4,4,5,Champions
C13024,16,5,12843.5,5,5,4,Champions
C13025,14,4,7357.85,5,4,3,Loyal Customers
C13026,220,1,4047.0,1,1,2,Hibernating
C13027,181,2,10747.3,1,2,4,Hibernating
C13028,33,9,25309.15,4,5,5,Champions
C13029,129,1,1828.2,2,1,1,Hibernating
C13030,32,2,6970.4,4,2,3,Potential Loyalists
C13031,33,3,7545.6,4,3,3,Loyal Customers
C13032,296,2,2694.6000000000004,1,2,1,Hibernating
C13033,48,7,17904.25,4,5,5,Champions
C13034,76,4,15392.7,3,4,5,Loyal Customers
C13035,76,3,6430.5,3,3,2,Loyal Customers
C13036,54,6,13445.8,3,5,4,Loyal Customers
C13037,40,5,10486.5,4,5,4,Champions
C13038,313,1,1312.8,1,1,1,Hibernating
C13039,31,4,11296.35,4,4,4,Champions
C13040,91,2,5080.5,3,2,2,Hibernating
C13041,52,7,9155.4,4,5,3,Loyal Customers
C13042,33,2,5223.15,4,2,2,Potential Loyalists
C13043,181,1,6878.2,1,1,3,Hibernating
C13045,109,2,6212.6,2,2,2,Hibernating
C13046,65,2,5588.45,3,2,2,Hibernating
C13047,106,2,5040.15,2,2,2,Hibernating
C13048,197,3,10930.85,1,3,4,At Risk
C13049,20,3,8332.55,5,3,3,Loyal Customers
C13050,34,1,6105.0,4,1,2,Potential Loyalists
C13051,55,3,3381.5,3,3,1,Loyal Customers
C13052,213,1,854.0,1,1,1,Hibernating
C13053,33,2,4622.7,4,2,2,Potential Loyalists
C13054,93,4,14203.2,3,4,4,Loyal Customers
C13055,116,2,2097.2,2,2,1,Hibernating
C13056,50,3,4650.9,4,3,2,Loyal Customers
C13057,15,1,6040.0,5,1,2,Potential Loyalists
C13058,63,5,5744.25,3,5,2,Loyal Customers
C13059,201,7,31281.45,1,5,5,At Risk
C13060,51,6,7224.0,4,5,3,Loyal Customers
C13061,113,1,1112.0,2,1,1,Hibernating
C13062,14,4,12196.1,5,4,4,Champions
C13063,8,5,20317.3,5,5,5,Champions
C13064,172,5,10741.5,1,5,4,At Risk
C13065,37,4,7881.95,4,4,3,Loyal Customers
C13066,21,4,15416.599999999999,5,4,5,Champions
C13067,20,4,8820.85,5,4,3,Loyal Customers
C13068,5,3,6918.1,5,3,3,Loyal Customers
C13069,33,6,21572.65,4,5,5,Champions
C13070,116,3,7131.75,2,3,3,At Risk
C13071,75,4,10733.5,3,4,4,Loyal Customers
C13072,22,3,7217.9,5,3,3,Loyal Customers
C13073,4,6,23015.05,5,5,5,Champions
C13074,57,4,5897.8,3,4,2,Loyal Customers
C13075,10,5,9737.9,5,5,3,Loyal Customers
C13076,116,3,11730.8,2,3,4,At Risk
C13078,24,2,3613.65,4,2,1,Potential Loyalists
C13079,23,3,10245.5,5,3,4,Loyal Customers
C13080,114,4,15213.3,2,4,5,At Risk
C13082,110,3,7985.0,2,3,3,At Risk
C13083,103,2,9561.0,2,2,3,Hibernating
C13084,81,2,1270.5,3,2,1,Hibernating
C13085,184,6,15130.6,1,5,5,At Risk
C13086,119,2,3442.7,2,2,1,Hibernating
C13087,40,3,9334.1,4,3,3,Loyal Customers
C13088,97,3,19515.3,2,3,5,At Risk
C13089,28,6,20871.050000000003,4,5,5,Champions
C13090,216,1,3371.25,1,1,1,Hibernating
C13091,56,3,7623.8,3,3,3,Loyal Customers
C13092,155,4,9127.05,2,4,3,At Risk
C13093,97,2,15188.1,2,2,5,Hibernating
C13094,138,5,8798.65,2,5,3,At Risk
C13095,57,3,12225.2,3,3,4,Loyal Customers
C13096,32,5,20602.5,4,5,5,Champions
C13097,82,2,10128.2,3,2,4,Hibernating
C13098,163,2,2145.05,1,2,1,Hibernating
C13099,24,8,23771.35,4,5,5,Champions
C13100,5,5,14957.1,5,5,5,Champions
C13101,291,1,6952.5,1,1,3,Hibernating
C13102,358,1,5934.0,1,1,2,Hibernating
C13103,11,5,14073.95,5,5,4,Champions
C13105,95,5,10458.85,2,5,4,At Risk
C13106,253,3,5475.3,1,3,2,At Risk
C13107,147,4,10326.65,2,4,4,At Risk
C13108,209,1,2902.5,1,1,1,Hibernating
C13109,9,4,14309.8,5,4,5,Champions
C13110,31,5,9796.1,4,5,3,Loyal Customers
C13111,52,1,2073.5,4,1,1,Potential Loyalists
C13112,113,2,4746.6,2,2,2,Hibernating
C13113,34,3,7073.6,4,3,3,Loyal Customers
C13114,320,1,2317.2,1,1,1,Hibernating
C13115,70,3,11287.4,3,3,4,Loyal Customers
C13116,166,5,19117.4,1,5,5,At Risk
C13117,145,3,14934.15,2,3,5,At Risk
C13118,132,4,16759.75,2,4,5,At Risk
C13119,29,4,10912.55,4,4,4,Champions
C13120,148,2,5541.950000000001,2,2,2,Hibernating
C13121,137,2,2970.75,2,2,1,Hibernating
C13122,127,3,6015.65,2,3,2,At Risk
C13123,25,5,10294.85,4,5,4,Champions
C13124,73,4,8243.1,3,4,3,Loyal Customers
C13125,71,3,4804.2,3,3,2,Loyal Customers
C13126,62,6,17368.9,3,5,5,Loyal Customers
C13127,5,6,11731.0,5,5,4,Champions
C13128,108,2,2769.6,2,2,1,Hibernating
C13129,57,3,21117.6,3,3,5,Loyal Customers
C13130,248,2,3519.0,1,2,1,Hibernating
C13131,310,3,5083.9,1,3,2,At Risk
C13132,17,3,6478.65,5,3,2,Loyal Customers
C13133,76,3,9943.75,3,3,4,Loyal Customers
C13134,97,7,15039.300000000001,2,5,5,At Risk
C13135,66,4,16482.649999999998,3,4,5,Loyal Customers
C13136,157,2,3078.5,2,2,1,Hibernating
C13137,13,3,11224.05,5,3,4,Loyal Customers
C13138,158,3,7775.1,2,3,3,At Risk
C13139,99,2,3003.8,2,2,1,Hibernating
C13140,75,4,8787.5,3,4,3,Loyal Customers
C13141,20,5,13228.6,5,5,4,Champions
C13142,3,3,9624.2,5,3,3,Loyal Customers
C13143,45,3,8135.9,4,3,3,Loyal Customers
C13144,21,5,18829.0,5,5,5,Champions
C13145,14,5,14092.9,5,5,4,Champions
C13146,115,4,8805.5,2,4,3,At Risk
C13148,104,1,403.0,2,1,1,Hibernating
C13150,170,6,12993.85,1,5,4,At Risk
C13151,137,2,4101.2,2,2,2,Hibernating
C13152,51,2,4198.6,4,2,2,Potential Loyalists
C13153,6,3,4829.25,5,3,2,Loyal Customers
C13154,303,3,7106.25,1,3,3,At Risk
C13155,105,2,5782.9,2,2,2,Hibernating
C13156,18,2,5463.299999999999,5,2,2,Potential Loyalists
C13157,226,1,1929.0,1,1,1,Hibernating
C13158,101,1,2353.6,2,1,1,Hibernating
C13159,33,4,16661.949999999997,4,4,5,Champions
C13160,6,7,25105.7,5,5,5,Champions
C13161,39,4,9524.8,4,4,3,Loyal Customers
C13162,19,6,13445.25,5,5,4,Champions
C13163,139,3,5596.7,2,3,2,At Risk
C13164,268,1,326.3,1,1,1,Hibernating
C13165,128,4,8392.75,2,4,3,At Risk
C13166,175,4,11578.15,1,4,4,At Risk
C13167,73,2,1982.3,3,2,1,Hibernating
C13168,181,3,16042.0,1,3,5,At Risk
C13169,17,4,15440.900000000001,5,4,5,Champions
C13170,62,7,10351.75,3,5,4,Loyal Customers
C13171,9,4,9805.7,5,4,3,Loyal Customers
C13172,17,4,33248.0,5,4,5,Champions
C13173,135,1,3075.0,2,1,1,Hibernating
C13175,20,2,1173.6,5,2,1,Potential Loyalists
C13176,49,6,26456.300000000003,4,5,5,Champions
C13177,79,5,14218.0,3,5,4,Loyal Customers
C13178,27,3,4989.75,4,3,2,Loyal Customers
C13179,153,4,11173.6,2,4,4,At Risk
C13180,2,3,6940.950000000001,5,3,3,Loyal Customers
C13181,8,4,13705.2,5,4,4,Champions
C13182,135,4,12152.25,2,4,4,At Risk
C13184,40,7,19569.3,4,5,5,Champions
C13185,26,8,15161.85,4,5,5,Champions
C13186,4,6,9250.8,5,5,3,Loyal Customers
C13187,2,6,10817.25,5,5,4,Champions
C13188,102,4,8905.7,2,4,3,At Risk
C13189,98,10,26233.45,2,5,5,At Risk
C13190,63,3,8745.05,3,3,3,Loyal Customers
C13191,181,2,3530.4,1,2,1,Hibernating
C13192,10,7,9326.15,5,5,3,Loyal Customers
C13193,79,5,13628.8,3,5,4,Loyal Customers
C13194,200,2,2872.45,1,2,1,Hibernating
C13195,221,4,5900.950000000001,1,4,2,At Risk
C13196,305,2,7593.849999999999,1,2,3,Hibernating
C13197,134,5,12974.25,2,5,4,At Risk
C13198,95,7,20060.3,2,5,5,At Risk
C13199,19,4,12512.85,5,4,4,Champions
C13200,135,3,7087.95,2,3,3,At Risk
C13201,155,3,10826.4,2,3,4,At Risk
C13202,47,3,6040.799999999999,4,3,2,Loyal Customers
C13203,89,5,13699.35,3,5,4,Loyal Customers
C13204,47,3,10736.95,4,3,4,Loyal Customers
C13205,138,1,4859.4,2,1,2,Hibernating
C13206,28,5,8153.5,4,5,3,Loyal Customers
C13207,50,7,14609.3,4,5,5,Champions
C13208,66,4,11308.85,3,4,4,Loyal Customers
C13209,74,6,10886.45,3,5,4,Loyal Customers
C13210,162,2,3789.5,1,2,1,Hibernating
C13211,73,3,4588.05,3,3,2,Loyal Customers
C13212,24,4,7445.65,4,4,3,Loyal Customers
C13213,87,4,18664.55,3,4,5,Loyal Customers
C13214,63,3,12392.9,3,3,4,Loyal Customers
C13215,70,5,12022.4,3,5,4,Loyal Customers
C13216,141,4,5247.35,2,4,2,At Risk
C13217,73,1,3115.2,3,1,1,Hibernating
C13218,168,2,7638.049999999999,1,2,3,Hibernating
C13219,40,3,3207.3500000000004,4,3,1,Loyal Customers
C13220,37,2,9556.7,4,2,3,Potential Loyalists
C13221,242,3,8370.65,1,3,3,At Risk
C13222,172,1,11784.0,1,1,4,Hibernating
C13223,249,2,7285.9,1,2,3,Hibernating
C13224,11,4,15290.699999999999,5,4,5,Champions
C13225,3,3,10468.2,5,3,4,Loyal Customers
C13226,52,3,6966.7,4,3,3,Loyal Customers
C13227,113,5,10684.95,2,5,4,At Risk
C13228,4,4,10384.4,5,4,4,Champions
C13229,54,4,10998.05,3,4,4,Loyal Customers
C13230,2,4,4749.7,5,4,2,Loyal Customers
C13231,113,3,7418.55,2,3,3,At Risk
C13232,145,2,6173.0,2,2,2,Hibernating
C13233,47,3,9145.2,4,3,3,Loyal Customers
C13234,83,6,14619.550000000001,3,5,5,Loyal Customers
C13235,346,1,5019.0,1,1,2,Hibernating
C13236,34,1,2152.0,4,1,1,Potential Loyalists
C13238,7,3,8138.65,5,3,3,Loyal Customers
C13239,23,6,13262.05,5,5,4,Champions
C13240,23,4,6575.9,5,4,2,Loyal Customers
C13241,24,1,3036.6,4,1,1,Potential Loyalists
C13242,139,4,14357.699999999999,2,4,5,At Risk
C13243,106,4,6796.0,2,4,3,At Risk
C13245,181,3,7143.1,1,3,3,At Risk
C13247,13,5,14781.25,5,5,5,Champions
C13248,15,3,7880.450000000001,5,3,3,Loyal Customers
C13249,136,1,2642.65,2,1,1,Hibernating
C13250,32,3,10122.3,4,3,4,Loyal Customers
C13251,194,2,2903.6000000000004,1,2,1,Hibernating
C13252,76,5,11198.25,3,5,4,Loyal Customers
C13253,11,5,22916.8,5,5,5,Champions
C13255,31,9,30975.45,4,5,5,Champions
C13256,92,6,15157.7,3,5,5,Loyal Customers
C13257,2,2,7374.2,5,2,3,Potential Loyalists
C13258,40,4,3933.5,4,4,1,Loyal Customers
C13259,46,3,12286.599999999999,4,3,4,Loyal Customers
C13260,164,1,3067.0,1,1,1,Hibernating
C13261,146,2,4122.6,2,2,2,Hibernating
C13262,49,4,6518.65,4,4,2,Loyal Customers
C13263,13,4,16201.95,5,4,5,Champions
C13264,199,4,21989.4,1,4,5,At Risk
C13265,240,2,3430.3999999999996,1,2,1,Hibernating
C13266,172,2,8079.900000000001,1,2,3,Hibernating
C13267,3,3,3646.6,5,3,1,Loyal Customers
C13268,60,3,8662.0,3,3,3,Loyal Customers
C13269,246,4,24062.9,1,4,5,At Risk
C13270,64,6,20581.15,3,5,5,Loyal Customers
C13271,75,1,10839.2,3,1,4,Hibernating
C13272,125,4,8657.8,2,4,3,At Risk
C13273,124,4,13439.35,2,4,4,At Risk
C13274,53,2,3626.2,4,2,1,Potential Loyalists
C13275,122,5,15853.949999999999,2,5,5,At Risk
C13276,361,1,1337.05,1,1,1,Hibernating
C13277,7,3,8566.05,5,3,3,Loyal Customers
C13278,167,4,14797.7,1,4,5,At Risk
C13279,34,4,13318.9,4,4,4,Champions
C13280,93,2,5046.85,3,2,2,Hibernating
C13281,12,3,14818.900000000001,5,3,5,Loyal Customers
C13282,136,2,2466.0,2,2,1,Hibernating
C13283,1,2,10057.1,5,2,4,Potential Loyalists
C13284,10,4,6389.35,5,4,2,Loyal Customers
C13285,6,5,6907.85,5,5,3,Loyal Customers
C13286,7,5,23170.05,5,5,5,Champions
C13287,42,5,22480.200000000004,4,5,5,Champions
C13288,22,7,23313.75,5,5,5,Champions
C13289,57,4,12569.6,3,4,4,Loyal Customers
C13290,22,6,16681.2,5,5,5,Champions
C13291,83,3,6147.4,3,3,2,Loyal Customers
C13292,249,2,10646.25,1,2,4,Hibernating
C13293,269,1,1285.0,1,1,1,Hibernating
C13294,12,4,8545.35,5,4,3,Loyal Customers
C13295,28,5,16576.3,4,5,5,Champions
C13296,58,1,951.6,3,1,1,Hibernating
C13297,48,3,4937.3,4,3,2,Loyal Customers
C13298,6,6,12212.5,5,5,4,Champions
C13299,19,3,5473.8,5,3,2,Loyal Customers
C13300,40,6,10563.7,4,5,4,Champions
C13301,35,3,6801.0,4,3,3,Loyal Customers
C13302,129,2,5695.25,2,2,2,Hibernating
C13303,98,5,15464.85,2,5,5,At Risk
C13304,80,3,14882.2,3,3,5,Loyal Customers
C13305,210,3,3601.4,1,3,1,At Risk
C13306,11,5,13081.550000000001,5,5,4,Champions
C13307,106,3,3931.5,2,3,1,At Risk
C13308,208,1,9134.400000000001,1,1,3,Hibernating
C13309,164,2,3335.2000000000003,1,2,1,Hibernating
C13310,204,3,27852.8,1,3,5,At Risk
C13311,107,5,7754.700000000001,2,5,3,At Risk
C13312,208,1,1103.25,1,1,1,Hibernating
C13313,71,4,7042.15,3,4,3,Loyal Customers
C13314,222,2,1009.75,1,2,1,Hibernating
C13315,108,6,27115.5,2,5,5,At Risk
C13316,13,5,15313.8,5,5,5,Champions
C13317,72,4,8476.95,3,4,3,Loyal Customers
C13319,53,7,14940.95,4,5,5,Champions
C13320,85,4,8529.85,3,4,3,Loyal Customers
C13321,15,5,8924.45,5,5,3,Loyal Customers
C13322,41,4,11737.9,4,4,4,Champions
C13323,6,4,11705.25,5,4,4,Champions
C13324,208,2,17785.4,1,2,5,Hibernating
C13325,96,1,4056.2,2,1,2,Hibernating
C13326,10,6,19068.85,5,5,5,Champions
C13327,335,1,508.5,1,1,1,Hibernating
C13328,87,5,12522.7,3,5,4,Loyal Customers
C13329,106,3,2233.8,2,3,1,At Risk
C13330,7,3,3200.45,5,3,1,Loyal Customers
C13331,99,5,18704.45,2,5,5,At Risk
C13332,83,4,10668.8,3,4,4,Loyal Customers
C13333,19,5,10731.0,5,5,4,Champions
C13334,90,4,15370.5,3,4,5,Loyal Customers
C13335,92,5,14864.95,3,5,5,Loyal Customers
C13336,42,7,15776.1,4,5,5,Champions
C13337,150,1,1411.9,2,1,1,Hibernating
C13338,91,1,939.2,3,1,1,Hibernating
C13339,252,3,6735.5,1,3,2,At Risk
C13340,72,3,11984.7,3,3,4,Loyal Customers
C13341,72,2,5049.9,3,2,2,Hibernating
C13342,353,2,2620.8,1,2,1,Hibernating
C13343,54,6,10897.95,3,5,4,Loyal Customers
C13344,263,1,2401.2,1,1,1,Hibernating
C13345,165,2,7018.1,1,2,3,Hibernating
C13346,221,3,4857.7,1,3,2,At Risk
C13347,22,2,2562.0,5,2,1,Potential Loyalists
C13348,74,2,14125.8,3,2,4,Hibernating
C13349,11,6,15223.6,5,5,5,Champions
C13350,146,1,4250.3,2,1,2,Hibernating
C13351,70,4,15984.35,3,4,5,Loyal Customers
C13352,192,1,1305.0,1,1,1,Hibernating
C13353,187,3,12421.0,1,3,4,At Risk
C13354,49,3,2959.5,4,3,1,Loyal Customers
C13355,239,1,1750.8,1,1,1,Hibernating
C13356,140,4,10319.0,2,4,4,At Risk
C13357,65,5,20931.25,3,5,5,Loyal Customers
C13358,21,6,14849.75,5,5,5,Champions
C13359,30,4,4128.55,4,4,2,Loyal Customers
C13360,303,2,3023.7,1,2,1,Hibernating
C13361,17,3,16396.9,5,3,5,Loyal Customers
C13362,79,5,12368.8,3,5,4,Loyal Customers
C13363,17,1,3965.4,5,1,1,Potential Loyalists
C13364,78,3,6719.0,3,3,2,Loyal Customers
C13365,72,1,1177.2,3,1,1,Hibernating
C13366,12,1,2718.75,5,1,1,Potential Loyalists
C13367,38,3,6691.3,4,3,2,Loyal Customers
C13368,34,6,21254.4,4,5,5,Champions
C13369,76,4,9713.75,3,4,3,Loyal Customers
C13370,27,5,12311.800000000001,4,5,4,Champions
C13371,25,1,1665.3,4,1,1,Potential Loyalists
C13372,18,2,4639.4,5,2,2,Potential Loyalists
C13373,32,5,22686.6,4,5,5,Champions
C13374,58,2,3960.3999999999996,3,2,1,Hibernating
C13375,25,3,6253.5,4,3,2,Loyal Customers
C13376,99,4,17146.35,2,4,5,At Risk
C13377,132,5,12488.15,2,5,4,At Risk
C13378,145,6,13579.5,2,5,4,At Risk
C13379,30,7,16361.55,4,5,5,Champions
C13380,153,3,10851.6,2,3,4,At Risk
C13381,207,1,2765.0,1,1,1,Hibernating
C13382,146,2,3687.0,2,2,1,Hibernating
C13383,101,3,5634.7,2,3,2,At Risk
C13384,83,3,1705.1,3,3,1,Loyal Customers
C13385,330,2,4045.6000000000004,1,2,2,Hibernating
C13386,85,5,18033.7,3,5,5,Loyal Customers
C13387,79,7,12658.3,3,5,4,Loyal Customers
C13388,35,3,7726.6,4,3,3,Loyal Customers
C13389,80,3,7239.6,3,3,3,Loyal Customers
C13390,60,5,7285.3,3,5,3,Loyal Customers
C13391,103,2,4044.4,2,2,2,Hibernating
C13392,281,2,21648.8,1,2,5,Hibernating
C13393,304,1,3389.0,1,1,1,Hibernating
C13394,133,2,6437.2,2,2,2,Hibernating
C13395,221,4,10316.5,1,4,4,At Risk
C13396,44,6,24339.3,4,5,5,Champions
C13397,66,5,14383.15,3,5,5,Loyal Customers
C13398,66,3,10497.95,3,3,4,Loyal Customers
C13399,13,4,10723.4,5,4,4,Champions
C13400,125,2,5976.4,2,2,2,Hibernating
C13401,62,3,3777.75,3,3,1,Loyal Customers
C13402,141,3,9622.1,2,3,3,At Risk
C13403,90,6,13784.5,3,5,4,Loyal Customers
C13404,137,2,12659.449999999999,2,2,4,Hibernating
C13405,75,2,8940.6,3,2,3,Hibernating
C13406,295,2,1938.1999999999998,1,2,1,Hibernating
C13407,130,4,9557.75,2,4,3,At Risk
C13408,298,1,1958.45,1,1,1,Hibernating
C13409,106,2,4428.8,2,2,2,Hibernating
C13410,3,2,3718.4,5,2,1,Potential Loyalists
C13411,242,1,7104.299999999999,1,1,3,Hibernating
C13412,162,2,3953.9,1,2,1,Hibernating
C13413,139,2,5202.2,2,2,2,Hibernating
C13414,35,5,7464.5,4,5,3,Loyal Customers
C13415,55,4,15264.5,3,4,5,Loyal Customers
C13416,40,4,7931.2,4,4,3,Loyal Customers
C13417,41,5,12054.5,4,5,4,Champions
C13418,2,6,12249.25,5,5,4,Champions
C13419,180,4,14656.4,1,4,5,At Risk
C13420,134,2,1407.15,2,2,1,Hibernating
C13421,166,3,2575.0,1,3,1,At Risk
C13422,130,3,7496.2,2,3,3,At Risk
C13423,54,3,5662.65,3,3,2,Loyal Customers
C13424,69,4,10650.2,3,4,4,Loyal Customers
C13425,321,1,2541.5,1,1,1,Hibernating
C13426,2,3,6463.7,5,3,2,Loyal Customers
C13427,305,2,1264.8,1,2,1,Hibernating
C13428,1,2,3146.1,5,2,1,Potential Loyalists
C13429,26,3,4867.65,4,3,2,Loyal Customers
C13430,18,6,11538.0,5,5,4,Champions
C13431,282,1,2017.0,1,1,1,Hibernating
C13432,113,4,7545.8,2,4,3,At Risk
C13433,42,4,12168.6,4,4,4,Champions
C13434,78,4,15231.85,3,4,5,Loyal Customers
C13435,163,7,12809.25,1,5,4,At Risk
C13436,23,5,5825.700000000001,5,5,2,Loyal Customers
C13437,84,2,4705.4,3,2,2,Hibernating
C13438,162,1,3222.0,1,1,1,Hibernating
C13439,25,5,7837.400000000001,4,5,3,Loyal Customers
C13440,25,5,22482.4,4,5,5,Champions
C13441,262,1,3084.9,1,1,1,Hibernating
C13442,155,2,8874.0,2,2,3,Hibernating
C13443,15,3,2643.75,5,3,1,Loyal Customers
C13444,99,4,10118.5,2,4,4,At Risk
C13445,62,4,12313.050000000001,3,4,4,Loyal Customers
C13446,161,3,8394.3,1,3,3,At Risk
C13448,81,2,1638.9,3,2,1,Hibernating
C13449,19,6,19543.0,5,5,5,Champions
C13450,80,3,6932.849999999999,3,3,3,Loyal Customers
C13451,14,4,7881.6,5,4,3,Loyal Customers
C13452,106,3,9130.05,2,3,3,At Risk
C13453,124,6,15744.05,2,5,5,At Risk
C13454,110,4,7638.35,2,4,3,At Risk
C13455,103,3,9674.55,2,3,3,At Risk
C13456,22,4,16973.2,5,4,5,Champions
C13458,272,1,6092.8,1,1,2,Hibernating
C13459,166,2,7648.0,1,2,3,Hibernating
C13460,5,5,7169.05,5,5,3,Loyal Customers
C13461,124,5,13922.15,2,5,4,At Risk
C13462,108,2,4717.6,2,2,2,Hibernating
C13464,34,3,7003.2,4,3,3,Loyal Customers
C13465,11,5,11957.75,5,5,4,Champions
C13466,59,4,7790.85,3,4,3,Loyal Customers
C13467,24,2,5053.200000000001,4,2,2,Potential Loyalists
C13468,206,1,2294.0,1,1,1,Hibernating
C13469,198,3,9650.8,1,3,3,At Risk
C13470,76,3,6942.65,3,3,3,Loyal Customers
C13471,149,3,9390.8,2,3,3,At Risk
C13472,69,4,5003.5,3,4,2,Loyal Customers
C13473,117,5,8897.0,2,5,3,At Risk
C13474,48,5,14109.1,4,5,4,Champions
C13475,106,1,2362.5,2,1,1,Hibernating
C13476,43,5,12608.2,4,5,4,Champions
C13477,36,3,4218.2,4,3,2,Loyal Customers
C13478,50,4,6740.7,4,4,2,Loyal Customers
C13479,34,5,13246.7,4,5,4,Champions
C13481,258,2,6170.1,1,2,2,Hibernating
C13482,40,2,2459.25,4,2,1,Potential Loyalists
C13483,42,3,10015.1,4,3,4,Loyal Customers
C13484,34,5,13933.85,4,5,4,Champions
C13485,195,3,5783.95,1,3,2,At Risk
C13486,185,3,4725.15,1,3,2,At Risk
C13487,259,1,1480.0,1,1,1,Hibernating
C13488,17,3,19493.8,5,3,5,Loyal Customers
C13489,339,1,3892.0,1,1,1,Hibernating
C13491,20,2,1147.5,5,2,1,Potential Loyalists
C13492,27,3,5974.950000000001,4,3,2,Loyal Customers
C13493,249,3,6235.700000000001,1,3,2,At Risk
C13494,148,4,9052.9,2,4,3,At Risk
C13495,60,3,3511.2999999999997,3,3,1,Loyal Customers
C13496,11,3,11386.2,5,3,4,Loyal Customers
C13497,283,2,3363.05,1,2,1,Hibernating
C13498,88,4,8399.150000000001,3,4,3,Loyal Customers
C13499,107,1,6438.9,2,1,2,Hibernating
C13500,272,2,6356.85,1,2,2,Hibernating
C13501,264,2,3974.0,1,2,1,Hibernating
C13502,304,2,4789.25,1,2,2,Hibernating
C13503,9,5,16836.3,5,5,5,Champions
C13504,32,4,4838.9,4,4,2,Loyal Customers
C13505,57,4,12345.2,3,4,4,Loyal Customers
C13506,53,3,11594.3,4,3,4,Loyal Customers
C13507,90,6,11100.25,3,5,4,Loyal Customers
C13508,320,3,18939.45,1,3,5,At Risk
C13509,42,1,3192.0,4,1,1,Potential Loyalists
C13510,36,5,10835.55,4,5,4,Champions
C13511,6,3,9423.5,5,3,3,Loyal Customers
C13512,31,4,12592.0,4,4,4,Champions
C13513,146,2,4226.75,2,2,2,Hibernating
C13514,10,2,2864.0,5,2,1,Potential Loyalists
C13515,166,3,6442.95,1,3,2,At Risk
C13516,74,3,9560.15,3,3,3,Loyal Customers
C13517,119,4,8036.55,2,4,3,At Risk
C13518,251,2,6216.6,1,2,2,Hibernating
C13519,61,3,6446.8,3,3,2,Loyal Customers
C13520,26,2,3799.1,4,2,1,Potential Loyalists
C13521,65,4,7522.7,3,4,3,Loyal Customers
C13522,171,3,15502.300000000001,1,3,5,At Risk
C13523,48,6,12437.5,4,5,4,Champions
C13524,11,5,9255.1,5,5,3,Loyal Customers
C13525,71,5,10403.05,3,5,4,Loyal Customers
C13526,6,6,13126.95,5,5,4,Champions
C13527,54,3,8728.5,3,3,3,Loyal Customers
C13528,185,2,8115.0,1,2,3,Hibernating
C13529,151,3,9779.55,2,3,3,At Risk
C13530,35,5,9775.9,4,5,3,Loyal Customers
C13531,5,2,1686.6,5,2,1,Potential Loyalists
C13532,88,3,12592.2,3,3,4,Loyal Customers
C13533,202,1,699.0,1,1,1,Hibernating
C13534,58,4,3158.2,3,4,1,Loyal Customers
C13535,13,3,9199.45,5,3,3,Loyal Customers
C13536,84,4,8059.8,3,4,3,Loyal Customers
C13537,140,5,7526.599999999999,2,5,3,At Risk
C13538,35,2,4988.2,4,2,2,Potential Loyalists
C13539,97,3,16441.649999999998,2,3,5,At Risk
C13540,33,8,41825.8,4,5,5,Champions
C13541,114,2,1355.6,2,2,1,Hibernating
C13542,33,4,7647.6,4,4,3,Loyal Customers
C13543,125,3,6849.4,2,3,3,At Risk
C13544,180,1,11804.7,1,1,4,Hibernating
C13545,30,6,13506.7,4,5,4,Champions
C13546,69,3,6122.75,3,3,2,Loyal Customers
C13547,116,2,3314.3,2,2,1,Hibernating
C13548,160,2,2396.0,2,2,1,Hibernating
C13549,246,1,4174.4,1,1,2,Hibernating
C13550,5,5,12562.55,5,5,4,Champions
C13551,47,4,7477.7,4,4,3,Loyal Customers
C13552,19,2,5072.4,5,2,2,Potential Loyalists
C13553,39,3,5054.5,4,3,2,Loyal Customers
C13554,7,2,6423.2,5,2,2,Potential Loyalists
C13555,60,4,10289.45,3,4,4,Loyal Customers
C13556,19,1,3479.05,5,1,1,Potential Loyalists
C13557,82,3,3472.8,3,3,1,Loyal Customers
C13558,73,3,4666.5,3,3,2,Loyal Customers
C13559,6,5,8868.4,5,5,3,Loyal Customers
C13560,20,3,10208.1,5,3,4,Loyal Customers
C13561,87,5,12945.55,3,5,4,Loyal Customers
C13562,93,2,4187.5,3,2,2,Hibernating
C13563,90,8,16066.1,3,5,5,Loyal Customers
C13564,1,2,4024.4,5,2,2,Potential Loyalists
C13565,11,4,7036.7,5,4,3,Loyal Customers
C13566,277,2,4032.3,1,2,2,Hibernating
C13567,185,2,7193.8,1,2,3,Hibernating
C13568,5,2,2057.8,5,2,1,Potential Loyalists
C13569,49,3,10155.75,4,3,4,Loyal Customers
C13570,43,5,10634.9,4,5,4,Champions
C13571,35,6,25430.2,4,5,5,Champions
C13573,137,3,10775.4,2,3,4,At Risk
C13574,12,5,10926.3,5,5,4,Champions
C13575,295,1,2340.0,1,1,1,Hibernating
C13576,18,2,10514.8,5,2,4,Potential Loyalists
C13577,123,3,5104.6,2,3,2,At Risk
C13578,69,1,3207.9,3,1,1,Hibernating
C13580,129,6,20514.3,2,5,5,At Risk
C13581,14,2,3348.35,5,2,1,Potential Loyalists
C13582,53,2,7470.4,4,2,3,Potential Loyalists
C13583,45,3,7269.6,4,3,3,Loyal Customers
C13584,8,7,16603.75,5,5,5,Champions
C13585,143,1,1843.4,2,1,1,Hibernating
C13586,13,7,16947.0,5,5,5,Champions
C13587,28,3,9285.5,4,3,3,Loyal Customers
C13588,31,2,15548.6,4,2,5,Potential Loyalists
C13589,69,5,22537.85,3,5,5,Loyal Customers
C13590,237,1,3129.2999999999997,1,1,1,Hibernating
C13591,154,2,4748.2,2,2,2,Hibernating
C13592,7,4,4622.25,5,4,2,Loyal Customers
C13593,171,2,5476.099999999999,1,2,2,Hibernating
C13594,12,7,12339.2,5,5,4,Champions
C13595,53,4,4961.95,4,4,2,Loyal Customers
C13597,43,2,7342.4,4,2,3,Potential Loyalists
C13598,36,8,16158.25,4,5,5,Champions
C13599,2,5,21060.9,5,5,5,Champions
C13601,74,3,9603.8,3,3,3,Loyal Customers
C13602,15,2,6974.4,5,2,3,Potential Loyalists
C13603,266,2,9222.8,1,2,3,Hibernating
C13604,271,2,4875.2,1,2,2,Hibernating
C13605,118,2,7511.75,2,2,3,Hibernating
C13606,212,1,7904.0,1,1,3,Hibernating
C13607,211,1,3694.0,1,1,1,Hibernating
C13608,39,3,3771.5499999999997,4,3,1,Loyal Customers
C13609,119,3,3236.95,2,3,1,At Risk
C13610,126,2,6463.9,2,2,2,Hibernating
C13611,32,2,1751.3,4,2,1,Potential Loyalists
C13612,115,4,4512.2,2,4,2,At Risk
C13613,114,2,12189.2,2,2,4,Hibernating
C13615,9,4,5081.55,5,4,2,Loyal Customers
C13616,8,4,15763.4,5,4,5,Champions
C13617,11,4,7539.4,5,4,3,Loyal Customers
C13618,6,4,5600.6,5,4,2,Loyal Customers
C13619,123,3,6015.6,2,3,2,At Risk
C13620,214,2,3564.5,1,2,1,Hibernating
C13621,1,5,9249.949999999999,5,5,3,Loyal Customers
C13622,64,2,9573.75,3,2,3,Hibernating
C13624,37,2,1819.8000000000002,4,2,1,Potential Loyalists
C13625,29,4,6297.549999999999,4,4,2,Loyal Customers
C13626,38,4,7134.6,4,4,3,Loyal Customers
C13627,31,4,13736.949999999999,4,4,4,Champions
C13628,8,3,4954.35,5,3,2,Loyal Customers
C13629,197,1,3801.2,1,1,1,Hibernating
C13630,30,8,25310.550000000003,4,5,5,Champions
C13631,18,5,10546.55,5,5,4,Champions
C13633,300,2,6388.8,1,2,2,Hibernating
C13634,17,4,5257.15,5,4,2,Loyal Customers
C13635,58,3,10662.35,3,3,4,Loyal Customers
C13636,55,6,10828.449999999999,3,5,4,Loyal Customers
C13637,69,4,12531.85,3,4,4,Loyal Customers
C13639,2,2,6507.85,5,2,2,Potential Loyalists
C13640,96,2,8952.6,2,2,3,Hibernating
C13641,17,4,17890.9,5,4,5,Champions
C13642,40,4,8865.8,4,4,3,Loyal Customers
C13643,4,6,23101.15,5,5,5,Champions
C13644,54,4,6147.049999999999,3,4,2,Loyal Customers
C13645,107,1,1845.9,2,1,1,Hibernating
C13646,241,1,802.0,1,1,1,Hibernating
C13647,166,4,6074.7,1,4,2,At Risk
C13648,77,2,4291.0,3,2,2,Hibernating
C13649,18,4,6867.900000000001,5,4,3,Loyal Customers
C13650,10,6,19013.0,5,5,5,Champions
C13651,29,1,458.9,4,1,1,Potential Loyalists
C13652,134,5,10215.050000000001,2,5,4,At Risk
C13653,17,6,11965.0,5,5,4,Champions
C13654,210,1,14929.2,1,1,5,Hibernating
C13655,32,4,4358.8,4,4,2,Loyal Customers
C13656,10,3,8373.2,5,3,3,Loyal Customers
C13657,96,3,6514.700000000001,2,3,2,At Risk
C13658,187,2,5720.25,1,2,2,Hibernating
C13659,152,1,3876.0,2,1,1,Hibernating
C13660,44,2,7482.9,4,2,3,Potential Loyalists
C13661,5,4,19366.35,5,4,5,Champions
C13662,72,5,8323.1,3,5,3,Loyal Customers
C13663,23,2,7724.3,5,2,3,Potential Loyalists
C13664,61,4,14856.1,3,4,5,Loyal Customers
C13665,154,1,8262.0,2,1,3,Hibernating
C13666,116,3,3900.95,2,3,1,At Risk
C13669,69,1,998.0,3,1,1,Hibernating
C13670,92,3,6168.200000000001,3,3,2,Loyal Customers
C13671,154,6,24038.35,2,5,5,At Risk
C13672,54,4,12583.8,3,4,4,Loyal Customers
C13673,199,4,8679.900000000001,1,4,3,At Risk
C13674,250,3,12345.6,1,3,4,At Risk
C13675,238,3,8118.9,1,3,3,At Risk
C13677,173,2,2855.0,1,2,1,Hibernating
C13678,266,3,9251.0,1,3,3,At Risk
C13679,45,6,19026.0,4,5,5,Champions
C13680,323,1,341.6,1,1,1,Hibernating
C13681,159,1,2464.5,2,1,1,Hibernating
C13682,133,4,13438.5,2,4,4,At Risk
C13683,127,2,10750.2,2,2,4,Hibernating
C13684,87,2,2144.25,3,2,1,Hibernating
C13685,14,1,3429.0,5,1,1,Potential Loyalists
C13686,49,2,1124.8,4,2,1,Potential Loyalists
C13687,60,5,15442.2,3,5,5,Loyal Customers
C13688,105,2,5486.6,2,2,2,Hibernating
C13689,87,4,10601.9,3,4,4,Loyal Customers
C13690,68,2,4437.95,3,2,2,Hibernating
C13691,34,3,8999.6,4,3,3,Loyal Customers
C13692,213,1,9069.75,1,1,3,Hibernating
C13693,18,8,23971.7,5,5,5,Champions
C13694,26,3,11503.599999999999,4,3,4,Loyal Customers
C13695,136,3,5601.05,2,3,2,At Risk
C13696,69,6,20911.5,3,5,5,Loyal Customers
C13697,62,1,1729.65,3,1,1,Hibernating
C13698,59,3,5429.25,3,3,2,Loyal Customers
C13699,122,7,29218.4,2,5,5,At Risk
C13700,273,2,3704.65,1,2,1,Hibernating
C13701,31,5,16306.4,4,5,5,Champions
C13702,301,2,8175.4,1,2,3,Hibernating
C13703,208,1,1068.75,1,1,1,Hibernating
C13704,126,2,10973.35,2,2,4,Hibernating
C13705,17,3,12249.4,5,3,4,Loyal Customers
C13706,48,5,20804.3,4,5,5,Champions
C13707,75,4,11930.2,3,4,4,Loyal Customers
C13708,186,4,14737.05,1,4,5,At Risk
C13709,14,5,6850.8,5,5,3,Loyal Customers
C13710,11,3,5525.65,5,3,2,Loyal Customers
C13711,36,7,12624.75,4,5,4,Champions
C13712,120,5,13978.8,2,5,4,At Risk
C13713,15,6,16100.65,5,5,5,Champions
C13714,55,5,10179.5,3,5,4,Loyal Customers
C13715,109,2,1976.3,2,2,1,Hibernating
C13716,29,2,7146.7,4,2,3,Potential Loyalists
C13717,199,1,3364.8,1,1,1,Hibernating
C13718,20,2,4800.3,5,2,2,Potential Loyalists
C13719,17,4,7632.900000000001,5,4,3,Loyal Customers
C13720,136,2,7040.25,2,2,3,Hibernating
C13723,190,3,8098.950000000001,1,3,3,At Risk
C13724,226,1,2705.3,1,1,1,Hibernating
C13725,118,2,4767.95,2,2,2,Hibernating
C13726,40,5,21116.699999999997,4,5,5,Champions
C13727,28,5,8757.1,4,5,3,Loyal Customers
C13728,37,3,14561.2,4,3,5,Loyal Customers
C13729,68,3,12716.25,3,3,4,Loyal Customers
C13730,14,6,12866.25,5,5,4,Champions
C13731,166,3,6472.2,1,3,2,At Risk
C13732,24,4,7931.249999999999,4,4,3,Loyal Customers
C13733,133,5,15415.0,2,5,5,At Risk
C13734,220,2,14793.8,1,2,5,Hibernating
C13735,23,5,22207.6,5,5,5,Champions
C13736,31,6,11713.2,4,5,4,Champions
C13737,7,7,15955.35,5,5,5,Champions
C13738,35,1,2905.5,4,1,1,Potential Loyalists
C13739,44,2,4276.0,4,2,2,Potential Loyalists
C13740,19,3,6723.0,5,3,2,Loyal Customers
C13741,65,4,8905.3,3,4,3,Loyal Customers
C13742,159,2,3172.1,2,2,1,Hibernating
C13745,113,5,14026.0,2,5,4,At Risk
C13746,168,6,10629.15,1,5,4,At Risk
C13747,138,4,9246.85,2,4,3,At Risk
C13748,349,1,1396.0,1,1,1,Hibernating
C13749,336,1,2172.0,1,1,1,Hibernating
C13750,58,5,19440.5,3,5,5,Loyal Customers
C13751,23,6,17269.45,5,5,5,Champions
C13752,4,7,15235.9,5,5,5,Champions
C13753,13,3,6730.15,5,3,2,Loyal Customers
C13754,189,2,4775.15,1,2,2,Hibernating
C13755,121,3,5889.950000000001,2,3,2,At Risk
C13756,150,2,6164.3,2,2,2,Hibernating
C13757,40,5,10499.95,4,5,4,Champions
C13759,134,2,2377.35,2,2,1,Hibernating
C13760,226,2,2835.0,1,2,1,Hibernating
C13761,86,5,8282.55,3,5,3,Loyal Customers
C13762,196,2,16023.349999999999,1,2,5,Hibernating
C13763,59,3,14514.9,3,3,5,Loyal Customers
C13765,12,5,13819.400000000001,5,5,4,Champions
C13766,336,1,2054.5,1,1,1,Hibernating
C13767,55,1,2200.0,3,1,1,Hibernating
C13768,172,2,9492.8,1,2,3,Hibernating
C13769,21,7,20340.4,5,5,5,Champions
C13770,242,2,2825.45,1,2,1,Hibernating
C13771,223,5,11147.75,1,5,4,At Risk
C13773,145,2,4008.5,2,2,1,Hibernating
C13774,156,3,3563.25,2,3,1,At Risk
C13775,42,6,13118.85,4,5,4,Champions
C13776,32,7,22526.399999999998,4,5,5,Champions
C13777,115,5,6482.2,2,5,2,At Risk
C13778,40,4,11711.4,4,4,4,Champions
C13779,3,4,5813.8,5,4,2,Loyal Customers
C13780,20,5,9584.6,5,5,3,Loyal Customers
C13781,38,3,10618.05,4,3,4,Loyal Customers
C13782,50,7,25555.899999999998,4,5,5,Champions
C13783,1,5,17116.2,5,5,5,Champions
C13784,73,4,7590.9,3,4,3,Loyal Customers
C13785,118,3,5943.75,2,3,2,At Risk
C13786,7,4,10844.6,5,4,4,Champions
C13787,181,2,8783.35,1,2,3,Hibernating
C13788,4,6,10714.6,5,5,4,Champions
C13789,11,8,18797.0,5,5,5,Champions
C13790,46,2,5761.0,4,2,2,Potential Loyalists
C13791,15,3,9018.4,5,3,3,Loyal Customers
C13792,28,4,21324.45,4,4,5,Champions
C13793,143,5,17378.899999999998,2,5,5,At Risk
C13794,19,1,1666.8,5,1,1,Potential Loyalists
C13795,53,5,9529.5,4,5,3,Loyal Customers
C13796,71,3,14826.45,3,3,5,Loyal Customers
C13797,18,2,4969.25,5,2,2,Potential Loyalists
C13798,284,3,5558.35,1,3,2,At Risk
C13799,150,5,10710.75,2,5,4,At Risk
C13800,163,7,32740.649999999998,1,5,5,At Risk
C13801,83,5,10341.4,3,5,4,Loyal Customers
C13802,29,5,14986.15,4,5,5,Champions
C13804,108,3,8544.3,2,3,3,At Risk
C13805,161,4,8097.65,1,4,3,At Risk
C13806,216,3,4255.35,1,3,2,At Risk
C13807,70,2,7665.200000000001,3,2,3,Hibernating
C13808,37,1,1611.6,4,1,1,Potential Loyalists
C13809,87,5,10005.85,3,5,4,Loyal Customers
C13810,26,5,16604.65,4,5,5,Champions
C13811,10,3,6515.3,5,3,2,Loyal Customers
C13812,92,3,6549.200000000001,3,3,2,Loyal Customers
C13813,59,2,4852.8,3,2,2,Hibernating
C13814,80,4,6722.6,3,4,2,Loyal Customers
C13815,76,10,37006.7,3,5,5,Loyal Customers
C13816,253,2,2905.8,1,2,1,Hibernating
C13817,15,1,185.4,5,1,1,Potential Loyalists
C13818,48,7,21412.2,4,5,5,Champions
C13819,7,2,6272.3,5,2,2,Potential Loyalists
C13820,54,1,2380.3,3,1,1,Hibernating
C13821,14,3,7536.849999999999,5,3,3,Loyal Customers
C13822,18,4,14601.599999999999,5,4,5,Champions
C13823,47,6,31045.550000000003,4,5,5,Champions
C13824,17,3,7782.25,5,3,3,Loyal Customers
C13825,65,4,6552.4,3,4,2,Loyal Customers
C13826,58,9,24892.5,3,5,5,Loyal Customers
C13827,25,3,4762.75,4,3,2,Loyal Customers
C13828,53,6,29332.4,4,5,5,Champions
C13829,47,4,19204.100000000002,4,4,5,Champions
C13830,77,2,2933.8,3,2,1,Hibernating
C13831,46,4,10099.300000000001,4,4,4,Champions
C13832,106,1,10181.25,2,1,4,Hibernating
C13833,168,1,1111.8,1,1,1,Hibernating
C13834,108,3,5077.2,2,3,2,At Risk
C13835,236,1,1173.75,1,1,1,Hibernating
C13836,166,2,3984.7,1,2,1,Hibernating
C13837,79,4,10355.05,3,4,4,Loyal Customers
C13838,165,2,4476.1,1,2,2,Hibernating
C13839,62,4,5233.0,3,4,2,Loyal Customers
C13840,73,2,6385.35,3,2,2,Hibernating
C13841,208,3,2201.1,1,3,1,At Risk
C13842,8,4,13839.25,5,4,4,Champions
C13843,8,5,9965.15,5,5,4,Champions
C13844,73,2,4013.7,3,2,2,Hibernating
C13845,32,3,9533.7,4,3,3,Loyal Customers
C13846,19,6,11621.0,5,5,4,Champions
C13847,11,5,7975.05,5,5,3,Loyal Customers
C13848,19,3,8072.85,5,3,3,Loyal Customers
C13849,143,3,10530.9,2,3,4,At Risk
C13850,36,6,14098.55,4,5,4,Champions
C13851,48,4,5927.35,4,4,2,Loyal Customers
C13853,340,1,1588.65,1,1,1,Hibernating
C13854,81,3,5299.5,3,3,2,Loyal Customers
C13855,9,6,15462.55,5,5,5,Champions
C13856,36,5,9365.75,4,5,3,Loyal Customers
C13857,145,5,8674.2,2,5,3,At Risk
C13858,76,1,2677.5,3,1,1,Hibernating
C13859,42,3,10145.65,4,3,4,Loyal Customers
C13860,9,5,18438.0,5,5,5,Champions
C13861,341,1,2850.0,1,1,1,Hibernating
C13862,81,2,4976.799999999999,3,2,2,Hibernating
C13863,22,7,11835.8,5,5,4,Champions
C13864,76,4,7770.150000000001,3,4,3,Loyal Customers
C13865,27,6,15032.1,4,5,5,Champions
C13866,106,4,10955.65,2,4,4,At Risk
C13867,223,2,3124.9,1,2,1,Hibernating
C13868,27,3,7605.9,4,3,3,Loyal Customers
C13869,206,2,1941.0,1,2,1,Hibernating
C13870,37,2,6561.4,4,2,2,Potential Loyalists
C13871,41,5,17450.8,4,5,5,Champions
C13872,19,2,9767.8,5,2,3,Potential Loyalists
C13873,53,4,22115.2,4,4,5,Champions
C13874,11,4,7340.55,5,4,3,Loyal Customers
C13875,77,7,16496.3,3,5,5,Loyal Customers
C13877,59,2,4192.9,3,2,2,Hibernating
C13878,187,4,17006.0,1,4,5,At Risk
C13879,252,1,2576.3999999999996,1,1,1,Hibernating
C13880,64,3,8399.65,3,3,3,Loyal Customers
C13881,144,5,6257.15,2,5,2,At Risk
C13882,271,2,1746.6,1,2,1,Hibernating
C13883,27,3,7183.6,4,3,3,Loyal Customers
C13884,29,2,3584.7999999999997,4,2,1,Potential Loyalists
C13885,103,2,5926.25,2,2,2,Hibernating
C13886,11,3,4547.85,5,3,2,Loyal Customers
C13887,128,1,3760.0,2,1,1,Hibernating
C13888,98,4,7973.25,2,4,3,At Risk
C13889,11,6,21269.1,5,5,5,Champions
C13890,7,3,12526.6,5,3,4,Loyal Customers
C13891,16,2,5385.200000000001,5,2,2,Potential Loyalists
C13892,8,2,6220.35,5,2,2,Potential Loyalists
C13893,75,3,8336.55,3,3,3,Loyal Customers
C13894,60,3,6378.2,3,3,2,Loyal Customers
C13895,133,4,12413.2,2,4,4,At Risk
C13896,34,5,9345.0,4,5,3,Loyal Customers
C13897,129,2,2650.2,2,2,1,Hibernating
C13898,302,2,5385.75,1,2,2,Hibernating
C13899,2,6,11108.8,5,5,4,Champions
C13900,31,1,1150.05,4,1,1,Potential Loyalists
C13901,87,3,12406.95,3,3,4,Loyal Customers
C13902,48,6,13178.2,4,5,4,Champions
C13903,161,2,3667.5,1,2,1,Hibernating
C13904,116,4,9494.25,2,4,3,At Risk
C13905,21,5,17416.85,5,5,5,Champions
C13906,18,1,711.0,5,1,1,Potential Loyalists
C13907,103,3,9727.85,2,3,3,At Risk
C13908,65,5,8533.1,3,5,3,Loyal Customers
C13909,52,2,4813.8,4,2,2,Potential Loyalists
C13910,5,5,15437.65,5,5,5,Champions
C13911,19,5,9845.85,5,5,4,Champions
C13912,43,6,11939.0,4,5,4,Champions
C13913,45,4,14566.25,4,4,5,Champions
C13914,50,1,1487.6,4,1,1,Potential Loyalists
C13915,23,2,3128.3,5,2,1,Potential Loyalists
C13916,4,3,3903.95,5,3,1,Loyal Customers
C13917,16,3,5024.6,5,3,2,Loyal Customers
C13918,43,5,9968.8,4,5,4,Champions
C13919,9,3,5164.85,5,3,2,Loyal Customers
C13920,71,5,9677.9,3,5,3,Loyal Customers
C13921,240,2,8571.75,1,2,3,Hibernating
C13922,264,1,3224.0,1,1,1,Hibernating
C13923,15,6,12996.7,5,5,4,Champions
C13924,124,9,35472.4,2,5,5,At Risk
C13926,80,5,14146.55,3,5,4,Loyal Customers
C13927,46,2,3328.8,4,2,1,Potential Loyalists
C13928,8,4,16576.05,5,4,5,Champions
C13929,79,4,8461.8,3,4,3,Loyal Customers
C13930,13,5,11901.25,5,5,4,Champions
C13931,15,1,3103.5,5,1,1,Potential Loyalists
C13933,18,7,28344.3,5,5,5,Champions
C13934,10,7,8748.85,5,5,3,Loyal Customers
C13935,20,5,9631.15,5,5,3,Loyal Customers
C13936,193,3,8888.8,1,3,3,At Risk
C13937,88,5,10126.05,3,5,4,Loyal Customers
C13938,116,5,23476.300000000003,2,5,5,At Risk
C13939,2,2,5064.8,5,2,2,Potential Loyalists
C13940,101,1,912.95,2,1,1,Hibernating
C13941,5,4,7417.85,5,4,3,Loyal Customers
C13942,67,5,9085.65,3,5,3,Loyal Customers
C13944,44,6,9576.1,4,5,3,Loyal Customers
C13945,68,4,14551.1,3,4,5,Loyal Customers
C13946,199,2,5272.8,1,2,2,Hibernating
C13947,61,5,12177.6,3,5,4,Loyal Customers
C13948,10,3,7011.35,5,3,3,Loyal Customers
C13949,38,6,16152.949999999999,4,5,5,Champions
C13951,92,5,10265.5,3,5,4,Loyal Customers
C13952,93,3,9755.4,3,3,3,Loyal Customers
C13953,3,3,7484.3,5,3,3,Loyal Customers
C13954,160,2,3564.3,2,2,1,Hibernating
C13955,19,3,8762.5,5,3,3,Loyal Customers
C13956,25,3,9758.6,4,3,3,Loyal Customers
C13957,65,3,9055.5,3,3,3,Loyal Customers
C13959,91,4,9472.7,3,4,3,Loyal Customers
C13960,162,1,934.5,1,1,1,Hibernating
C13961,3,9,28717.35,5,5,5,Champions
C13962,239,2,3721.2000000000003,1,2,1,Hibernating
C13963,106,3,6357.55,2,3,2,At Risk
C13964,22,3,4619.7,5,3,2,Loyal Customers
C13965,140,4,7964.7,2,4,3,At Risk
C13966,282,2,1204.6,1,2,1,Hibernating
C13967,110,5,7399.5,2,5,3,At Risk
C13968,180,2,9512.35,1,2,3,Hibernating
C13969,74,4,6448.6,3,4,2,Loyal Customers
C13970,35,8,15522.4,4,5,5,Champions
C13971,27,4,17239.8,4,4,5,Champions
C13972,30,4,7494.549999999999,4,4,3,Loyal Customers
C13973,217,3,9220.15,1,3,3,At Risk
C13974,130,5,20457.100000000002,2,5,5,At Risk
C13975,347,1,1561.5,1,1,1,Hibernating
C13976,39,7,19806.4,4,5,5,Champions
C13977,19,3,8414.0,5,3,3,Loyal Customers
C13978,73,4,7306.799999999999,3,4,3,Loyal Customers
C13979,21,4,7635.200000000001,5,4,3,Loyal Customers
C13980,104,3,21979.4,2,3,5,At Risk
C13981,159,1,795.6,2,1,1,Hibernating
C13982,76,5,7436.05,3,5,3,Loyal Customers
C13983,43,3,6083.15,4,3,2,Loyal Customers
C13984,30,2,5915.5,4,2,2,Potential Loyalists
C13985,13,1,4194.0,5,1,2,Potential Loyalists
C13986,119,4,14402.1,2,4,5,At Risk
C13987,41,3,9250.5,4,3,3,Loyal Customers
C13988,16,5,12834.3,5,5,4,Champions
C13989,137,3,11152.05,2,3,4,At Risk
C13990,7,3,13784.849999999999,5,3,4,Loyal Customers
C13991,29,1,2118.2,4,1,1,Potential Loyalists
C13992,62,5,26259.55,3,5,5,Loyal Customers
C13993,43,5,8906.75,4,5,3,Loyal Customers
C13994,124,7,21097.0,2,5,5,At Risk
C13995,134,6,11984.85,2,5,4,At Risk
C13996,43,5,18187.9,4,5,5,Champions
C13997,69,2,2179.25,3,2,1,Hibernating
C13998,305,1,549.25,1,1,1,Hibernating
C13999,58,5,8139.95,3,5,3,Loyal Customers
C14000,101,2,5499.75,2,2,2,Hibernating
C14001,71,2,5947.2,3,2,2,Hibernating
C14002,206,2,6665.1,1,2,2,Hibernating
C14003,124,2,1982.2,2,2,1,Hibernating
C14004,35,6,19739.100000000002,4,5,5,Champions
C14005,151,3,6725.25,2,3,2,At Risk
C14006,5,4,5409.0,5,4,2,Loyal Customers
C14007,14,3,6874.95,5,3,3,Loyal Customers
C14008,41,4,16546.8,4,4,5,Champions
C14009,13,5,18208.1,5,5,5,Champions
C14010,171,2,8796.8,1,2,3,Hibernating
C14011,56,3,9129.2,3,3,3,Loyal Customers
C14012,71,5,13863.75,3,5,4,Loyal Customers
C14013,47,3,14673.0,4,3,5,Loyal Customers
C14014,160,2,6213.4,2,2,2,Hibernating
C14016,173,2,1383.1,1,2,1,Hibernating
C14017,53,1,2088.45,4,1,1,Potential Loyalists
C14018,41,6,20046.05,4,5,5,Champions
C14019,11,3,16018.75,5,3,5,Loyal Customers
C14020,49,4,13326.4,4,4,4,Champions
C14021,148,2,2920.55,2,2,1,Hibernating
C14022,30,2,4069.5,4,2,2,Potential Loyalists
C14023,224,3,20586.8,1,3,5,At Risk
C14024,99,9,18154.55,2,5,5,At Risk
C14025,36,5,8109.849999999999,4,5,3,Loyal Customers
C14026,27,4,14939.949999999999,4,4,5,Champions
C14027,40,5,12504.599999999999,4,5,4,Champions
C14028,233,4,5814.4,1,4,2,At Risk
C14029,190,2,3846.45,1,2,1,Hibernating
C14030,120,5,12905.099999999999,2,5,4,At Risk
C14031,17,7,22054.8,5,5,5,Champions
C14032,130,3,7466.95,2,3,3,At Risk
C14033,43,2,5522.4,4,2,2,Potential Loyalists
C14034,5,2,3010.2,5,2,1,Potential Loyalists
C14035,113,5,18415.7,2,5,5,At Risk
C14036,27,8,29344.350000000002,4,5,5,Champions
C14037,180,2,4141.95,1,2,2,Hibernating
C14038,63,3,5030.0,3,3,2,Loyal Customers
C14039,17,4,6831.6,5,4,3,Loyal Customers
C14040,48,4,10568.900000000001,4,4,4,Champions
C14041,79,4,14055.3,3,4,4,Loyal Customers
C14042,150,5,18070.85,2,5,5,At Risk
C14043,212,4,11108.900000000001,1,4,4,At Risk
C14044,2,5,11167.65,5,5,4,Champions
C14045,73,8,16339.95,3,5,5,Loyal Customers
C14046,114,5,9014.25,2,5,3,At Risk
C14047,60,5,14912.150000000001,3,5,5,Loyal Customers
C14048,99,3,6091.45,2,3,2,At Risk
C14049,54,4,7024.85,3,4,3,Loyal Customers
C14051,327,3,14046.6,1,3,4,At Risk
C14052,42,3,8518.2,4,3,3,Loyal Customers
C14053,207,2,2522.5,1,2,1,Hibernating
C14054,102,4,5414.15,2,4,2,At Risk
C14055,157,4,9631.6,2,4,3,At Risk
C14056,18,6,7596.35,5,5,3,Loyal Customers
C14057,80,2,4473.9,3,2,2,Hibernating
C14058,173,4,7012.4,1,4,3,At Risk
C14059,33,2,4298.75,4,2,2,Potential Loyalists
C14060,101,2,5372.1,2,2,2,Hibernating
C14061,73,7,12120.2,3,5,4,Loyal Customers
C14062,22,2,6152.1,5,2,2,Potential Loyalists
C14063,133,1,2130.0,2,1,1,Hibernating
C14064,31,4,14055.05,4,4,4,Champions
C14065,54,2,2553.5,3,2,1,Hibernating
C14066,42,4,22673.55,4,4,5,Champions
C14067,34,2,6188.0,4,2,2,Potential Loyalists
C14068,32,2,3512.2,4,2,1,Potential Loyalists
C14069,2,3,11079.8,5,3,4,Loyal Customers
C14070,241,1,204.75,1,1,1,Hibernating
C14071,31,4,9550.6,4,4,3,Loyal Customers
C14072,13,3,6133.65,5,3,2,Loyal Customers
C14073,8,5,6543.75,5,5,2,Loyal Customers
C14074,108,1,1023.0,2,1,1,Hibernating
C14075,85,5,10369.05,3,5,4,Loyal Customers
C14076,101,2,8005.3,2,2,3,Hibernating
C14077,61,4,11327.1,3,4,4,Loyal Customers
C14078,211,5,13864.65,1,5,4,At Risk
C14079,32,5,10200.25,4,5,4,Champions
C14080,115,5,9483.95,2,5,3,At Risk
C14081,6,7,14300.3,5,5,5,Champions
C14082,52,3,5788.05,4,3,2,Loyal Customers
C14083,19,3,7404.6,5,3,3,Loyal Customers
C14084,52,4,9117.35,4,4,3,Loyal Customers
C14085,72,4,11919.7,3,4,4,Loyal Customers
C14086,311,1,1157.4,1,1,1,Hibernating
C14087,65,1,578.7,3,1,1,Hibernating
C14088,350,1,2854.6,1,1,1,Hibernating
C14089,48,3,10824.6,4,3,4,Loyal Customers
C14090,108,2,4843.85,2,2,2,Hibernating
C14091,177,4,9586.45,1,4,3,At Risk
C14092,75,3,4313.1,3,3,2,Loyal Customers
C14093,27,3,8677.55,4,3,3,Loyal Customers
C14094,76,4,3870.65,3,4,1,Loyal Customers
C14095,93,4,8317.3,3,4,3,Loyal Customers
C14096,51,7,34914.1,4,5,5,Champions
C14098,112,3,6678.0,2,3,2,At Risk
C14099,177,4,9779.05,1,4,3,At Risk
C14100,6,2,4190.799999999999,5,2,2,Potential Loyalists
C14101,54,6,12859.55,3,5,4,Loyal Customers
C14102,126,2,3060.1000000000004,2,2,1,Hibernating
C14103,31,6,7861.85,4,5,3,Loyal Customers
C14104,35,5,9763.3,4,5,3,Loyal Customers
C14105,2,4,8031.15,5,4,3,Loyal Customers
C14106,138,4,6370.3,2,4,2,At Risk
C14107,4,3,4760.35,5,3,2,Loyal Customers
C14108,349,1,968.5,1,1,1,Hibernating
C14109,10,4,4071.15,5,4,2,Loyal Customers
C14110,118,2,3168.8,2,2,1,Hibernating
C14111,43,2,832.8,4,2,1,Potential Loyalists
C14112,19,4,8250.05,5,4,3,Loyal Customers
C14113,48,3,10394.2,4,3,4,Loyal Customers
C14114,64,4,12353.1,3,4,4,Loyal Customers
C14115,7,2,12062.399999999998,5,2,4,Potential Loyalists
C14116,101,4,5780.450000000001,2,4,2,At Risk
C14117,174,2,3959.8999999999996,1,2,1,Hibernating
C14118,75,3,9425.2,3,3,3,Loyal Customers
C14119,152,3,5767.05,2,3,2,At Risk
C14120,64,4,11661.25,3,4,4,Loyal Customers
C14121,47,3,3564.95,4,3,1,Loyal Customers
C14122,36,3,5964.6,4,3,2,Loyal Customers
C14123,192,1,756.8,1,1,1,Hibernating
C14124,54,6,15567.75,3,5,5,Loyal Customers
C14126,163,1,1957.5,1,1,1,Hibernating
C14127,297,1,769.6,1,1,1,Hibernating
C14128,157,2,4083.6,2,2,2,Hibernating
C14129,119,4,8823.85,2,4,3,At Risk
C14130,8,4,10233.3,5,4,4,Champions
C14131,160,6,13452.9,2,5,4,At Risk
C14132,13,3,7864.05,5,3,3,Loyal Customers
C14133,160,3,10129.85,2,3,4,At Risk
C14134,17,1,2716.0,5,1,1,Potential Loyalists
C14135,81,6,12769.2,3,5,4,Loyal Customers
C14137,67,4,10931.05,3,4,4,Loyal Customers
C14138,151,3,8485.1,2,3,3,At Risk
C14139,47,6,17256.05,4,5,5,Champions
C14140,131,5,7092.5,2,5,3,At Risk
C14141,130,3,5634.1,2,3,2,At Risk
C14142,22,5,9209.4,5,5,3,Loyal Customers
C14143,96,4,17804.300000000003,2,4,5,At Risk
C14144,65,4,19065.7,3,4,5,Loyal Customers
C14145,286,1,1557.9,1,1,1,Hibernating
C14146,75,4,6611.549999999999,3,4,2,Loyal Customers
C14147,26,4,16574.0,4,4,5,Champions
C14148,6,5,8322.2,5,5,3,Loyal Customers
C14149,54,2,1748.3,3,2,1,Hibernating
C14150,317,1,2288.0,1,1,1,Hibernating
C14151,260,1,704.7,1,1,1,Hibernating
C14152,119,2,5458.1,2,2,2,Hibernating
C14153,338,1,1693.2,1,1,1,Hibernating
C14154,242,2,2553.65,1,2,1,Hibernating
C14155,92,2,4551.4,3,2,2,Hibernating
C14156,8,5,8263.4,5,5,3,Loyal Customers
C14157,38,5,17115.05,4,5,5,Champions
C14158,125,4,10887.45,2,4,4,At Risk
C14159,83,3,15651.800000000001,3,3,5,Loyal Customers
C14160,85,5,9675.75,3,5,3,Loyal Customers
C14161,113,3,8654.4,2,3,3,At Risk
C14162,6,3,9277.8,5,3,3,Loyal Customers
C14163,30,3,14299.4,4,3,5,Loyal Customers
C14164,131,2,4218.7,2,2,2,Hibernating
C14165,61,2,9946.8,3,2,4,Hibernating
C14166,46,6,12133.25,4,5,4,Champions
C14167,4,1,1993.6,5,1,1,Potential Loyalists
C14168,123,7,26122.7,2,5,5,At Risk
C14169,33,2,8917.099999999999,4,2,3,Potential Loyalists
C14170,223,1,1447.2,1,1,1,Hibernating
C14171,55,7,18796.55,3,5,5,Loyal Customers
C14172,98,2,1090.0,2,2,1,Hibernating
C14173,70,3,11899.0,3,3,4,Loyal Customers
C14174,45,4,23186.05,4,4,5,Champions
C14175,27,6,9695.2,4,5,3,Loyal Customers
C14176,26,4,18928.6,4,4,5,Champions
C14177,182,6,14805.900000000001,1,5,5,At Risk
C14178,362,1,1788.0,1,1,1,Hibernating
C14179,6,2,8206.5,5,2,3,Potential Loyalists
C14180,245,1,3211.0,1,1,1,Hibernating
C14181,11,2,1701.9,5,2,1,Potential Loyalists
C14182,109,4,10071.85,2,4,4,At Risk
C14183,2,4,9365.05,5,4,3,Loyal Customers
C14184,64,4,9082.25,3,4,3,Loyal Customers
C14185,45,3,5172.8,4,3,2,Loyal Customers
C14186,109,3,9354.15,2,3,3,At Risk
C14187,201,1,2369.4,1,1,1,Hibernating
C14188,41,4,11842.45,4,4,4,Champions
C14189,203,1,3326.4,1,1,1,Hibernating
C14190,102,4,16362.25,2,4,5,At Risk
C14191,80,5,14403.0,3,5,5,Loyal Customers
C14192,185,1,710.4,1,1,1,Hibernating
C14193,44,7,19297.2,4,5,5,Champions
C14194,39,3,12113.0,4,3,4,Loyal Customers
C14195,21,4,9255.85,5,4,3,Loyal Customers
C14196,50,2,5444.1,4,2,2,Potential Loyalists
C14197,199,1,4125.8,1,1,2,Hibernating
C14198,39,1,693.7,4,1,1,Potential Loyalists
C14199,222,3,5211.049999999999,1,3,2,At Risk
C14200,144,4,6111.85,2,4,2,At Risk
C14201,79,2,5112.0,3,2,2,Hibernating
C14202,3,3,5277.5,5,3,2,Loyal Customers
C14203,32,1,1416.0,4,1,1,Potential Loyalists
C14204,39,6,16552.6,4,5,5,Champions
C14205,152,5,20414.1,2,5,5,At Risk
C14206,11,4,6573.65,5,4,2,Loyal Customers
C14207,237,1,2644.6,1,1,1,Hibernating
C14208,57,4,11532.85,3,4,4,Loyal Customers
C14209,120,2,6264.2,2,2,2,Hibernating
C14210,153,2,3717.3,2,2,1,Hibernating
C14211,46,4,9821.5,4,4,3,Loyal Customers
C14212,63,7,19153.55,3,5,5,Loyal Customers
C14213,17,2,5676.7,5,2,2,Potential Loyalists
C14214,54,5,15649.5,3,5,5,Loyal Customers
C14215,6,6,11590.65,5,5,4,Champions
C14216,282,4,14017.499999999998,1,4,4,At Risk
C14217,32,5,18168.5,4,5,5,Champions
C14218,1,2,4595.15,5,2,2,Potential Loyalists
C14219,98,1,1245.0,2,1,1,Hibernating
C14220,43,5,7456.3,4,5,3,Loyal Customers
C14221,52,3,16623.95,4,3,5,Loyal Customers
C14222,263,2,5632.05,1,2,2,Hibernating
C14223,87,2,4437.6,3,2,2,Hibernating
C14224,24,8,26008.95,4,5,5,Champions
C14225,39,8,19998.15,4,5,5,Champions
C14226,82,4,13110.2,3,4,4,Loyal Customers
C14227,111,4,4528.5,2,4,2,At Risk
C14228,44,3,12116.05,4,3,4,Loyal Customers
C14229,16,4,14765.05,5,4,5,Champions
C14230,1,6,17341.25,5,5,5,Champions
C14231,109,4,14986.95,2,4,5,At Risk
C14232,10,7,18694.85,5,5,5,Champions
C14233,53,7,22179.800000000003,4,5,5,Champions
C14234,308,2,4174.55,1,2,2,Hibernating
C14235,2,2,2058.4,5,2,1,Potential Loyalists
C14236,109,4,17462.3,2,4,5,At Risk
C14237,114,3,8265.8,2,3,3,At Risk
C14238,218,2,2261.75,1,2,1,Hibernating
C14239,75,3,4104.0,3,3,2,Loyal Customers
C14240,123,4,8917.6,2,4,3,At Risk
C14241,32,4,7265.8,4,4,3,Loyal Customers
C14242,97,1,2884.8,2,1,1,Hibernating
C14243,200,1,2604.0,1,1,1,Hibernating
C14244,74,2,4263.75,3,2,2,Hibernating
C14245,84,6,15430.85,3,5,5,Loyal Customers
C14246,75,4,10539.75,3,4,4,Loyal Customers
C14247,103,5,8664.75,2,5,3,At Risk
C14248,246,4,8218.7,1,4,3,At Risk
C14249,150,2,5057.2,2,2,2,Hibernating
C14250,155,2,8500.8,2,2,3,Hibernating
C14251,139,8,20939.45,2,5,5,At Risk
C14252,163,1,1392.95,1,1,1,Hibernating
C14253,224,3,21634.9,1,3,5,At Risk
C14254,32,2,9552.5,4,2,3,Potential Loyalists
C14255,265,1,1851.55,1,1,1,Hibernating
C14256,32,5,18794.35,4,5,5,Champions
C14257,174,3,8230.9,1,3,3,At Risk
C14258,235,3,4791.4,1,3,2,At Risk
C14259,2,3,4837.75,5,3,2,Loyal Customers
C14260,94,6,16793.7,3,5,5,Loyal Customers
C14261,13,3,3183.5,5,3,1,Loyal Customers
C14262,64,3,5904.8,3,3,2,Loyal Customers
C14263,83,3,6226.4,3,3,2,Loyal Customers
C14264,85,2,14182.55,3,2,4,Hibernating
C14265,176,3,13633.9,1,3,4,At Risk
C14266,241,1,865.5,1,1,1,Hibernating
C14267,210,3,6335.0,1,3,2,At Risk
C14268,204,2,5677.1,1,2,2,Hibernating
C14269,175,2,6038.2,1,2,2,Hibernating
C14270,95,3,4091.7,2,3,2,At Risk
C14271,327,1,2412.8,1,1,1,Hibernating
C14272,103,2,2632.6,2,2,1,Hibernating
C14273,43,3,8305.2,4,3,3,Loyal Customers
C14274,8,3,17344.4,5,3,5,Loyal Customers
C14275,36,3,6221.35,4,3,2,Loyal Customers
C14276,100,3,3231.45,2,3,1,At Risk
C14277,75,2,7303.200000000001,3,2,3,Hibernating
C14278,15,6,11055.1,5,5,4,Champions
C14279,5,4,9968.55,5,4,4,Champions
C14280,12,5,15710.699999999999,5,5,5,Champions
C14281,138,6,11079.0,2,5,4,At Risk
C14282,37,4,7775.65,4,4,3,Loyal Customers
C14283,117,3,4855.55,2,3,2,At Risk
C14284,51,3,3336.45,4,3,1,Loyal Customers
C14285,142,4,10918.65,2,4,4,At Risk
C14286,3,1,2654.4,5,1,1,Potential Loyalists
C14287,123,3,6350.8,2,3,2,At Risk
C14288,127,5,24925.100000000002,2,5,5,At Risk
C14289,101,1,3711.75,2,1,1,Hibernating
C14290,78,4,19939.75,3,4,5,Loyal Customers
C14291,228,3,5104.0,1,3,2,At Risk
C14292,134,4,8673.3,2,4,3,At Risk
C14293,94,5,13758.099999999999,3,5,4,Loyal Customers
C14294,14,4,7533.35,5,4,3,Loyal Customers
C14295,25,6,12280.25,4,5,4,Champions
C14296,134,2,7133.0,2,2,3,Hibernating
C14297,290,4,10887.75,1,4,4,At Risk
C14298,164,3,4146.5,1,3,2,At Risk
C14299,154,3,5728.65,2,3,2,At Risk
C14300,148,4,18370.1,2,4,5,At Risk
C14301,257,2,3539.1,1,2,1,Hibernating
C14302,24,5,12885.800000000001,4,5,4,Champions
C14303,50,3,12485.0,4,3,4,Loyal Customers
C14304,180,7,19559.5,1,5,5,At Risk
C14305,314,1,2186.5,1,1,1,Hibernating
C14306,40,1,2186.6,4,1,1,Potential Loyalists
C14307,198,3,9160.6,1,3,3,At Risk
C14308,161,2,3973.8,1,2,1,Hibernating
C14309,27,5,18170.0,4,5,5,Champions
C14310,146,5,10855.35,2,5,4,At Risk
C14311,18,5,16803.95,5,5,5,Champions
C14312,162,3,9417.45,1,3,3,At Risk
C14313,11,3,7436.0,5,3,3,Loyal Customers
C14314,65,1,3260.6,3,1,1,Hibernating
C14315,61,6,23358.05,3,5,5,Loyal Customers
C14316,48,2,16130.8,4,2,5,Potential Loyalists
C14317,63,4,13069.55,3,4,4,Loyal Customers
C14318,24,5,15270.65,4,5,5,Champions
C14319,221,5,15825.2,1,5,5,At Risk
C14320,14,4,11789.45,5,4,4,Champions
C14321,44,3,7729.35,4,3,3,Loyal Customers
C14322,76,3,9054.0,3,3,3,Loyal Customers
C14323,195,1,4031.1,1,1,2,Hibernating
C14324,98,5,24800.4,2,5,5,At Risk
C14325,81,1,2169.5,3,1,1,Hibernating
C14326,126,2,5385.6,2,2,2,Hibernating
C14327,274,2,5273.0,1,2,2,Hibernating
C14328,23,2,4362.4,5,2,2,Potential Loyalists
C14331,28,3,10113.9,4,3,4,Loyal Customers
C14332,88,4,14904.15,3,4,5,Loyal Customers
C14333,82,2,8448.15,3,2,3,Hibernating
C14334,40,5,14927.7,4,5,5,Champions
C14335,56,4,11601.55,3,4,4,Loyal Customers
C14336,27,2,6074.2,4,2,2,Potential Loyalists
C14337,21,5,8924.75,5,5,3,Loyal Customers
C14338,88,3,3535.8999999999996,3,3,1,Loyal Customers
C14339,39,3,6738.1,4,3,2,Loyal Customers
C14340,11,4,6539.25,5,4,2,Loyal Customers
C14341,2,2,4874.6,5,2,2,Potential Loyalists
C14343,60,4,5417.5,3,4,2,Loyal Customers
C14344,164,1,2425.35,1,1,1,Hibernating
C14345,6,4,13202.05,5,4,4,Champions
C14346,58,2,8281.4,3,2,3,Hibernating
C14347,61,2,6252.1,3,2,2,Hibernating
C14348,70,7,18899.9,3,5,5,Loyal Customers
C14349,30,3,13185.5,4,3,4,Loyal Customers
C14350,33,4,12208.3,4,4,4,Champions
C14351,143,4,12918.1,2,4,4,At Risk
C14352,127,2,5465.2,2,2,2,Hibernating
C14353,204,2,4233.2,1,2,2,Hibernating
C14354,17,5,8171.7,5,5,3,Loyal Customers
C14355,56,3,17014.65,3,3,5,Loyal Customers
C14356,39,4,10210.1,4,4,4,Champions
C14357,86,2,8024.5,3,2,3,Hibernating
C14358,202,3,8480.45,1,3,3,At Risk
C14359,82,5,13740.4,3,5,4,Loyal Customers
C14360,5,6,13005.8,5,5,4,Champions
C14361,221,2,9513.25,1,2,3,Hibernating
C14362,49,4,19682.3,4,4,5,Champions
C14364,123,5,15103.6,2,5,5,At Risk
C14365,6,5,17701.1,5,5,5,Champions
C14366,233,4,3281.8999999999996,1,4,1,At Risk
C14367,120,2,2495.7,2,2,1,Hibernating
C14368,196,1,340.0,1,1,1,Hibernating
C14369,57,4,10839.75,3,4,4,Loyal Customers
C14370,234,2,5476.5,1,2,2,Hibernating
C14371,49,5,8729.5,4,5,3,Loyal Customers
C14372,55,5,26297.4,3,5,5,Loyal Customers
C14373,34,2,3050.25,4,2,1,Potential Loyalists
C14374,237,2,8315.3,1,2,3,Hibernating
C14375,68,3,4679.5,3,3,2,Loyal Customers
C14376,227,2,3949.4,1,2,1,Hibernating
C14377,3,4,8965.5,5,4,3,Loyal Customers
C14378,3,4,9943.3,5,4,4,Champions
C14379,80,2,2439.5,3,2,1,Hibernating
C14380,115,4,7405.0,2,4,3,At Risk
C14381,174,1,5360.1,1,1,2,Hibernating
C14382,327,1,4366.7,1,1,2,Hibernating
C14383,59,1,1820.0,3,1,1,Hibernating
C14384,153,5,6746.0,2,5,2,At Risk
C14385,62,4,25539.949999999997,3,4,5,Loyal Customers
C14386,162,3,4845.7,1,3,2,At Risk
C14387,26,7,17577.65,4,5,5,Champions
C14388,4,6,19809.6,5,5,5,Champions
C14389,140,2,3664.3,2,2,1,Hibernating
C14390,64,1,1184.0,3,1,1,Hibernating
C14391,83,6,27598.25,3,5,5,Loyal Customers
C14392,126,6,15883.8,2,5,5,At Risk
C14393,42,3,4918.9,4,3,2,Loyal Customers
C14394,18,3,6872.25,5,3,3,Loyal Customers
C14395,113,1,2863.7,2,1,1,Hibernating
C14396,5,6,15736.5,5,5,5,Champions
C14397,20,5,18141.45,5,5,5,Champions
C14398,6,6,15915.1,5,5,5,Champions
C14399,106,3,12297.6,2,3,4,At Risk
C14400,25,5,13471.65,4,5,4,Champions
C14401,6,7,31541.15,5,5,5,Champions
C14402,150,2,5172.4,2,2,2,Hibernating
C14403,213,2,7666.2,1,2,3,Hibernating
C14404,358,1,2736.0,1,1,1,Hibernating
C14405,36,3,8934.7,4,3,3,Loyal Customers
C14406,9,3,14412.75,5,3,5,Loyal Customers
C14407,179,2,11320.0,1,2,4,Hibernating
C14408,120,6,9402.6,2,5,3,At Risk
C14409,19,9,20589.75,5,5,5,Champions
C14410,39,4,12552.6,4,4,4,Champions
C14411,7,2,5015.5,5,2,2,Potential Loyalists
C14412,80,5,21498.6,3,5,5,Loyal Customers
C14413,173,3,5084.450000000001,1,3,2,At Risk
C14414,27,3,9791.05,4,3,3,Loyal Customers
C14415,38,6,21040.75,4,5,5,Champions
C14416,165,6,18832.35,1,5,5,At Risk
C14417,46,2,5259.2,4,2,2,Potential Loyalists
C14418,3,3,6412.9,5,3,2,Loyal Customers
C14419,336,1,625.5,1,1,1,Hibernating
C14420,91,5,13428.6,3,5,4,Loyal Customers
C14422,12,5,17952.75,5,5,5,Champions
C14423,75,5,16228.0,3,5,5,Loyal Customers
C14424,22,5,9219.9,5,5,3,Loyal Customers
C14425,1,3,7029.6,5,3,3,Loyal Customers
C14426,36,3,5082.0,4,3,2,Loyal Customers
C14427,51,1,3895.2,4,1,1,Potential Loyalists
C14428,7,7,20893.7,5,5,5,Champions
C14429,29,2,2518.6,4,2,1,Potential Loyalists
C14430,30,2,7619.9,4,2,3,Potential Loyalists
C14431,246,1,2968.8,1,1,1,Hibernating
C14432,164,7,12983.35,1,5,4,At Risk
C14433,144,6,24917.45,2,5,5,At Risk
C14434,168,3,4594.3,1,3,2,At Risk
C14436,20,3,7955.75,5,3,3,Loyal Customers
C14437,59,2,1752.4,3,2,1,Hibernating
C14438,264,3,8313.35,1,3,3,At Risk
C14439,16,3,7302.299999999999,5,3,3,Loyal Customers
C14440,42,5,9921.05,4,5,4,Champions
C14441,118,4,8121.6,2,4,3,At Risk
C14442,170,4,6384.150000000001,1,4,2,At Risk
C14443,17,3,9177.5,5,3,3,Loyal Customers
C14444,166,4,2806.95,1,4,1,At Risk
C14445,160,2,11469.199999999999,2,2,4,Hibernating
C14446,165,3,3917.1499999999996,1,3,1,At Risk
C14447,43,1,6218.8,4,1,2,Potential Loyalists
C14448,11,4,5423.75,5,4,2,Loyal Customers
C14449,48,6,20744.2,4,5,5,Champions
C14450,63,2,5215.0,3,2,2,Hibernating
C14451,160,2,5309.9,2,2,2,Hibernating
C14452,38,5,13826.6,4,5,4,Champions
C14453,145,4,9898.1,2,4,4,At Risk
C14454,80,4,13401.95,3,4,4,Loyal Customers
C14455,203,4,6116.4,1,4,2,At Risk
C14456,211,1,3160.0,1,1,1,Hibernating
C14457,86,2,5456.6,3,2,2,Hibernating
C14458,111,4,7099.4,2,4,3,At Risk
C14459,248,6,10592.9,1,5,4,At Risk
C14460,24,5,9628.2,4,5,3,Loyal Customers
C14461,180,1,4725.0,1,1,2,Hibernating
C14462,50,2,6376.25,4,2,2,Potential Loyalists
C14463,124,1,1710.5,2,1,1,Hibernating
C14464,21,3,10858.5,5,3,4,Loyal Customers
C14465,22,10,40082.0,5,5,5,Champions
C14466,46,6,7295.45,4,5,3,Loyal Customers
C14467,32,6,17280.0,4,5,5,Champions
C14468,88,2,6820.200000000001,3,2,3,Hibernating
C14469,46,4,13747.8,4,4,4,Champions
C14470,300,1,891.8,1,1,1,Hibernating
C14471,139,4,6159.950000000001,2,4,2,At Risk
C14472,158,4,13121.7,2,4,4,At Risk
C14473,271,2,1715.4,1,2,1,Hibernating
C14474,274,1,989.5,1,1,1,Hibernating
C14475,330,1,2717.0,1,1,1,Hibernating
C14476,237,1,682.5,1,1,1,Hibernating
C14477,154,2,9759.2,2,2,3,Hibernating
C14478,105,3,2028.0,2,3,1,At Risk
C14479,229,3,2400.6,1,3,1,At Risk
C14480,85,1,423.0,3,1,1,Hibernating
C14481,2,9,23470.45,5,5,5,Champions
C14482,139,3,5502.1,2,3,2,At Risk
C14483,339,1,2615.35,1,1,1,Hibernating
C14484,250,2,6198.0,1,2,2,Hibernating
C14485,6,4,14136.05,5,4,4,Champions
C14486,189,5,14121.8,1,5,4,At Risk
C14487,180,3,15081.7,1,3,5,At Risk
C14488,359,1,847.5,1,1,1,Hibernating
C14489,100,5,13207.1,2,5,4,At Risk
C14490,17,5,12329.3,5,5,4,Champions
C14491,54,1,2824.8,3,1,1,Hibernating
C14492,58,6,15721.599999999999,3,5,5,Loyal Customers
C14493,12,4,11280.699999999999,5,4,4,Champions
C14494,107,5,9507.4,2,5,3,At Risk
C14495,21,5,7423.3,5,5,3,Loyal Customers
C14496,229,1,1515.5,1,1,1,Hibernating
C14497,55,5,11130.75,3,5,4,Loyal Customers
C14498,261,1,11114.400000000001,1,1,4,Hibernating
C14499,293,2,3988.4,1,2,1,Hibernating
C14500,74,2,4335.65,3,2,2,Hibernating
C14501,29,3,6353.05,4,3,2,Loyal Customers
C14502,37,7,15531.15,4,5,5,Champions
C14503,158,5,12656.4,2,5,4,At Risk
C14504,268,2,4843.7,1,2,2,Hibernating
C14505,15,8,23187.350000000002,5,5,5,Champions
C14506,22,3,5491.5,5,3,2,Loyal Customers
C14507,128,4,5799.5,2,4,2,At Risk
C14508,68,5,11382.3,3,5,4,Loyal Customers
C14509,291,1,3144.0,1,1,1,Hibernating
C14510,327,1,1311.8,1,1,1,Hibernating
C14511,257,2,2730.5,1,2,1,Hibernating
C14512,152,5,5666.5,2,5,2,At Risk
C14513,92,6,14528.3,3,5,5,Loyal Customers
C14514,89,4,15144.9,3,4,5,Loyal Customers
C14515,45,8,23444.45,4,5,5,Champions
C14516,199,5,17269.35,1,5,5,At Risk
C14517,23,6,19075.300000000003,5,5,5,Champions
C14518,78,3,16266.9,3,3,5,Loyal Customers
C14519,48,4,11090.800000000001,4,4,4,Champions
C14520,264,1,2724.75,1,1,1,Hibernating
C14521,8,1,755.0,5,1,1,Potential Loyalists
C14522,16,5,9630.35,5,5,3,Loyal Customers
C14523,65,5,11646.05,3,5,4,Loyal Customers
C14524,163,1,1620.0,1,1,1,Hibernating
C14525,76,6,16015.75,3,5,5,Loyal Customers
C14526,24,3,13771.0,4,3,4,Loyal Customers
C14527,107,3,5110.700000000001,2,3,2,At Risk
C14528,205,2,6396.55,1,2,2,Hibernating
C14529,95,4,9498.15,2,4,3,At Risk
C14530,11,3,7617.4,5,3,3,Loyal Customers
C14531,9,5,9359.15,5,5,3,Loyal Customers
C14532,154,2,5741.75,2,2,2,Hibernating
C14533,45,3,12807.6,4,3,4,Loyal Customers
C14534,319,2,2571.1,1,2,1,Hibernating
C14535,40,6,30840.7,4,5,5,Champions
C14536,33,4,14535.95,4,4,5,Champions
C14537,8,2,2801.8999999999996,5,2,1,Potential Loyalists
C14538,55,5,18215.45,3,5,5,Loyal Customers
C14539,55,6,23693.0,3,5,5,Loyal Customers
C14540,27,3,4165.2,4,3,2,Loyal Customers
C14541,145,6,20184.15,2,5,5,At Risk
C14542,183,5,14701.5,1,5,5,At Risk
C14543,78,5,15654.75,3,5,5,Loyal Customers
C14544,128,3,5332.55,2,3,2,At Risk
C14545,83,5,17344.699999999997,3,5,5,Loyal Customers
C14546,86,1,2872.8,3,1,1,Hibernating
C14547,46,6,20760.6,4,5,5,Champions
C14548,31,3,5054.7,4,3,2,Loyal Customers
C14549,52,4,4676.5,4,4,2,Loyal Customers
C14550,10,4,13431.849999999999,5,4,4,Champions
C14551,107,1,4231.3,2,1,2,Hibernating
C14552,262,1,371.7,1,1,1,Hibernating
C14553,250,2,7525.8,1,2,3,Hibernating
C14554,108,10,24219.850000000002,2,5,5,At Risk
C14556,36,4,5569.3,4,4,2,Loyal Customers
C14557,186,4,17241.4,1,4,5,At Risk
C14558,47,4,19871.6,4,4,5,Champions
C14559,155,4,15064.0,2,4,5,At Risk
C14560,17,4,15279.8,5,4,5,Champions
C14561,35,9,20803.7,4,5,5,Champions
C14562,110,2,5177.95,2,2,2,Hibernating
C14563,226,5,15254.6,1,5,5,At Risk
C14564,228,2,6861.200000000001,1,2,3,Hibernating
C14565,158,1,3315.0,2,1,1,Hibernating
C14566,290,2,5152.0,1,2,2,Hibernating
C14568,15,3,8297.0,5,3,3,Loyal Customers
C14569,42,3,8072.3,4,3,3,Loyal Customers
C14570,7,2,2933.65,5,2,1,Potential Loyalists
C14571,91,4,19212.75,3,4,5,Loyal Customers
C14572,31,4,11262.900000000001,4,4,4,Champions
C14573,199,2,2407.3,1,2,1,Hibernating
C14574,78,2,4231.8,3,2,2,Hibernating
C14575,269,1,3570.0,1,1,1,Hibernating
C14576,47,3,4888.4,4,3,2,Loyal Customers
C14577,45,3,5743.6,4,3,2,Loyal Customers
C14578,11,5,14235.2,5,5,4,Champions
C14579,91,4,14289.7,3,4,5,Loyal Customers
C14580,81,2,7878.400000000001,3,2,3,Hibernating
C14581,107,4,11194.9,2,4,4,At Risk
C14582,71,2,7840.75,3,2,3,Hibernating
C14583,182,3,16048.8,1,3,5,At Risk
C14584,72,6,22174.45,3,5,5,Loyal Customers
C14585,109,2,9599.9,2,2,3,Hibernating
C14586,22,3,8430.85,5,3,3,Loyal Customers
C14587,270,3,9269.2,1,3,3,At Risk
C14589,15,6,12193.2,5,5,4,Champions
C14590,96,1,3723.75,2,1,1,Hibernating
C14592,55,2,4498.4,3,2,2,Hibernating
C14593,4,2,1321.55,5,2,1,Potential Loyalists
C14594,209,2,6550.75,1,2,2,Hibernating
C14595,3,6,18851.45,5,5,5,Champions
C14596,89,6,16168.3,3,5,5,Loyal Customers
C14597,45,4,6783.599999999999,4,4,2,Loyal Customers
C14598,203,3,7627.950000000001,1,3,3,At Risk
C14599,36,4,16376.95,4,4,5,Champions
C14600,258,2,4179.3,1,2,2,Hibernating
C14601,68,6,13627.95,3,5,4,Loyal Customers
C14602,6,3,2930.65,5,3,1,Loyal Customers
C14603,345,1,2814.85,1,1,1,Hibernating
C14604,233,1,2550.0,1,1,1,Hibernating
C14605,129,5,20293.35,2,5,5,At Risk
C14606,291,3,9974.0,1,3,4,At Risk
C14607,58,2,13143.4,3,2,4,Hibernating
C14608,88,2,10141.35,3,2,4,Hibernating
C14609,2,1,3920.8,5,1,1,Potential Loyalists
C14610,11,4,7639.95,5,4,3,Loyal Customers
C14611,253,1,1218.7,1,1,1,Hibernating
C14612,158,2,3750.85,2,2,1,Hibernating
C14613,87,4,8967.95,3,4,3,Loyal Customers
C14614,80,6,18556.6,3,5,5,Loyal Customers
C14615,52,2,3745.4,4,2,1,Potential Loyalists
C14616,93,2,5018.85,3,2,2,Hibernating
C14617,168,6,15060.25,1,5,5,At Risk
C14618,104,5,12237.7,2,5,4,At Risk
C14619,60,3,7563.0,3,3,3,Loyal Customers
C14620,334,1,3171.7,1,1,1,Hibernating
C14621,61,1,9405.0,3,1,3,Hibernating
C14622,2,3,5045.35,5,3,2,Loyal Customers
C14623,191,2,7799.599999999999,1,2,3,Hibernating
C14624,200,3,6162.25,1,3,2,At Risk
C14625,65,3,14774.400000000001,3,3,5,Loyal Customers
C14626,46,3,5743.85,4,3,2,Loyal Customers
C14627,43,5,22518.45,4,5,5,Champions
C14628,16,4,7618.5,5,4,3,Loyal Customers
C14629,271,2,4472.1,1,2,2,Hibernating
C14630,43,4,9821.05,4,4,3,Loyal Customers
C14631,6,4,7697.1,5,4,3,Loyal Customers
C14632,26,3,9734.75,4,3,3,Loyal Customers
C14633,294,1,2458.4,1,1,1,Hibernating
C14634,26,6,9961.1,4,5,4,Champions
C14635,1,7,8660.55,5,5,3,Loyal Customers
C14636,42,4,3889.7,4,4,1,Loyal Customers
C14637,45,5,20810.3,4,5,5,Champions
C14638,212,1,2149.0,1,1,1,Hibernating
C14639,140,4,6735.15,2,4,2,At Risk
C14640,47,2,7774.2,4,2,3,Potential Loyalists
C14642,67,7,14170.95,3,5,4,Loyal Customers
C14643,186,3,4840.75,1,3,2,At Risk
C14644,105,4,7322.7,2,4,3,At Risk
C14645,88,2,2109.25,3,2,1,Hibernating
C14647,115,4,9147.4,2,4,3,At Risk
C14648,174,5,9837.2,1,5,3,At Risk
C14649,93,4,19597.7,3,4,5,Loyal Customers
C14650,268,2,2414.25,1,2,1,Hibernating
C14651,15,5,10035.6,5,5,4,Champions
C14652,111,2,4135.4,2,2,2,Hibernating
C14653,29,2,2520.75,4,2,1,Potential Loyalists
C14654,32,3,5865.599999999999,4,3,2,Loyal Customers
C14655,4,4,6838.85,5,4,3,Loyal Customers
C14656,90,4,9890.0,3,4,4,Loyal Customers
C14657,226,1,1266.4,1,1,1,Hibernating
C14658,100,3,4873.85,2,3,2,At Risk
C14659,230,4,8227.8,1,4,3,At Risk
C14660,8,4,20580.7,5,4,5,Champions
C14661,139,1,720.3,2,1,1,Hibernating
C14663,12,4,7348.35,5,4,3,Loyal Customers
C14664,13,1,4790.6,5,1,2,Potential Loyalists
C14666,204,4,14189.8,1,4,4,At Risk
C14667,74,3,3946.95,3,3,1,Loyal Customers
C14668,3,3,5046.9,5,3,2,Loyal Customers
C14669,109,6,16142.150000000001,2,5,5,At Risk
C14670,149,2,11680.65,2,2,4,Hibernating
C14671,24,4,10750.7,4,4,4,Champions
C14672,335,1,6390.0,1,1,2,Hibernating
C14673,92,2,5590.6,3,2,2,Hibernating
C14674,71,2,4991.4,3,2,2,Hibernating
C14675,45,5,13801.45,4,5,4,Champions
C14676,9,3,7108.35,5,3,3,Loyal Customers
C14677,9,6,15612.95,5,5,5,Champions
C14678,211,4,12832.9,1,4,4,At Risk
C14679,20,3,3856.5,5,3,1,Loyal Customers
C14680,116,5,9625.75,2,5,3,At Risk
C14681,81,5,9895.15,3,5,4,Loyal Customers
C14682,31,4,8294.15,4,4,3,Loyal Customers
C14683,153,5,12466.599999999999,2,5,4,At Risk
C14684,63,7,16932.4,3,5,5,Loyal Customers
C14685,28,4,14075.5,4,4,4,Champions
C14686,204,2,3031.0,1,2,1,Hibernating
C14687,34,4,14019.25,4,4,4,Champions
C14688,262,3,3349.5,1,3,1,At Risk
C14689,3,6,15833.75,5,5,5,Champions
C14690,1,7,21485.25,5,5,5,Champions
C14691,67,6,10795.4,3,5,4,Loyal Customers
C14693,299,1,1780.0,1,1,1,Hibernating
C14694,59,4,4505.8,3,4,2,Loyal Customers
C14695,53,9,13578.65,4,5,4,Champions
C14696,214,3,6203.05,1,3,2,At Risk
C14697,59,4,9884.75,3,4,4,Loyal Customers
C14698,43,8,28223.75,4,5,5,Champions
C14699,304,2,4619.85,1,2,2,Hibernating
C14700,103,6,16857.05,2,5,5,At Risk
C14701,12,2,5749.200000000001,5,2,2,Potential Loyalists
C14702,255,1,10754.8,1,1,4,Hibernating
C14703,62,4,5226.3,3,4,2,Loyal Customers
C14704,24,5,6989.799999999999,4,5,3,Loyal Customers
C14705,131,1,2235.0,2,1,1,Hibernating
C14707,73,3,3483.25,3,3,1,Loyal Customers
C14708,266,2,5569.45,1,2,2,Hibernating
C14710,113,2,6158.35,2,2,2,Hibernating
C14711,92,3,9096.0,3,3,3,Loyal Customers
C14712,62,7,13120.55,3,5,4,Loyal Customers
C14713,203,3,14847.2,1,3,5,At Risk
C14714,36,6,10059.25,4,5,4,Champions
C14715,97,4,10378.050000000001,2,4,4,At Risk
C14716,188,2,7551.75,1,2,3,Hibernating
C14717,140,4,8601.55,2,4,3,At Risk
C14718,193,4,9870.55,1,4,4,At Risk
C14719,126,2,6265.35,2,2,2,Hibernating
C14720,8,6,18850.65,5,5,5,Champions
C14721,37,6,17447.5,4,5,5,Champions
C14723,69,4,6814.299999999999,3,4,3,Loyal Customers
C14724,147,2,7340.65,2,2,3,Hibernating
C14725,120,5,26059.65,2,5,5,At Risk
C14726,25,3,9908.3,4,3,4,Loyal Customers
C14727,235,2,6919.4,1,2,3,Hibernating
C14728,55,6,10772.35,3,5,4,Loyal Customers
C14729,228,1,5996.8,1,1,2,Hibernating
C14730,5,4,6260.35,5,4,2,Loyal Customers
C14731,123,2,4369.3,2,2,2,Hibernating
C14732,134,2,4340.45,2,2,2,Hibernating
C14733,55,2,1518.25,3,2,1,Hibernating
C14734,153,3,4449.3,2,3,2,At Risk
C14735,43,4,7961.35,4,4,3,Loyal Customers
C14736,10,5,11263.2,5,5,4,Champions
C14737,215,3,6133.9,1,3,2,At Risk
C14739,188,2,944.85,1,2,1,Hibernating
C14740,46,3,4076.7,4,3,2,Loyal Customers
C14741,76,2,5039.9,3,2,2,Hibernating
C14742,257,2,4697.65,1,2,2,Hibernating
C14743,165,1,12355.2,1,1,4,Hibernating
C14744,162,5,25412.05,1,5,5,At Risk
C14745,83,4,34928.25,3,4,5,Loyal Customers
C14746,33,3,9630.6,4,3,3,Loyal Customers
C14747,356,1,6323.2,1,1,2,Hibernating
C14748,101,2,1353.9,2,2,1,Hibernating
C14749,46,1,5836.8,4,1,2,Potential Loyalists
C14750,55,5,21725.25,3,5,5,Loyal Customers
C14751,32,1,1887.6,4,1,1,Potential Loyalists
C14752,99,4,13826.599999999999,2,4,4,At Risk
C14753,54,3,7672.35,3,3,3,Loyal Customers
C14754,16,2,7021.85,5,2,3,Potential Loyalists
C14755,108,2,2231.35,2,2,1,Hibernating
C14756,48,5,16385.05,4,5,5,Champions
C14757,51,1,806.4,4,1,1,Potential Loyalists
C14758,68,6,18677.25,3,5,5,Loyal Customers
C14759,44,7,15957.25,4,5,5,Champions
C14760,23,3,10683.6,5,3,4,Loyal Customers
C14761,156,2,2250.1,2,2,1,Hibernating
C14762,320,1,2295.85,1,1,1,Hibernating
C14763,14,3,11968.2,5,3,4,Loyal Customers
C14764,96,5,30361.05,2,5,5,At Risk
C14765,281,2,3681.3,1,2,1,Hibernating
C14766,227,1,7053.3,1,1,3,Hibernating
C14767,83,5,9626.2,3,5,3,Loyal Customers
C14768,10,5,11739.05,5,5,4,Champions
C14769,42,5,21894.800000000003,4,5,5,Champions
C14770,29,9,19744.149999999998,4,5,5,Champions
C14771,102,4,5064.75,2,4,2,At Risk
C14772,30,3,4164.55,4,3,2,Loyal Customers
C14773,70,5,18135.7,3,5,5,Loyal Customers
C14774,148,5,9223.3,2,5,3,At Risk
C14775,293,2,2425.15,1,2,1,Hibernating
C14776,50,2,1388.5500000000002,4,2,1,Potential Loyalists
C14777,16,3,7985.9,5,3,3,Loyal Customers
C14778,56,4,6421.7,3,4,2,Loyal Customers
C14779,223,2,6377.1,1,2,2,Hibernating
C14780,119,2,7528.95,2,2,3,Hibernating
C14781,153,3,6681.1,2,3,2,At Risk
C14782,97,3,14394.0,2,3,5,At Risk
C14783,144,3,11840.0,2,3,4,At Risk
C14784,47,3,5308.95,4,3,2,Loyal Customers
C14785,10,7,12930.05,5,5,4,Champions
C14786,14,2,4887.9,5,2,2,Potential Loyalists
C14787,266,3,7562.1,1,3,3,At Risk
C14788,3,3,11225.1,5,3,4,Loyal Customers
C14789,42,3,4974.8,4,3,2,Loyal Customers
C14790,148,1,2174.9,2,1,1,Hibernating
C14791,251,3,9255.2,1,3,3,At Risk
C14792,13,2,4366.799999999999,5,2,2,Potential Loyalists
C14793,2,4,8409.35,5,4,3,Loyal Customers
C14794,192,2,4957.2,1,2,2,Hibernating
C14795,302,1,2069.1,1,1,1,Hibernating
C14796,134,2,13092.0,2,2,4,Hibernating
C14797,52,3,4162.6,4,3,2,Loyal Customers
C14798,313,1,1275.0,1,1,1,Hibernating
C14799,51,5,22926.8,4,5,5,Champions
C14800,171,3,6040.25,1,3,2,At Risk
C14801,31,5,18902.7,4,5,5,Champions
C14802,113,4,9823.2,2,4,3,At Risk
C14803,32,3,10688.85,4,3,4,Loyal Customers
C14804,61,6,21664.7,3,5,5,Loyal Customers
C14805,94,3,6225.7,3,3,2,Loyal Customers
C14806,37,2,5238.4,4,2,2,Potential Loyalists
C14807,11,3,3459.6,5,3,1,Loyal Customers
C14808,5,6,18817.9,5,5,5,Champions
C14809,2,4,11117.0,5,4,4,Champions
C14810,164,3,6092.9,1,3,2,At Risk
C14811,5,6,26429.6,5,5,5,Champions
C14812,165,2,2577.4,1,2,1,Hibernating
C14813,34,4,15442.4,4,4,5,Champions
C14814,53,6,14960.099999999999,4,5,5,Champions
C14815,85,3,3539.9,3,3,1,Loyal Customers
C14816,193,2,3697.9,1,2,1,Hibernating
C14817,3,4,15709.000000000002,5,4,5,Champions
C14818,199,3,7623.15,1,3,3,At Risk
C14819,117,4,10087.95,2,4,4,At Risk
C14820,56,4,8715.2,3,4,3,Loyal Customers
C14821,9,7,27237.5,5,5,5,Champions
C14822,45,3,13805.9,4,3,4,Loyal Customers
C14823,109,6,22957.550000000003,2,5,5,At Risk
C14824,56,1,2863.8,3,1,1,Hibernating
C14825,75,2,1730.4,3,2,1,Hibernating
C14826,287,3,7812.75,1,3,3,At Risk
C14827,7,3,8856.1,5,3,3,Loyal Customers
C14828,40,4,12259.0,4,4,4,Champions
C14830,338,2,9906.7,1,2,4,Hibernating
C14831,321,1,3020.4,1,1,1,Hibernating
C14832,93,4,18219.300000000003,3,4,5,Loyal Customers
C14833,334,2,5532.5,1,2,2,Hibernating
C14834,11,2,5688.5,5,2,2,Potential Loyalists
C14835,47,2,3066.7,4,2,1,Potential Loyalists
C14836,80,2,6874.7,3,2,3,Hibernating
C14837,80,4,10895.900000000001,3,4,4,Loyal Customers
C14838,30,2,6738.75,4,2,2,Potential Loyalists
C14839,99,3,9770.05,2,3,3,At Risk
C14840,60,2,1617.5500000000002,3,2,1,Hibernating
C14841,15,3,7409.9,5,3,3,Loyal Customers
C14842,336,1,3328.0,1,1,1,Hibernating
C14844,14,5,7405.35,5,5,3,Loyal Customers
C14845,64,5,14792.35,3,5,5,Loyal Customers
C14846,17,7,21745.8,5,5,5,Champions
C14847,44,3,26944.3,4,3,5,Loyal Customers
C14848,78,4,7317.35,3,4,3,Loyal Customers
C14849,160,1,1771.5,2,1,1,Hibernating
C14850,74,3,5436.099999999999,3,3,2,Loyal Customers
C14851,3,7,16922.1,5,5,5,Champions
C14852,76,3,10534.0,3,3,4,Loyal Customers
C14853,83,5,8463.6,3,5,3,Loyal Customers
C14854,34,6,25097.4,4,5,5,Champions
C14855,205,3,8399.75,1,3,3,At Risk
C14856,31,4,7153.25,4,4,3,Loyal Customers
C14857,121,3,6331.950000000001,2,3,2,At Risk
C14858,3,6,20593.1,5,5,5,Champions
C14859,73,4,11432.05,3,4,4,Loyal Customers
C14860,152,3,6129.0,2,3,2,At Risk
C14861,44,1,319.5,4,1,1,Potential Loyalists
C14862,1,4,8851.8,5,4,3,Loyal Customers
C14863,123,4,11911.05,2,4,4,At Risk
C14864,123,5,5583.55,2,5,2,At Risk
C14865,81,3,2470.2,3,3,1,Loyal Customers
C14866,69,3,5213.95,3,3,2,Loyal Customers
C14867,78,5,14886.699999999999,3,5,5,Loyal Customers
C14868,58,7,17933.85,3,5,5,Loyal Customers
C14869,51,6,11448.6,4,5,4,Champions
C14870,126,2,7055.8,2,2,3,Hibernating
C14871,18,5,15943.449999999999,5,5,5,Champions
C14872,43,4,6729.65,4,4,2,Loyal Customers
C14873,62,5,11001.65,3,5,4,Loyal Customers
C14875,70,3,9286.2,3,3,3,Loyal Customers
C14876,159,2,5329.4,2,2,2,Hibernating
C14877,64,7,20844.7,3,5,5,Loyal Customers
C14878,169,2,5076.25,1,2,2,Hibernating
C14879,117,3,16418.6,2,3,5,At Risk
C14880,60,5,13947.7,3,5,4,Loyal Customers
C14881,253,2,6022.8,1,2,2,Hibernating
C14882,15,3,11600.4,5,3,4,Loyal Customers
C14883,19,5,14370.6,5,5,5,Champions
C14884,83,8,17670.05,3,5,5,Loyal Customers
C14885,235,2,11039.5,1,2,4,Hibernating
C14886,168,5,8220.699999999999,1,5,3,At Risk
C14887,97,6,20361.5,2,5,5,At Risk
C14888,15,5,12523.9,5,5,4,Champions
C14889,126,3,5928.8,2,3,2,At Risk
C14890,5,6,27629.4,5,5,5,Champions
C14891,118,5,17810.7,2,5,5,At Risk
C14893,47,7,19860.15,4,5,5,Champions
C14894,4,2,11401.3,5,2,4,Potential Loyalists
C14895,170,2,3460.3,1,2,1,Hibernating
C14896,20,4,23538.1,5,4,5,Champions
C14897,243,3,5898.1,1,3,2,At Risk
C14898,151,2,2041.9,2,2,1,Hibernating
C14899,35,3,6871.05,4,3,3,Loyal Customers
C14900,59,2,3842.9,3,2,1,Hibernating
C14901,158,5,11743.2,2,5,4,At Risk
C14902,1,5,16048.25,5,5,5,Champions
C14903,87,6,16968.6,3,5,5,Loyal Customers
C14904,84,5,10733.9,3,5,4,Loyal Customers
C14905,67,4,14549.65,3,4,5,Loyal Customers
C14906,111,2,5328.099999999999,2,2,2,Hibernating
C14907,140,3,14200.45,2,3,4,At Risk
C14908,227,3,13244.999999999998,1,3,4,At Risk
C14909,111,3,4935.05,2,3,2,At Risk
C14910,181,5,23175.6,1,5,5,At Risk
C14911,232,3,10423.7,1,3,4,At Risk
C14912,50,4,10971.6,4,4,4,Champions
C14913,262,1,2958.9,1,1,1,Hibernating
C14914,5,4,7830.8,5,4,3,Loyal Customers
C14915,113,2,4763.25,2,2,2,Hibernating
C14916,54,3,19686.95,3,3,5,Loyal Customers
C14917,5,3,7863.400000000001,5,3,3,Loyal Customers
C14918,67,2,6271.75,3,2,2,Hibernating
C14919,19,7,14672.8,5,5,5,Champions
C14920,221,1,657.0,1,1,1,Hibernating
C14921,50,3,4164.3,4,3,2,Loyal Customers
C14922,360,1,10329.75,1,1,4,Hibernating
C14923,1,7,9624.3,5,5,3,Loyal Customers
C14924,58,3,7863.5,3,3,3,Loyal Customers
C14925,233,1,3862.8,1,1,1,Hibernating
C14926,248,2,4451.45,1,2,2,Hibernating
C14927,156,2,2350.05,2,2,1,Hibernating
C14928,62,2,4433.2,3,2,2,Hibernating
C14929,152,3,6266.0,2,3,2,At Risk
C14930,91,5,18198.100000000002,3,5,5,Loyal Customers
C14931,220,2,1425.15,1,2,1,Hibernating
C14932,44,3,10725.2,4,3,4,Loyal Customers
C14933,2,3,1763.85,5,3,1,Loyal Customers
C14934,180,6,8454.4,1,5,3,At Risk
C14935,25,5,13457.8,4,5,4,Champions
C14936,42,7,15603.3,4,5,5,Champions
C14937,21,5,11292.15,5,5,4,Champions
C14938,61,4,13812.55,3,4,4,Loyal Customers
C14939,143,3,9055.6,2,3,3,At Risk
C14940,158,6,15848.3,2,5,5,At Risk
C14941,70,3,4264.8,3,3,2,Loyal Customers
C14942,215,2,9077.25,1,2,3,Hibernating
C14943,145,4,2513.1,2,4,1,At Risk
C14944,183,5,8202.55,1,5,3,At Risk
C14945,156,3,10166.85,2,3,4,At Risk
C14946,85,3,6715.2,3,3,2,Loyal Customers
C14947,160,3,4847.25,2,3,2,At Risk
C14948,9,4,14299.7,5,4,5,Champions
C14949,84,4,15400.1,3,4,5,Loyal Customers
C14950,127,3,7449.45,2,3,3,At Risk
C14951,4,3,8691.5,5,3,3,Loyal Customers
C14952,122,7,24826.7,2,5,5,At Risk
C14953,90,3,6801.0,3,3,3,Loyal Customers
C14954,9,6,16490.5,5,5,5,Champions
C14955,290,1,3825.6,1,1,1,Hibernating
C14956,84,6,14979.65,3,5,5,Loyal Customers
C14957,127,2,8779.8,2,2,3,Hibernating
C14958,58,3,5883.45,3,3,2,Loyal Customers
C14959,96,4,20330.199999999997,2,4,5,At Risk
C14960,73,2,3494.2,3,2,1,Hibernating
C14961,22,4,11759.3,5,4,4,Champions
C14962,343,3,10939.75,1,3,4,At Risk
C14963,33,4,6776.5,4,4,2,Loyal Customers
C14964,175,7,18657.0,1,5,5,At Risk
C14965,158,5,10110.25,2,5,4,At Risk
C14966,66,5,15474.35,3,5,5,Loyal Customers
C14967,23,7,27677.8,5,5,5,Champions
C14968,4,2,4720.75,5,2,2,Potential Loyalists
C14969,307,2,6531.1,1,2,2,Hibernating
C14970,10,2,7392.85,5,2,3,Potential Loyalists
C14971,199,1,703.3,1,1,1,Hibernating
C14972,36,4,22251.399999999998,4,4,5,Champions
C14973,105,5,10620.85,2,5,4,At Risk
C14974,45,4,7418.7,4,4,3,Loyal Customers
C14975,297,2,3571.85,1,2,1,Hibernating
C14976,39,2,3199.7,4,2,1,Potential Loyalists
C14977,53,3,3930.3,4,3,1,Loyal Customers
C14978,140,4,13318.6,2,4,4,At Risk
C14980,3,4,5577.549999999999,5,4,2,Loyal Customers
C14981,35,4,19145.85,4,4,5,Champions
C14982,55,5,11989.900000000001,3,5,4,Loyal Customers
C14983,9,4,17347.95,5,4,5,Champions
C14984,271,1,2696.4,1,1,1,Hibernating
C14985,115,2,5000.55,2,2,2,Hibernating
C14986,3,4,11646.35,5,4,4,Champions
C14987,35,5,9931.15,4,5,4,Champions
C14988,127,2,3077.9,2,2,1,Hibernating
C14989,13,5,9348.0,5,5,3,Loyal Customers
C14990,48,2,3220.2,4,2,1,Potential Loyalists
C14991,204,2,7366.7,1,2,3,Hibernating
C14992,47,4,6331.15,4,4,2,Loyal Customers
C14993,74,8,21655.05,3,5,5,Loyal Customers
C14994,276,1,1864.8000000000002,1,1,1,Hibernating
C14995,46,1,571.2,4,1,1,Potential Loyalists
C14996,127,7,26553.100000000002,2,5,5,At Risk
C14997,11,2,6061.3,5,2,2,Potential Loyalists
C14998,79,5,11893.7,3,5,4,Loyal Customers
C14999,58,3,7055.4,3,3,3,Loyal Customers
C15000,15,7,15164.599999999999,5,5,5,Champions
